{
  "backlog": {
    "path": "/home/art/.no-mistakes/worktrees/9f75ec418609/01M4CK3M44RTV3MR0ZCWQ01TRK/.contribution-live-jc987gsl/data/backlog.md",
    "present": true,
    "records": [
      {
        "unresolved_blocker_ids": [],
        "blocked_by": null,
        "local_note": null,
        "reported": null,
        "body_lines": [],
        "current_role": "queued",
        "kind": "ship",
        "checked": false,
        "hold_kind": null,
        "structured": true,
        "order": 1,
        "merged": null,
        "hold_age_days": null,
        "hold_until": null,
        "hold_bucket": null,
        "links": [
          "https://github.com/example/repo/pull/1"
        ],
        "captain_actionable": false,
        "completion": {
          "date": null,
          "verb": null
        },
        "hold_set": null,
        "repo": "sample",
        "pr_url": "https://github.com/example/repo/pull/1",
        "requires_child_metadata": false,
        "done": null,
        "hold_reason": null,
        "title": "Contribution café 0",
        "since": null,
        "blocked_reason": null,
        "blocked_by_ids": [],
        "report_path": null,
        "id": "task-0000",
        "state": "queued",
        "priority": null,
        "body_excerpt": null,
        "raw": "- [ ] task-0000 - Contribution café 0 https://github.com/example/repo/pull/1 (repo: sample) (kind: ship)"
      },
      {
        "hold_age_days": null,
        "hold_until": null,
        "hold_bucket": null,
        "links": [
          "https://github.com/example/repo/pull/2"
        ],
        "unresolved_blocker_ids": [],
        "blocked_by": null,
        "reported": null,
        "local_note": null,
        "body_lines": [],
        "current_role": "queued",
        "kind": "ship",
        "checked": false,
        "structured": true,
        "hold_kind": null,
        "order": 2,
        "merged": null,
        "blocked_by_ids": [],
        "blocked_reason": null,
        "report_path": null,
        "id": "task-0001",
        "state": "queued",
        "priority": null,
        "body_excerpt": null,
        "raw": "- [ ] task-0001 - Contribution café 1 https://github.com/example/repo/pull/2 (repo: sample) (kind: ship)",
        "completion": {
          "date": null,
          "verb": null
        },
        "captain_actionable": false,
        "hold_set": null,
        "repo": "sample",
        "pr_url": "https://github.com/example/repo/pull/2",
        "requires_child_metadata": false,
        "done": null,
        "hold_reason": null,
        "title": "Contribution café 1",
        "since": null
      },
      {
        "state": "queued",
        "priority": null,
        "report_path": null,
        "blocked_by_ids": [],
        "blocked_reason": null,
        "id": "task-0002",
        "body_excerpt": null,
        "raw": "- [ ] task-0002 - Contribution café 2 https://github.com/example/repo/pull/3 (repo: sample) (kind: ship)",
        "pr_url": "https://github.com/example/repo/pull/3",
        "requires_child_metadata": false,
        "repo": "sample",
        "captain_actionable": false,
        "hold_set": null,
        "completion": {
          "date": null,
          "verb": null
        },
        "done": null,
        "hold_reason": null,
        "title": "Contribution café 2",
        "since": null,
        "hold_until": null,
        "hold_bucket": null,
        "hold_age_days": null,
        "links": [
          "https://github.com/example/repo/pull/3"
        ],
        "unresolved_blocker_ids": [],
        "blocked_by": null,
        "local_note": null,
        "reported": null,
        "merged": null,
        "order": 3,
        "structured": true,
        "hold_kind": null,
        "body_lines": [],
        "checked": false,
        "current_role": "queued",
        "kind": "ship"
      },
      {
        "hold_age_days": null,
        "hold_bucket": null,
        "hold_until": null,
        "links": [
          "https://github.com/example/repo/pull/4"
        ],
        "reported": null,
        "local_note": null,
        "blocked_by": null,
        "unresolved_blocker_ids": [],
        "checked": false,
        "current_role": "queued",
        "kind": "ship",
        "body_lines": [],
        "merged": null,
        "structured": true,
        "order": 4,
        "hold_kind": null,
        "id": "task-0003",
        "report_path": null,
        "blocked_reason": null,
        "blocked_by_ids": [],
        "priority": null,
        "state": "queued",
        "raw": "- [ ] task-0003 - Contribution café 3 https://github.com/example/repo/pull/4 (repo: sample) (kind: ship)",
        "body_excerpt": null,
        "repo": "sample",
        "captain_actionable": false,
        "hold_set": null,
        "completion": {
          "verb": null,
          "date": null
        },
        "requires_child_metadata": false,
        "pr_url": "https://github.com/example/repo/pull/4",
        "title": "Contribution café 3",
        "since": null,
        "done": null,
        "hold_reason": null
      },
      {
        "links": [
          "https://github.com/example/repo/pull/5"
        ],
        "hold_age_days": null,
        "hold_until": null,
        "hold_bucket": null,
        "body_lines": [],
        "checked": false,
        "kind": "ship",
        "current_role": "queued",
        "merged": null,
        "order": 5,
        "hold_kind": null,
        "structured": true,
        "unresolved_blocker_ids": [],
        "blocked_by": null,
        "local_note": null,
        "reported": null,
        "body_excerpt": null,
        "raw": "- [ ] task-0004 - Contribution café 4 https://github.com/example/repo/pull/5 (repo: sample) (kind: ship)",
        "report_path": null,
        "blocked_reason": null,
        "blocked_by_ids": [],
        "id": "task-0004",
        "state": "queued",
        "priority": null,
        "done": null,
        "hold_reason": null,
        "title": "Contribution café 4",
        "since": null,
        "repo": "sample",
        "completion": {
          "date": null,
          "verb": null
        },
        "captain_actionable": false,
        "hold_set": null,
        "pr_url": "https://github.com/example/repo/pull/5",
        "requires_child_metadata": false
      },
      {
        "hold_kind": null,
        "order": 6,
        "structured": true,
        "merged": null,
        "current_role": "queued",
        "kind": "ship",
        "checked": false,
        "body_lines": [],
        "local_note": null,
        "reported": null,
        "blocked_by": null,
        "unresolved_blocker_ids": [],
        "links": [
          "https://github.com/example/repo/pull/6"
        ],
        "hold_bucket": null,
        "hold_until": null,
        "hold_age_days": null,
        "title": "Contribution café 5",
        "since": null,
        "done": null,
        "hold_reason": null,
        "requires_child_metadata": false,
        "pr_url": "https://github.com/example/repo/pull/6",
        "completion": {
          "verb": null,
          "date": null
        },
        "captain_actionable": false,
        "hold_set": null,
        "repo": "sample",
        "raw": "- [ ] task-0005 - Contribution café 5 https://github.com/example/repo/pull/6 (repo: sample) (kind: ship)",
        "body_excerpt": null,
        "priority": null,
        "state": "queued",
        "id": "task-0005",
        "blocked_by_ids": [],
        "blocked_reason": null,
        "report_path": null
      },
      {
        "done": null,
        "hold_reason": null,
        "title": "Contribution café 6",
        "since": null,
        "pr_url": "https://github.com/example/repo/pull/7",
        "requires_child_metadata": false,
        "repo": "sample",
        "captain_actionable": false,
        "completion": {
          "verb": null,
          "date": null
        },
        "hold_set": null,
        "body_excerpt": null,
        "raw": "- [ ] task-0006 - Contribution café 6 https://github.com/example/repo/pull/7 (repo: sample) (kind: ship)",
        "state": "queued",
        "priority": null,
        "report_path": null,
        "blocked_reason": null,
        "blocked_by_ids": [],
        "id": "task-0006",
        "merged": null,
        "hold_kind": null,
        "structured": true,
        "order": 7,
        "body_lines": [],
        "checked": false,
        "kind": "ship",
        "current_role": "queued",
        "blocked_by": null,
        "unresolved_blocker_ids": [],
        "local_note": null,
        "reported": null,
        "links": [
          "https://github.com/example/repo/pull/7"
        ],
        "hold_until": null,
        "hold_bucket": null,
        "hold_age_days": null
      },
      {
        "merged": null,
        "structured": true,
        "order": 8,
        "hold_kind": null,
        "checked": false,
        "current_role": "queued",
        "kind": "ship",
        "body_lines": [],
        "local_note": null,
        "reported": null,
        "blocked_by": null,
        "unresolved_blocker_ids": [],
        "links": [
          "https://github.com/example/repo/pull/8"
        ],
        "hold_bucket": null,
        "hold_until": null,
        "hold_age_days": null,
        "title": "Contribution café 7",
        "since": null,
        "done": null,
        "hold_reason": null,
        "requires_child_metadata": false,
        "pr_url": "https://github.com/example/repo/pull/8",
        "repo": "sample",
        "completion": {
          "date": null,
          "verb": null
        },
        "captain_actionable": false,
        "hold_set": null,
        "raw": "- [ ] task-0007 - Contribution café 7 https://github.com/example/repo/pull/8 (repo: sample) (kind: ship)",
        "body_excerpt": null,
        "priority": null,
        "state": "queued",
        "id": "task-0007",
        "report_path": null,
        "blocked_reason": null,
        "blocked_by_ids": []
      },
      {
        "links": [
          "https://github.com/example/repo/pull/9"
        ],
        "hold_until": null,
        "hold_bucket": null,
        "hold_age_days": null,
        "order": 9,
        "structured": true,
        "hold_kind": null,
        "merged": null,
        "body_lines": [],
        "current_role": "queued",
        "kind": "ship",
        "checked": false,
        "blocked_by": null,
        "unresolved_blocker_ids": [],
        "reported": null,
        "local_note": null,
        "body_excerpt": null,
        "raw": "- [ ] task-0008 - Contribution café 8 https://github.com/example/repo/pull/9 (repo: sample) (kind: ship)",
        "state": "queued",
        "priority": null,
        "blocked_reason": null,
        "blocked_by_ids": [],
        "report_path": null,
        "id": "task-0008",
        "done": null,
        "hold_reason": null,
        "title": "Contribution café 8",
        "since": null,
        "pr_url": "https://github.com/example/repo/pull/9",
        "requires_child_metadata": false,
        "hold_set": null,
        "captain_actionable": false,
        "completion": {
          "verb": null,
          "date": null
        },
        "repo": "sample"
      },
      {
        "links": [
          "https://github.com/example/repo/pull/10"
        ],
        "hold_bucket": null,
        "hold_until": null,
        "hold_age_days": null,
        "order": 10,
        "structured": true,
        "hold_kind": null,
        "merged": null,
        "kind": "ship",
        "current_role": "queued",
        "checked": false,
        "body_lines": [],
        "local_note": null,
        "reported": null,
        "blocked_by": null,
        "unresolved_blocker_ids": [],
        "raw": "- [ ] task-0009 - Contribution café 9 https://github.com/example/repo/pull/10 (repo: sample) (kind: ship)",
        "body_excerpt": null,
        "priority": null,
        "state": "queued",
        "id": "task-0009",
        "blocked_reason": null,
        "blocked_by_ids": [],
        "report_path": null,
        "since": null,
        "title": "Contribution café 9",
        "done": null,
        "hold_reason": null,
        "requires_child_metadata": false,
        "pr_url": "https://github.com/example/repo/pull/10",
        "hold_set": null,
        "captain_actionable": false,
        "completion": {
          "verb": null,
          "date": null
        },
        "repo": "sample"
      },
      {
        "id": "task-0010",
        "blocked_reason": null,
        "blocked_by_ids": [],
        "report_path": null,
        "priority": null,
        "state": "queued",
        "raw": "- [ ] task-0010 - Contribution café 10 https://github.com/example/repo/pull/11 (repo: sample) (kind: ship)",
        "body_excerpt": null,
        "captain_actionable": false,
        "hold_set": null,
        "completion": {
          "date": null,
          "verb": null
        },
        "repo": "sample",
        "requires_child_metadata": false,
        "pr_url": "https://github.com/example/repo/pull/11",
        "title": "Contribution café 10",
        "since": null,
        "done": null,
        "hold_reason": null,
        "hold_age_days": null,
        "hold_bucket": null,
        "hold_until": null,
        "links": [
          "https://github.com/example/repo/pull/11"
        ],
        "reported": null,
        "local_note": null,
        "unresolved_blocker_ids": [],
        "blocked_by": null,
        "kind": "ship",
        "current_role": "queued",
        "checked": false,
        "body_lines": [],
        "order": 11,
        "hold_kind": null,
        "structured": true,
        "merged": null
      },
      {
        "merged": null,
        "order": 12,
        "structured": true,
        "hold_kind": null,
        "checked": false,
        "kind": "ship",
        "current_role": "queued",
        "body_lines": [],
        "reported": null,
        "local_note": null,
        "unresolved_blocker_ids": [],
        "blocked_by": null,
        "links": [
          "https://github.com/example/repo/pull/12"
        ],
        "hold_bucket": null,
        "hold_until": null,
        "hold_age_days": null,
        "since": null,
        "title": "Contribution café 11",
        "done": null,
        "hold_reason": null,
        "requires_child_metadata": false,
        "pr_url": "https://github.com/example/repo/pull/12",
        "repo": "sample",
        "completion": {
          "verb": null,
          "date": null
        },
        "captain_actionable": false,
        "hold_set": null,
        "raw": "- [ ] task-0011 - Contribution café 11 https://github.com/example/repo/pull/12 (repo: sample) (kind: ship)",
        "body_excerpt": null,
        "priority": null,
        "state": "queued",
        "id": "task-0011",
        "report_path": null,
        "blocked_reason": null,
        "blocked_by_ids": []
      },
      {
        "pr_url": "https://github.com/example/repo/pull/13",
        "requires_child_metadata": false,
        "hold_set": null,
        "captain_actionable": false,
        "completion": {
          "date": null,
          "verb": null
        },
        "repo": "sample",
        "done": null,
        "hold_reason": null,
        "title": "Contribution café 12",
        "since": null,
        "state": "queued",
        "priority": null,
        "blocked_by_ids": [],
        "blocked_reason": null,
        "report_path": null,
        "id": "task-0012",
        "body_excerpt": null,
        "raw": "- [ ] task-0012 - Contribution café 12 https://github.com/example/repo/pull/13 (repo: sample) (kind: ship)",
        "unresolved_blocker_ids": [],
        "blocked_by": null,
        "reported": null,
        "local_note": null,
        "hold_kind": null,
        "order": 13,
        "structured": true,
        "merged": null,
        "body_lines": [],
        "kind": "ship",
        "current_role": "queued",
        "checked": false,
        "hold_until": null,
        "hold_bucket": null,
        "hold_age_days": null,
        "links": [
          "https://github.com/example/repo/pull/13"
        ]
      },
      {
        "captain_actionable": false,
        "completion": {
          "date": null,
          "verb": null
        },
        "hold_set": null,
        "repo": "sample",
        "requires_child_metadata": false,
        "pr_url": "https://github.com/example/repo/pull/14",
        "title": "Contribution café 13",
        "since": null,
        "hold_reason": null,
        "done": null,
        "id": "task-0013",
        "blocked_by_ids": [],
        "blocked_reason": null,
        "report_path": null,
        "priority": null,
        "state": "queued",
        "raw": "- [ ] task-0013 - Contribution café 13 https://github.com/example/repo/pull/14 (repo: sample) (kind: ship)",
        "body_excerpt": null,
        "local_note": null,
        "reported": null,
        "unresolved_blocker_ids": [],
        "blocked_by": null,
        "kind": "ship",
        "current_role": "queued",
        "checked": false,
        "body_lines": [],
        "structured": true,
        "order": 14,
        "hold_kind": null,
        "merged": null,
        "hold_age_days": null,
        "hold_bucket": null,
        "hold_until": null,
        "links": [
          "https://github.com/example/repo/pull/14"
        ]
      },
      {
        "body_excerpt": null,
        "raw": "- [ ] task-0014 - Contribution café 14 https://github.com/example/repo/pull/15 (repo: sample) (kind: ship)",
        "state": "queued",
        "priority": null,
        "report_path": null,
        "blocked_reason": null,
        "blocked_by_ids": [],
        "id": "task-0014",
        "done": null,
        "hold_reason": null,
        "title": "Contribution café 14",
        "since": null,
        "pr_url": "https://github.com/example/repo/pull/15",
        "requires_child_metadata": false,
        "repo": "sample",
        "hold_set": null,
        "captain_actionable": false,
        "completion": {
          "date": null,
          "verb": null
        },
        "links": [
          "https://github.com/example/repo/pull/15"
        ],
        "hold_until": null,
        "hold_bucket": null,
        "hold_age_days": null,
        "merged": null,
        "hold_kind": null,
        "structured": true,
        "order": 15,
        "body_lines": [],
        "checked": false,
        "current_role": "queued",
        "kind": "ship",
        "blocked_by": null,
        "unresolved_blocker_ids": [],
        "local_note": null,
        "reported": null
      },
      {
        "local_note": null,
        "reported": null,
        "blocked_by": null,
        "unresolved_blocker_ids": [],
        "current_role": "queued",
        "kind": "ship",
        "checked": false,
        "body_lines": [],
        "structured": true,
        "order": 16,
        "hold_kind": null,
        "merged": null,
        "hold_age_days": null,
        "hold_bucket": null,
        "hold_until": null,
        "links": [
          "https://github.com/example/repo/pull/16"
        ],
        "completion": {
          "verb": null,
          "date": null
        },
        "captain_actionable": false,
        "hold_set": null,
        "repo": "sample",
        "requires_child_metadata": false,
        "pr_url": "https://github.com/example/repo/pull/16",
        "since": null,
        "title": "Contribution café 15",
        "done": null,
        "hold_reason": null,
        "id": "task-0015",
        "blocked_by_ids": [],
        "blocked_reason": null,
        "report_path": null,
        "priority": null,
        "state": "queued",
        "raw": "- [ ] task-0015 - Contribution café 15 https://github.com/example/repo/pull/16 (repo: sample) (kind: ship)",
        "body_excerpt": null
      },
      {
        "title": "Contribution café 16",
        "since": null,
        "done": null,
        "hold_reason": null,
        "requires_child_metadata": false,
        "pr_url": "https://github.com/example/repo/pull/17",
        "repo": "sample",
        "captain_actionable": false,
        "hold_set": null,
        "completion": {
          "verb": null,
          "date": null
        },
        "raw": "- [ ] task-0016 - Contribution café 16 https://github.com/example/repo/pull/17 (repo: sample) (kind: ship)",
        "body_excerpt": null,
        "priority": null,
        "state": "queued",
        "id": "task-0016",
        "report_path": null,
        "blocked_by_ids": [],
        "blocked_reason": null,
        "merged": null,
        "structured": true,
        "hold_kind": null,
        "order": 17,
        "checked": false,
        "kind": "ship",
        "current_role": "queued",
        "body_lines": [],
        "reported": null,
        "local_note": null,
        "unresolved_blocker_ids": [],
        "blocked_by": null,
        "links": [
          "https://github.com/example/repo/pull/17"
        ],
        "hold_bucket": null,
        "hold_until": null,
        "hold_age_days": null
      },
      {
        "links": [
          "https://github.com/example/repo/pull/18"
        ],
        "hold_bucket": null,
        "hold_until": null,
        "hold_age_days": null,
        "merged": null,
        "order": 18,
        "hold_kind": null,
        "structured": true,
        "checked": false,
        "current_role": "queued",
        "kind": "ship",
        "body_lines": [],
        "reported": null,
        "local_note": null,
        "blocked_by": null,
        "unresolved_blocker_ids": [],
        "raw": "- [ ] task-0017 - Contribution café 17 https://github.com/example/repo/pull/18 (repo: sample) (kind: ship)",
        "body_excerpt": null,
        "priority": null,
        "state": "queued",
        "id": "task-0017",
        "report_path": null,
        "blocked_by_ids": [],
        "blocked_reason": null,
        "since": null,
        "title": "Contribution café 17",
        "done": null,
        "hold_reason": null,
        "requires_child_metadata": false,
        "pr_url": "https://github.com/example/repo/pull/18",
        "repo": "sample",
        "completion": {
          "date": null,
          "verb": null
        },
        "captain_actionable": false,
        "hold_set": null
      },
      {
        "pr_url": "https://github.com/example/repo/pull/19",
        "requires_child_metadata": false,
        "repo": "sample",
        "captain_actionable": false,
        "completion": {
          "date": null,
          "verb": null
        },
        "hold_set": null,
        "hold_reason": null,
        "done": null,
        "since": null,
        "title": "Contribution café 18",
        "state": "queued",
        "priority": null,
        "report_path": null,
        "blocked_reason": null,
        "blocked_by_ids": [],
        "id": "task-0018",
        "body_excerpt": null,
        "raw": "- [ ] task-0018 - Contribution café 18 https://github.com/example/repo/pull/19 (repo: sample) (kind: ship)",
        "unresolved_blocker_ids": [],
        "blocked_by": null,
        "reported": null,
        "local_note": null,
        "merged": null,
        "structured": true,
        "order": 19,
        "hold_kind": null,
        "body_lines": [],
        "checked": false,
        "current_role": "queued",
        "kind": "ship",
        "hold_until": null,
        "hold_bucket": null,
        "hold_age_days": null,
        "links": [
          "https://github.com/example/repo/pull/19"
        ]
      },
      {
        "unresolved_blocker_ids": [],
        "blocked_by": null,
        "reported": null,
        "local_note": null,
        "structured": true,
        "order": 20,
        "hold_kind": null,
        "merged": null,
        "body_lines": [],
        "current_role": "queued",
        "kind": "ship",
        "checked": false,
        "hold_until": null,
        "hold_bucket": null,
        "hold_age_days": null,
        "links": [
          "https://github.com/example/repo/pull/20"
        ],
        "pr_url": "https://github.com/example/repo/pull/20",
        "requires_child_metadata": false,
        "captain_actionable": false,
        "hold_set": null,
        "completion": {
          "verb": null,
          "date": null
        },
        "repo": "sample",
        "done": null,
        "hold_reason": null,
        "since": null,
        "title": "Contribution café 19",
        "state": "queued",
        "priority": null,
        "blocked_reason": null,
        "blocked_by_ids": [],
        "report_path": null,
        "id": "task-0019",
        "body_excerpt": null,
        "raw": "- [ ] task-0019 - Contribution café 19 https://github.com/example/repo/pull/20 (repo: sample) (kind: ship)"
      },
      {
        "id": "task-0020",
        "report_path": null,
        "blocked_by_ids": [],
        "blocked_reason": null,
        "priority": null,
        "state": "queued",
        "raw": "- [ ] task-0020 - Contribution café 20 https://github.com/example/repo/pull/21 (repo: sample) (kind: ship)",
        "body_excerpt": null,
        "repo": "sample",
        "captain_actionable": false,
        "hold_set": null,
        "completion": {
          "verb": null,
          "date": null
        },
        "requires_child_metadata": false,
        "pr_url": "https://github.com/example/repo/pull/21",
        "title": "Contribution café 20",
        "since": null,
        "done": null,
        "hold_reason": null,
        "hold_age_days": null,
        "hold_bucket": null,
        "hold_until": null,
        "links": [
          "https://github.com/example/repo/pull/21"
        ],
        "reported": null,
        "local_note": null,
        "blocked_by": null,
        "unresolved_blocker_ids": [],
        "checked": false,
        "current_role": "queued",
        "kind": "ship",
        "body_lines": [],
        "merged": null,
        "structured": true,
        "hold_kind": null,
        "order": 21
      },
      {
        "local_note": null,
        "reported": null,
        "unresolved_blocker_ids": [],
        "blocked_by": null,
        "checked": false,
        "kind": "ship",
        "current_role": "queued",
        "body_lines": [],
        "merged": null,
        "structured": true,
        "order": 22,
        "hold_kind": null,
        "hold_age_days": null,
        "hold_bucket": null,
        "hold_until": null,
        "links": [
          "https://github.com/example/repo/pull/22"
        ],
        "repo": "sample",
        "completion": {
          "date": null,
          "verb": null
        },
        "captain_actionable": false,
        "hold_set": null,
        "requires_child_metadata": false,
        "pr_url": "https://github.com/example/repo/pull/22",
        "since": null,
        "title": "Contribution café 21",
        "done": null,
        "hold_reason": null,
        "id": "task-0021",
        "report_path": null,
        "blocked_by_ids": [],
        "blocked_reason": null,
        "priority": null,
        "state": "queued",
        "raw": "- [ ] task-0021 - Contribution café 21 https://github.com/example/repo/pull/22 (repo: sample) (kind: ship)",
        "body_excerpt": null
      },
      {
        "priority": null,
        "state": "queued",
        "id": "task-0022",
        "report_path": null,
        "blocked_by_ids": [],
        "blocked_reason": null,
        "raw": "- [ ] task-0022 - Contribution café 22 https://github.com/example/repo/pull/23 (repo: sample) (kind: ship)",
        "body_excerpt": null,
        "requires_child_metadata": false,
        "pr_url": "https://github.com/example/repo/pull/23",
        "repo": "sample",
        "completion": {
          "date": null,
          "verb": null
        },
        "captain_actionable": false,
        "hold_set": null,
        "since": null,
        "title": "Contribution café 22",
        "done": null,
        "hold_reason": null,
        "hold_bucket": null,
        "hold_until": null,
        "hold_age_days": null,
        "links": [
          "https://github.com/example/repo/pull/23"
        ],
        "reported": null,
        "local_note": null,
        "blocked_by": null,
        "unresolved_blocker_ids": [],
        "merged": null,
        "hold_kind": null,
        "order": 23,
        "structured": true,
        "checked": false,
        "kind": "ship",
        "current_role": "queued",
        "body_lines": []
      },
      {
        "merged": null,
        "order": 24,
        "structured": true,
        "hold_kind": null,
        "checked": false,
        "current_role": "queued",
        "kind": "ship",
        "body_lines": [],
        "reported": null,
        "local_note": null,
        "blocked_by": null,
        "unresolved_blocker_ids": [],
        "links": [
          "https://github.com/example/repo/pull/24"
        ],
        "hold_bucket": null,
        "hold_until": null,
        "hold_age_days": null,
        "since": null,
        "title": "Contribution café 23",
        "done": null,
        "hold_reason": null,
        "requires_child_metadata": false,
        "pr_url": "https://github.com/example/repo/pull/24",
        "repo": "sample",
        "completion": {
          "date": null,
          "verb": null
        },
        "captain_actionable": false,
        "hold_set": null,
        "raw": "- [ ] task-0023 - Contribution café 23 https://github.com/example/repo/pull/24 (repo: sample) (kind: ship)",
        "body_excerpt": null,
        "priority": null,
        "state": "queued",
        "id": "task-0023",
        "report_path": null,
        "blocked_by_ids": [],
        "blocked_reason": null
      },
      {
        "pr_url": "https://github.com/example/repo/pull/25",
        "requires_child_metadata": false,
        "hold_set": null,
        "captain_actionable": false,
        "completion": {
          "date": null,
          "verb": null
        },
        "repo": "sample",
        "done": null,
        "hold_reason": null,
        "title": "Contribution café 24",
        "since": null,
        "state": "queued",
        "priority": null,
        "blocked_by_ids": [],
        "blocked_reason": null,
        "report_path": null,
        "id": "task-0024",
        "body_excerpt": null,
        "raw": "- [ ] task-0024 - Contribution café 24 https://github.com/example/repo/pull/25 (repo: sample) (kind: ship)",
        "blocked_by": null,
        "unresolved_blocker_ids": [],
        "reported": null,
        "local_note": null,
        "order": 25,
        "hold_kind": null,
        "structured": true,
        "merged": null,
        "body_lines": [],
        "current_role": "queued",
        "kind": "ship",
        "checked": false,
        "hold_until": null,
        "hold_bucket": null,
        "hold_age_days": null,
        "links": [
          "https://github.com/example/repo/pull/25"
        ]
      },
      {
        "hold_age_days": null,
        "hold_bucket": null,
        "hold_until": null,
        "links": [
          "https://github.com/example/repo/pull/26"
        ],
        "reported": null,
        "local_note": null,
        "blocked_by": null,
        "unresolved_blocker_ids": [],
        "kind": "ship",
        "current_role": "queued",
        "checked": false,
        "body_lines": [],
        "order": 26,
        "structured": true,
        "hold_kind": null,
        "merged": null,
        "id": "task-0025",
        "blocked_reason": null,
        "blocked_by_ids": [],
        "report_path": null,
        "priority": null,
        "state": "queued",
        "raw": "- [ ] task-0025 - Contribution café 25 https://github.com/example/repo/pull/26 (repo: sample) (kind: ship)",
        "body_excerpt": null,
        "completion": {
          "date": null,
          "verb": null
        },
        "captain_actionable": false,
        "hold_set": null,
        "repo": "sample",
        "requires_child_metadata": false,
        "pr_url": "https://github.com/example/repo/pull/26",
        "since": null,
        "title": "Contribution café 25",
        "done": null,
        "hold_reason": null
      },
      {
        "links": [
          "https://github.com/example/repo/pull/27"
        ],
        "hold_until": null,
        "hold_bucket": null,
        "hold_age_days": null,
        "merged": null,
        "order": 27,
        "hold_kind": null,
        "structured": true,
        "body_lines": [],
        "checked": false,
        "kind": "ship",
        "current_role": "queued",
        "blocked_by": null,
        "unresolved_blocker_ids": [],
        "reported": null,
        "local_note": null,
        "body_excerpt": null,
        "raw": "- [ ] task-0026 - Contribution café 26 https://github.com/example/repo/pull/27 (repo: sample) (kind: ship)",
        "state": "queued",
        "priority": null,
        "report_path": null,
        "blocked_reason": null,
        "blocked_by_ids": [],
        "id": "task-0026",
        "done": null,
        "hold_reason": null,
        "since": null,
        "title": "Contribution café 26",
        "pr_url": "https://github.com/example/repo/pull/27",
        "requires_child_metadata": false,
        "repo": "sample",
        "captain_actionable": false,
        "hold_set": null,
        "completion": {
          "verb": null,
          "date": null
        }
      },
      {
        "links": [
          "https://github.com/example/repo/pull/28"
        ],
        "hold_age_days": null,
        "hold_until": null,
        "hold_bucket": null,
        "body_lines": [],
        "checked": false,
        "kind": "ship",
        "current_role": "queued",
        "merged": null,
        "hold_kind": null,
        "structured": true,
        "order": 28,
        "unresolved_blocker_ids": [],
        "blocked_by": null,
        "reported": null,
        "local_note": null,
        "body_excerpt": null,
        "raw": "- [ ] task-0027 - Contribution café 27 https://github.com/example/repo/pull/28 (repo: sample) (kind: ship)",
        "report_path": null,
        "blocked_by_ids": [],
        "blocked_reason": null,
        "id": "task-0027",
        "state": "queued",
        "priority": null,
        "hold_reason": null,
        "done": null,
        "title": "Contribution café 27",
        "since": null,
        "repo": "sample",
        "completion": {
          "verb": null,
          "date": null
        },
        "captain_actionable": false,
        "hold_set": null,
        "pr_url": "https://github.com/example/repo/pull/28",
        "requires_child_metadata": false
      },
      {
        "links": [
          "https://github.com/example/repo/pull/29"
        ],
        "hold_until": null,
        "hold_bucket": null,
        "hold_age_days": null,
        "order": 29,
        "hold_kind": null,
        "structured": true,
        "merged": null,
        "body_lines": [],
        "kind": "ship",
        "current_role": "queued",
        "checked": false,
        "unresolved_blocker_ids": [],
        "blocked_by": null,
        "reported": null,
        "local_note": null,
        "body_excerpt": null,
        "raw": "- [ ] task-0028 - Contribution café 28 https://github.com/example/repo/pull/29 (repo: sample) (kind: ship)",
        "state": "queued",
        "priority": null,
        "blocked_reason": null,
        "blocked_by_ids": [],
        "report_path": null,
        "id": "task-0028",
        "done": null,
        "hold_reason": null,
        "since": null,
        "title": "Contribution café 28",
        "pr_url": "https://github.com/example/repo/pull/29",
        "requires_child_metadata": false,
        "completion": {
          "date": null,
          "verb": null
        },
        "captain_actionable": false,
        "hold_set": null,
        "repo": "sample"
      },
      {
        "links": [
          "https://github.com/example/repo/pull/30"
        ],
        "hold_until": null,
        "hold_bucket": null,
        "hold_age_days": null,
        "merged": null,
        "structured": true,
        "order": 30,
        "hold_kind": null,
        "body_lines": [],
        "checked": false,
        "kind": "ship",
        "current_role": "queued",
        "blocked_by": null,
        "unresolved_blocker_ids": [],
        "local_note": null,
        "reported": null,
        "body_excerpt": null,
        "raw": "- [ ] task-0029 - Contribution café 29 https://github.com/example/repo/pull/30 (repo: sample) (kind: ship)",
        "state": "queued",
        "priority": null,
        "report_path": null,
        "blocked_reason": null,
        "blocked_by_ids": [],
        "id": "task-0029",
        "done": null,
        "hold_reason": null,
        "since": null,
        "title": "Contribution café 29",
        "pr_url": "https://github.com/example/repo/pull/30",
        "requires_child_metadata": false,
        "repo": "sample",
        "captain_actionable": false,
        "hold_set": null,
        "completion": {
          "date": null,
          "verb": null
        }
      },
      {
        "done": null,
        "hold_reason": null,
        "title": "Contribution café 30",
        "since": null,
        "repo": "sample",
        "hold_set": null,
        "captain_actionable": false,
        "completion": {
          "verb": null,
          "date": null
        },
        "pr_url": "https://github.com/example/repo/pull/31",
        "requires_child_metadata": false,
        "body_excerpt": null,
        "raw": "- [ ] task-0030 - Contribution café 30 https://github.com/example/repo/pull/31 (repo: sample) (kind: ship)",
        "report_path": null,
        "blocked_reason": null,
        "blocked_by_ids": [],
        "id": "task-0030",
        "state": "queued",
        "priority": null,
        "body_lines": [],
        "checked": false,
        "current_role": "queued",
        "kind": "ship",
        "merged": null,
        "hold_kind": null,
        "structured": true,
        "order": 31,
        "unresolved_blocker_ids": [],
        "blocked_by": null,
        "local_note": null,
        "reported": null,
        "links": [
          "https://github.com/example/repo/pull/31"
        ],
        "hold_age_days": null,
        "hold_until": null,
        "hold_bucket": null
      },
      {
        "hold_set": null,
        "captain_actionable": false,
        "completion": {
          "verb": null,
          "date": null
        },
        "repo": "sample",
        "pr_url": "https://github.com/example/repo/pull/32",
        "requires_child_metadata": false,
        "done": null,
        "hold_reason": null,
        "title": "Contribution café 31",
        "since": null,
        "blocked_reason": null,
        "blocked_by_ids": [],
        "report_path": null,
        "id": "task-0031",
        "state": "queued",
        "priority": null,
        "body_excerpt": null,
        "raw": "- [ ] task-0031 - Contribution café 31 https://github.com/example/repo/pull/32 (repo: sample) (kind: ship)",
        "unresolved_blocker_ids": [],
        "blocked_by": null,
        "local_note": null,
        "reported": null,
        "body_lines": [],
        "current_role": "queued",
        "kind": "ship",
        "checked": false,
        "order": 32,
        "hold_kind": null,
        "structured": true,
        "merged": null,
        "hold_age_days": null,
        "hold_until": null,
        "hold_bucket": null,
        "links": [
          "https://github.com/example/repo/pull/32"
        ]
      },
      {
        "links": [
          "https://github.com/example/repo/pull/33"
        ],
        "hold_bucket": null,
        "hold_until": null,
        "hold_age_days": null,
        "hold_kind": null,
        "order": 33,
        "structured": true,
        "merged": null,
        "current_role": "queued",
        "kind": "ship",
        "checked": false,
        "body_lines": [],
        "local_note": null,
        "reported": null,
        "blocked_by": null,
        "unresolved_blocker_ids": [],
        "raw": "- [ ] task-0032 - Contribution café 32 https://github.com/example/repo/pull/33 (repo: sample) (kind: ship)",
        "body_excerpt": null,
        "priority": null,
        "state": "queued",
        "id": "task-0032",
        "blocked_reason": null,
        "blocked_by_ids": [],
        "report_path": null,
        "since": null,
        "title": "Contribution café 32",
        "done": null,
        "hold_reason": null,
        "requires_child_metadata": false,
        "pr_url": "https://github.com/example/repo/pull/33",
        "hold_set": null,
        "captain_actionable": false,
        "completion": {
          "verb": null,
          "date": null
        },
        "repo": "sample"
      },
      {
        "body_excerpt": null,
        "raw": "- [ ] task-0033 - Contribution café 33 https://github.com/example/repo/pull/34 (repo: sample) (kind: ship)",
        "report_path": null,
        "blocked_by_ids": [],
        "blocked_reason": null,
        "id": "task-0033",
        "state": "queued",
        "priority": null,
        "done": null,
        "hold_reason": null,
        "title": "Contribution café 33",
        "since": null,
        "repo": "sample",
        "captain_actionable": false,
        "hold_set": null,
        "completion": {
          "verb": null,
          "date": null
        },
        "pr_url": "https://github.com/example/repo/pull/34",
        "requires_child_metadata": false,
        "links": [
          "https://github.com/example/repo/pull/34"
        ],
        "hold_age_days": null,
        "hold_until": null,
        "hold_bucket": null,
        "body_lines": [],
        "checked": false,
        "kind": "ship",
        "current_role": "queued",
        "merged": null,
        "structured": true,
        "hold_kind": null,
        "order": 34,
        "unresolved_blocker_ids": [],
        "blocked_by": null,
        "reported": null,
        "local_note": null
      },
      {
        "report_path": null,
        "blocked_reason": null,
        "blocked_by_ids": [],
        "id": "task-0034",
        "state": "queued",
        "priority": null,
        "body_excerpt": null,
        "raw": "- [ ] task-0034 - Contribution café 34 https://github.com/example/repo/pull/35 (repo: sample) (kind: ship)",
        "repo": "sample",
        "completion": {
          "date": null,
          "verb": null
        },
        "captain_actionable": false,
        "hold_set": null,
        "pr_url": "https://github.com/example/repo/pull/35",
        "requires_child_metadata": false,
        "done": null,
        "hold_reason": null,
        "title": "Contribution café 34",
        "since": null,
        "hold_age_days": null,
        "hold_until": null,
        "hold_bucket": null,
        "links": [
          "https://github.com/example/repo/pull/35"
        ],
        "blocked_by": null,
        "unresolved_blocker_ids": [],
        "local_note": null,
        "reported": null,
        "body_lines": [],
        "checked": false,
        "current_role": "queued",
        "kind": "ship",
        "merged": null,
        "structured": true,
        "order": 35,
        "hold_kind": null
      },
      {
        "priority": null,
        "state": "queued",
        "id": "task-0035",
        "blocked_reason": null,
        "blocked_by_ids": [],
        "report_path": null,
        "raw": "- [ ] task-0035 - Contribution café 35 https://github.com/example/repo/pull/36 (repo: sample) (kind: ship)",
        "body_excerpt": null,
        "requires_child_metadata": false,
        "pr_url": "https://github.com/example/repo/pull/36",
        "captain_actionable": false,
        "hold_set": null,
        "completion": {
          "date": null,
          "verb": null
        },
        "repo": "sample",
        "title": "Contribution café 35",
        "since": null,
        "done": null,
        "hold_reason": null,
        "hold_bucket": null,
        "hold_until": null,
        "hold_age_days": null,
        "links": [
          "https://github.com/example/repo/pull/36"
        ],
        "local_note": null,
        "reported": null,
        "unresolved_blocker_ids": [],
        "blocked_by": null,
        "order": 36,
        "structured": true,
        "hold_kind": null,
        "merged": null,
        "kind": "ship",
        "current_role": "queued",
        "checked": false,
        "body_lines": []
      },
      {
        "structured": true,
        "order": 37,
        "hold_kind": null,
        "merged": null,
        "kind": "ship",
        "current_role": "queued",
        "checked": false,
        "body_lines": [],
        "reported": null,
        "local_note": null,
        "unresolved_blocker_ids": [],
        "blocked_by": null,
        "links": [
          "https://github.com/example/repo/pull/37"
        ],
        "hold_bucket": null,
        "hold_until": null,
        "hold_age_days": null,
        "since": null,
        "title": "Contribution café 36",
        "hold_reason": null,
        "done": null,
        "requires_child_metadata": false,
        "pr_url": "https://github.com/example/repo/pull/37",
        "captain_actionable": false,
        "hold_set": null,
        "completion": {
          "verb": null,
          "date": null
        },
        "repo": "sample",
        "raw": "- [ ] task-0036 - Contribution café 36 https://github.com/example/repo/pull/37 (repo: sample) (kind: ship)",
        "body_excerpt": null,
        "priority": null,
        "state": "queued",
        "id": "task-0036",
        "blocked_reason": null,
        "blocked_by_ids": [],
        "report_path": null
      },
      {
        "state": "queued",
        "priority": null,
        "blocked_by_ids": [],
        "blocked_reason": null,
        "report_path": null,
        "id": "task-0037",
        "body_excerpt": null,
        "raw": "- [ ] task-0037 - Contribution café 37 https://github.com/example/repo/pull/38 (repo: sample) (kind: ship)",
        "pr_url": "https://github.com/example/repo/pull/38",
        "requires_child_metadata": false,
        "captain_actionable": false,
        "hold_set": null,
        "completion": {
          "date": null,
          "verb": null
        },
        "repo": "sample",
        "hold_reason": null,
        "done": null,
        "title": "Contribution café 37",
        "since": null,
        "hold_until": null,
        "hold_bucket": null,
        "hold_age_days": null,
        "links": [
          "https://github.com/example/repo/pull/38"
        ],
        "unresolved_blocker_ids": [],
        "blocked_by": null,
        "reported": null,
        "local_note": null,
        "order": 38,
        "hold_kind": null,
        "structured": true,
        "merged": null,
        "body_lines": [],
        "kind": "ship",
        "current_role": "queued",
        "checked": false
      },
      {
        "title": "Contribution café 38",
        "since": null,
        "hold_reason": null,
        "done": null,
        "repo": "sample",
        "captain_actionable": false,
        "hold_set": null,
        "completion": {
          "date": null,
          "verb": null
        },
        "requires_child_metadata": false,
        "pr_url": "https://github.com/example/repo/pull/39",
        "raw": "- [ ] task-0038 - Contribution café 38 https://github.com/example/repo/pull/39 (repo: sample) (kind: ship)",
        "body_excerpt": null,
        "id": "task-0038",
        "report_path": null,
        "blocked_reason": null,
        "blocked_by_ids": [],
        "priority": null,
        "state": "queued",
        "checked": false,
        "current_role": "queued",
        "kind": "ship",
        "body_lines": [],
        "merged": null,
        "structured": true,
        "hold_kind": null,
        "order": 39,
        "reported": null,
        "local_note": null,
        "unresolved_blocker_ids": [],
        "blocked_by": null,
        "links": [
          "https://github.com/example/repo/pull/39"
        ],
        "hold_age_days": null,
        "hold_bucket": null,
        "hold_until": null
      },
      {
        "links": [
          "https://github.com/example/repo/pull/40"
        ],
        "hold_age_days": null,
        "hold_until": null,
        "hold_bucket": null,
        "body_lines": [],
        "checked": false,
        "current_role": "queued",
        "kind": "ship",
        "merged": null,
        "order": 40,
        "hold_kind": null,
        "structured": true,
        "blocked_by": null,
        "unresolved_blocker_ids": [],
        "reported": null,
        "local_note": null,
        "body_excerpt": null,
        "raw": "- [ ] task-0039 - Contribution café 39 https://github.com/example/repo/pull/40 (repo: sample) (kind: ship)",
        "report_path": null,
        "blocked_reason": null,
        "blocked_by_ids": [],
        "id": "task-0039",
        "state": "queued",
        "priority": null,
        "done": null,
        "hold_reason": null,
        "since": null,
        "title": "Contribution café 39",
        "repo": "sample",
        "captain_actionable": false,
        "hold_set": null,
        "completion": {
          "verb": null,
          "date": null
        },
        "pr_url": "https://github.com/example/repo/pull/40",
        "requires_child_metadata": false
      },
      {
        "hold_bucket": null,
        "hold_until": null,
        "hold_age_days": null,
        "links": [
          "https://github.com/example/repo/pull/41"
        ],
        "local_note": null,
        "reported": null,
        "unresolved_blocker_ids": [],
        "blocked_by": null,
        "merged": null,
        "structured": true,
        "order": 41,
        "hold_kind": null,
        "checked": false,
        "current_role": "queued",
        "kind": "ship",
        "body_lines": [],
        "priority": null,
        "state": "queued",
        "id": "task-0040",
        "report_path": null,
        "blocked_reason": null,
        "blocked_by_ids": [],
        "raw": "- [ ] task-0040 - Contribution café 40 https://github.com/example/repo/pull/41 (repo: sample) (kind: ship)",
        "body_excerpt": null,
        "requires_child_metadata": false,
        "pr_url": "https://github.com/example/repo/pull/41",
        "repo": "sample",
        "captain_actionable": false,
        "hold_set": null,
        "completion": {
          "verb": null,
          "date": null
        },
        "title": "Contribution café 40",
        "since": null,
        "done": null,
        "hold_reason": null
      },
      {
        "hold_bucket": null,
        "hold_until": null,
        "hold_age_days": null,
        "links": [
          "https://github.com/example/repo/pull/42"
        ],
        "local_note": null,
        "reported": null,
        "unresolved_blocker_ids": [],
        "blocked_by": null,
        "merged": null,
        "structured": true,
        "order": 42,
        "hold_kind": null,
        "checked": false,
        "kind": "ship",
        "current_role": "queued",
        "body_lines": [],
        "priority": null,
        "state": "queued",
        "id": "task-0041",
        "report_path": null,
        "blocked_reason": null,
        "blocked_by_ids": [],
        "raw": "- [ ] task-0041 - Contribution café 41 https://github.com/example/repo/pull/42 (repo: sample) (kind: ship)",
        "body_excerpt": null,
        "requires_child_metadata": false,
        "pr_url": "https://github.com/example/repo/pull/42",
        "repo": "sample",
        "completion": {
          "date": null,
          "verb": null
        },
        "captain_actionable": false,
        "hold_set": null,
        "since": null,
        "title": "Contribution café 41",
        "done": null,
        "hold_reason": null
      },
      {
        "hold_bucket": null,
        "hold_until": null,
        "hold_age_days": null,
        "links": [
          "https://github.com/example/repo/pull/43"
        ],
        "local_note": null,
        "reported": null,
        "unresolved_blocker_ids": [],
        "blocked_by": null,
        "structured": true,
        "order": 43,
        "hold_kind": null,
        "merged": null,
        "kind": "ship",
        "current_role": "queued",
        "checked": false,
        "body_lines": [],
        "priority": null,
        "state": "queued",
        "id": "task-0042",
        "blocked_by_ids": [],
        "blocked_reason": null,
        "report_path": null,
        "raw": "- [ ] task-0042 - Contribution café 42 https://github.com/example/repo/pull/43 (repo: sample) (kind: ship)",
        "body_excerpt": null,
        "requires_child_metadata": false,
        "pr_url": "https://github.com/example/repo/pull/43",
        "completion": {
          "verb": null,
          "date": null
        },
        "captain_actionable": false,
        "hold_set": null,
        "repo": "sample",
        "since": null,
        "title": "Contribution café 42",
        "done": null,
        "hold_reason": null
      },
      {
        "state": "queued",
        "priority": null,
        "blocked_by_ids": [],
        "blocked_reason": null,
        "report_path": null,
        "id": "task-0043",
        "body_excerpt": null,
        "raw": "- [ ] task-0043 - Contribution café 43 https://github.com/example/repo/pull/44 (repo: sample) (kind: ship)",
        "pr_url": "https://github.com/example/repo/pull/44",
        "requires_child_metadata": false,
        "hold_set": null,
        "captain_actionable": false,
        "completion": {
          "date": null,
          "verb": null
        },
        "repo": "sample",
        "hold_reason": null,
        "done": null,
        "since": null,
        "title": "Contribution café 43",
        "hold_until": null,
        "hold_bucket": null,
        "hold_age_days": null,
        "links": [
          "https://github.com/example/repo/pull/44"
        ],
        "blocked_by": null,
        "unresolved_blocker_ids": [],
        "reported": null,
        "local_note": null,
        "order": 44,
        "structured": true,
        "hold_kind": null,
        "merged": null,
        "body_lines": [],
        "kind": "ship",
        "current_role": "queued",
        "checked": false
      },
      {
        "done": null,
        "hold_reason": null,
        "title": "Contribution café 44",
        "since": null,
        "pr_url": "https://github.com/example/repo/pull/45",
        "requires_child_metadata": false,
        "completion": {
          "date": null,
          "verb": null
        },
        "captain_actionable": false,
        "hold_set": null,
        "repo": "sample",
        "body_excerpt": null,
        "raw": "- [ ] task-0044 - Contribution café 44 https://github.com/example/repo/pull/45 (repo: sample) (kind: ship)",
        "state": "queued",
        "priority": null,
        "blocked_reason": null,
        "blocked_by_ids": [],
        "report_path": null,
        "id": "task-0044",
        "structured": true,
        "order": 45,
        "hold_kind": null,
        "merged": null,
        "body_lines": [],
        "current_role": "queued",
        "kind": "ship",
        "checked": false,
        "unresolved_blocker_ids": [],
        "blocked_by": null,
        "reported": null,
        "local_note": null,
        "links": [
          "https://github.com/example/repo/pull/45"
        ],
        "hold_until": null,
        "hold_bucket": null,
        "hold_age_days": null
      },
      {
        "merged": null,
        "order": 46,
        "structured": true,
        "hold_kind": null,
        "body_lines": [],
        "checked": false,
        "kind": "ship",
        "current_role": "queued",
        "unresolved_blocker_ids": [],
        "blocked_by": null,
        "local_note": null,
        "reported": null,
        "links": [
          "https://github.com/example/repo/pull/46"
        ],
        "hold_until": null,
        "hold_bucket": null,
        "hold_age_days": null,
        "done": null,
        "hold_reason": null,
        "title": "Contribution café 45",
        "since": null,
        "pr_url": "https://github.com/example/repo/pull/46",
        "requires_child_metadata": false,
        "repo": "sample",
        "completion": {
          "date": null,
          "verb": null
        },
        "captain_actionable": false,
        "hold_set": null,
        "body_excerpt": null,
        "raw": "- [ ] task-0045 - Contribution café 45 https://github.com/example/repo/pull/46 (repo: sample) (kind: ship)",
        "state": "queued",
        "priority": null,
        "report_path": null,
        "blocked_reason": null,
        "blocked_by_ids": [],
        "id": "task-0045"
      },
      {
        "unresolved_blocker_ids": [],
        "blocked_by": null,
        "local_note": null,
        "reported": null,
        "merged": null,
        "order": 47,
        "structured": true,
        "hold_kind": null,
        "body_lines": [],
        "checked": false,
        "current_role": "queued",
        "kind": "ship",
        "hold_until": null,
        "hold_bucket": null,
        "hold_age_days": null,
        "links": [
          "https://github.com/example/repo/pull/47"
        ],
        "pr_url": "https://github.com/example/repo/pull/47",
        "requires_child_metadata": false,
        "repo": "sample",
        "captain_actionable": false,
        "completion": {
          "verb": null,
          "date": null
        },
        "hold_set": null,
        "hold_reason": null,
        "done": null,
        "title": "Contribution café 46",
        "since": null,
        "state": "queued",
        "priority": null,
        "report_path": null,
        "blocked_reason": null,
        "blocked_by_ids": [],
        "id": "task-0046",
        "body_excerpt": null,
        "raw": "- [ ] task-0046 - Contribution café 46 https://github.com/example/repo/pull/47 (repo: sample) (kind: ship)"
      },
      {
        "priority": null,
        "state": "queued",
        "id": "task-0047",
        "report_path": null,
        "blocked_reason": null,
        "blocked_by_ids": [],
        "raw": "- [ ] task-0047 - Contribution café 47 https://github.com/example/repo/pull/48 (repo: sample) (kind: ship)",
        "body_excerpt": null,
        "requires_child_metadata": false,
        "pr_url": "https://github.com/example/repo/pull/48",
        "repo": "sample",
        "captain_actionable": false,
        "completion": {
          "date": null,
          "verb": null
        },
        "hold_set": null,
        "title": "Contribution café 47",
        "since": null,
        "done": null,
        "hold_reason": null,
        "hold_bucket": null,
        "hold_until": null,
        "hold_age_days": null,
        "links": [
          "https://github.com/example/repo/pull/48"
        ],
        "reported": null,
        "local_note": null,
        "blocked_by": null,
        "unresolved_blocker_ids": [],
        "merged": null,
        "structured": true,
        "order": 48,
        "hold_kind": null,
        "checked": false,
        "current_role": "queued",
        "kind": "ship",
        "body_lines": []
      },
      {
        "body_lines": [],
        "kind": "ship",
        "current_role": "queued",
        "checked": false,
        "order": 49,
        "structured": true,
        "hold_kind": null,
        "merged": null,
        "unresolved_blocker_ids": [],
        "blocked_by": null,
        "local_note": null,
        "reported": null,
        "links": [
          "https://github.com/example/repo/pull/49"
        ],
        "hold_age_days": null,
        "hold_until": null,
        "hold_bucket": null,
        "done": null,
        "hold_reason": null,
        "title": "Contribution café 48",
        "since": null,
        "captain_actionable": false,
        "completion": {
          "verb": null,
          "date": null
        },
        "hold_set": null,
        "repo": "sample",
        "pr_url": "https://github.com/example/repo/pull/49",
        "requires_child_metadata": false,
        "body_excerpt": null,
        "raw": "- [ ] task-0048 - Contribution café 48 https://github.com/example/repo/pull/49 (repo: sample) (kind: ship)",
        "blocked_reason": null,
        "blocked_by_ids": [],
        "report_path": null,
        "id": "task-0048",
        "state": "queued",
        "priority": null
      },
      {
        "state": "queued",
        "priority": null,
        "blocked_by_ids": [],
        "blocked_reason": null,
        "report_path": null,
        "id": "task-0049",
        "body_excerpt": null,
        "raw": "- [ ] task-0049 - Contribution café 49 https://github.com/example/repo/pull/50 (repo: sample) (kind: ship)",
        "pr_url": "https://github.com/example/repo/pull/50",
        "requires_child_metadata": false,
        "captain_actionable": false,
        "completion": {
          "date": null,
          "verb": null
        },
        "hold_set": null,
        "repo": "sample",
        "done": null,
        "hold_reason": null,
        "title": "Contribution café 49",
        "since": null,
        "hold_until": null,
        "hold_bucket": null,
        "hold_age_days": null,
        "links": [
          "https://github.com/example/repo/pull/50"
        ],
        "unresolved_blocker_ids": [],
        "blocked_by": null,
        "reported": null,
        "local_note": null,
        "structured": true,
        "hold_kind": null,
        "order": 50,
        "merged": null,
        "body_lines": [],
        "current_role": "queued",
        "kind": "ship",
        "checked": false
      },
      {
        "requires_child_metadata": false,
        "pr_url": "https://github.com/example/repo/pull/51",
        "hold_set": null,
        "captain_actionable": false,
        "completion": {
          "verb": null,
          "date": null
        },
        "repo": "sample",
        "title": "Contribution café 50",
        "since": null,
        "hold_reason": null,
        "done": null,
        "priority": null,
        "state": "queued",
        "id": "task-0050",
        "blocked_reason": null,
        "blocked_by_ids": [],
        "report_path": null,
        "raw": "- [ ] task-0050 - Contribution café 50 https://github.com/example/repo/pull/51 (repo: sample) (kind: ship)",
        "body_excerpt": null,
        "reported": null,
        "local_note": null,
        "blocked_by": null,
        "unresolved_blocker_ids": [],
        "order": 51,
        "structured": true,
        "hold_kind": null,
        "merged": null,
        "kind": "ship",
        "current_role": "queued",
        "checked": false,
        "body_lines": [],
        "hold_bucket": null,
        "hold_until": null,
        "hold_age_days": null,
        "links": [
          "https://github.com/example/repo/pull/51"
        ]
      },
      {
        "body_excerpt": null,
        "raw": "- [ ] task-0051 - Contribution café 51 https://github.com/example/repo/pull/52 (repo: sample) (kind: ship)",
        "state": "queued",
        "priority": null,
        "blocked_reason": null,
        "blocked_by_ids": [],
        "report_path": null,
        "id": "task-0051",
        "done": null,
        "hold_reason": null,
        "title": "Contribution café 51",
        "since": null,
        "pr_url": "https://github.com/example/repo/pull/52",
        "requires_child_metadata": false,
        "captain_actionable": false,
        "completion": {
          "date": null,
          "verb": null
        },
        "hold_set": null,
        "repo": "sample",
        "links": [
          "https://github.com/example/repo/pull/52"
        ],
        "hold_until": null,
        "hold_bucket": null,
        "hold_age_days": null,
        "order": 52,
        "hold_kind": null,
        "structured": true,
        "merged": null,
        "body_lines": [],
        "current_role": "queued",
        "kind": "ship",
        "checked": false,
        "blocked_by": null,
        "unresolved_blocker_ids": [],
        "local_note": null,
        "reported": null
      },
      {
        "priority": null,
        "state": "queued",
        "id": "task-0052",
        "blocked_by_ids": [],
        "blocked_reason": null,
        "report_path": null,
        "raw": "- [ ] task-0052 - Contribution café 52 https://github.com/example/repo/pull/53 (repo: sample) (kind: ship)",
        "body_excerpt": null,
        "requires_child_metadata": false,
        "pr_url": "https://github.com/example/repo/pull/53",
        "captain_actionable": false,
        "hold_set": null,
        "completion": {
          "date": null,
          "verb": null
        },
        "repo": "sample",
        "since": null,
        "title": "Contribution café 52",
        "done": null,
        "hold_reason": null,
        "hold_bucket": null,
        "hold_until": null,
        "hold_age_days": null,
        "links": [
          "https://github.com/example/repo/pull/53"
        ],
        "reported": null,
        "local_note": null,
        "unresolved_blocker_ids": [],
        "blocked_by": null,
        "structured": true,
        "order": 53,
        "hold_kind": null,
        "merged": null,
        "current_role": "queued",
        "kind": "ship",
        "checked": false,
        "body_lines": []
      },
      {
        "merged": null,
        "structured": true,
        "hold_kind": null,
        "order": 54,
        "checked": false,
        "current_role": "queued",
        "kind": "ship",
        "body_lines": [],
        "reported": null,
        "local_note": null,
        "unresolved_blocker_ids": [],
        "blocked_by": null,
        "links": [
          "https://github.com/example/repo/pull/54"
        ],
        "hold_bucket": null,
        "hold_until": null,
        "hold_age_days": null,
        "title": "Contribution café 53",
        "since": null,
        "done": null,
        "hold_reason": null,
        "requires_child_metadata": false,
        "pr_url": "https://github.com/example/repo/pull/54",
        "repo": "sample",
        "hold_set": null,
        "captain_actionable": false,
        "completion": {
          "date": null,
          "verb": null
        },
        "raw": "- [ ] task-0053 - Contribution café 53 https://github.com/example/repo/pull/54 (repo: sample) (kind: ship)",
        "body_excerpt": null,
        "priority": null,
        "state": "queued",
        "id": "task-0053",
        "report_path": null,
        "blocked_by_ids": [],
        "blocked_reason": null
      },
      {
        "blocked_by": null,
        "unresolved_blocker_ids": [],
        "local_note": null,
        "reported": null,
        "order": 55,
        "hold_kind": null,
        "structured": true,
        "merged": null,
        "body_lines": [],
        "kind": "ship",
        "current_role": "queued",
        "checked": false,
        "hold_until": null,
        "hold_bucket": null,
        "hold_age_days": null,
        "links": [
          "https://github.com/example/repo/pull/55"
        ],
        "pr_url": "https://github.com/example/repo/pull/55",
        "requires_child_metadata": false,
        "captain_actionable": false,
        "completion": {
          "date": null,
          "verb": null
        },
        "hold_set": null,
        "repo": "sample",
        "done": null,
        "hold_reason": null,
        "since": null,
        "title": "Contribution café 54",
        "state": "queued",
        "priority": null,
        "blocked_by_ids": [],
        "blocked_reason": null,
        "report_path": null,
        "id": "task-0054",
        "body_excerpt": null,
        "raw": "- [ ] task-0054 - Contribution café 54 https://github.com/example/repo/pull/55 (repo: sample) (kind: ship)"
      },
      {
        "body_excerpt": null,
        "raw": "- [ ] task-0055 - Contribution café 55 https://github.com/example/repo/pull/56 (repo: sample) (kind: ship)",
        "state": "queued",
        "priority": null,
        "blocked_by_ids": [],
        "blocked_reason": null,
        "report_path": null,
        "id": "task-0055",
        "done": null,
        "hold_reason": null,
        "title": "Contribution café 55",
        "since": null,
        "pr_url": "https://github.com/example/repo/pull/56",
        "requires_child_metadata": false,
        "captain_actionable": false,
        "completion": {
          "date": null,
          "verb": null
        },
        "hold_set": null,
        "repo": "sample",
        "links": [
          "https://github.com/example/repo/pull/56"
        ],
        "hold_until": null,
        "hold_bucket": null,
        "hold_age_days": null,
        "structured": true,
        "hold_kind": null,
        "order": 56,
        "merged": null,
        "body_lines": [],
        "current_role": "queued",
        "kind": "ship",
        "checked": false,
        "blocked_by": null,
        "unresolved_blocker_ids": [],
        "local_note": null,
        "reported": null
      },
      {
        "reported": null,
        "local_note": null,
        "unresolved_blocker_ids": [],
        "blocked_by": null,
        "checked": false,
        "kind": "ship",
        "current_role": "queued",
        "body_lines": [],
        "merged": null,
        "order": 57,
        "structured": true,
        "hold_kind": null,
        "hold_age_days": null,
        "hold_bucket": null,
        "hold_until": null,
        "links": [
          "https://github.com/example/repo/pull/57"
        ],
        "repo": "sample",
        "captain_actionable": false,
        "completion": {
          "date": null,
          "verb": null
        },
        "hold_set": null,
        "requires_child_metadata": false,
        "pr_url": "https://github.com/example/repo/pull/57",
        "title": "Contribution café 56",
        "since": null,
        "done": null,
        "hold_reason": null,
        "id": "task-0056",
        "report_path": null,
        "blocked_by_ids": [],
        "blocked_reason": null,
        "priority": null,
        "state": "queued",
        "raw": "- [ ] task-0056 - Contribution café 56 https://github.com/example/repo/pull/57 (repo: sample) (kind: ship)",
        "body_excerpt": null
      },
      {
        "raw": "- [ ] task-0057 - Contribution café 57 https://github.com/example/repo/pull/58 (repo: sample) (kind: ship)",
        "body_excerpt": null,
        "id": "task-0057",
        "blocked_by_ids": [],
        "blocked_reason": null,
        "report_path": null,
        "priority": null,
        "state": "queued",
        "title": "Contribution café 57",
        "since": null,
        "done": null,
        "hold_reason": null,
        "captain_actionable": false,
        "hold_set": null,
        "completion": {
          "verb": null,
          "date": null
        },
        "repo": "sample",
        "requires_child_metadata": false,
        "pr_url": "https://github.com/example/repo/pull/58",
        "links": [
          "https://github.com/example/repo/pull/58"
        ],
        "hold_age_days": null,
        "hold_bucket": null,
        "hold_until": null,
        "current_role": "queued",
        "kind": "ship",
        "checked": false,
        "body_lines": [],
        "structured": true,
        "hold_kind": null,
        "order": 58,
        "merged": null,
        "reported": null,
        "local_note": null,
        "blocked_by": null,
        "unresolved_blocker_ids": []
      },
      {
        "title": "Contribution café 58",
        "since": null,
        "hold_reason": null,
        "done": null,
        "completion": {
          "date": null,
          "verb": null
        },
        "captain_actionable": false,
        "hold_set": null,
        "repo": "sample",
        "requires_child_metadata": false,
        "pr_url": "https://github.com/example/repo/pull/59",
        "raw": "- [ ] task-0058 - Contribution café 58 https://github.com/example/repo/pull/59 (repo: sample) (kind: ship)",
        "body_excerpt": null,
        "id": "task-0058",
        "blocked_reason": null,
        "blocked_by_ids": [],
        "report_path": null,
        "priority": null,
        "state": "queued",
        "kind": "ship",
        "current_role": "queued",
        "checked": false,
        "body_lines": [],
        "order": 59,
        "structured": true,
        "hold_kind": null,
        "merged": null,
        "local_note": null,
        "reported": null,
        "blocked_by": null,
        "unresolved_blocker_ids": [],
        "links": [
          "https://github.com/example/repo/pull/59"
        ],
        "hold_age_days": null,
        "hold_bucket": null,
        "hold_until": null
      },
      {
        "hold_bucket": null,
        "hold_until": null,
        "hold_age_days": null,
        "links": [
          "https://github.com/example/repo/pull/60"
        ],
        "local_note": null,
        "reported": null,
        "unresolved_blocker_ids": [],
        "blocked_by": null,
        "structured": true,
        "hold_kind": null,
        "order": 60,
        "merged": null,
        "kind": "ship",
        "current_role": "queued",
        "checked": false,
        "body_lines": [],
        "priority": null,
        "state": "queued",
        "id": "task-0059",
        "blocked_by_ids": [],
        "blocked_reason": null,
        "report_path": null,
        "raw": "- [ ] task-0059 - Contribution café 59 https://github.com/example/repo/pull/60 (repo: sample) (kind: ship)",
        "body_excerpt": null,
        "requires_child_metadata": false,
        "pr_url": "https://github.com/example/repo/pull/60",
        "hold_set": null,
        "captain_actionable": false,
        "completion": {
          "date": null,
          "verb": null
        },
        "repo": "sample",
        "title": "Contribution café 59",
        "since": null,
        "done": null,
        "hold_reason": null
      },
      {
        "done": null,
        "hold_reason": null,
        "title": "Contribution café 60",
        "since": null,
        "captain_actionable": false,
        "hold_set": null,
        "completion": {
          "date": null,
          "verb": null
        },
        "repo": "sample",
        "pr_url": "https://github.com/example/repo/pull/61",
        "requires_child_metadata": false,
        "body_excerpt": null,
        "raw": "- [ ] task-0060 - Contribution café 60 https://github.com/example/repo/pull/61 (repo: sample) (kind: ship)",
        "blocked_reason": null,
        "blocked_by_ids": [],
        "report_path": null,
        "id": "task-0060",
        "state": "queued",
        "priority": null,
        "body_lines": [],
        "current_role": "queued",
        "kind": "ship",
        "checked": false,
        "structured": true,
        "order": 61,
        "hold_kind": null,
        "merged": null,
        "unresolved_blocker_ids": [],
        "blocked_by": null,
        "reported": null,
        "local_note": null,
        "links": [
          "https://github.com/example/repo/pull/61"
        ],
        "hold_age_days": null,
        "hold_until": null,
        "hold_bucket": null
      },
      {
        "requires_child_metadata": false,
        "pr_url": "https://github.com/example/repo/pull/62",
        "repo": "sample",
        "captain_actionable": false,
        "completion": {
          "date": null,
          "verb": null
        },
        "hold_set": null,
        "since": null,
        "title": "Contribution café 61",
        "done": null,
        "hold_reason": null,
        "priority": null,
        "state": "queued",
        "id": "task-0061",
        "report_path": null,
        "blocked_reason": null,
        "blocked_by_ids": [],
        "raw": "- [ ] task-0061 - Contribution café 61 https://github.com/example/repo/pull/62 (repo: sample) (kind: ship)",
        "body_excerpt": null,
        "reported": null,
        "local_note": null,
        "unresolved_blocker_ids": [],
        "blocked_by": null,
        "merged": null,
        "order": 62,
        "structured": true,
        "hold_kind": null,
        "checked": false,
        "kind": "ship",
        "current_role": "queued",
        "body_lines": [],
        "hold_bucket": null,
        "hold_until": null,
        "hold_age_days": null,
        "links": [
          "https://github.com/example/repo/pull/62"
        ]
      },
      {
        "pr_url": "https://github.com/example/repo/pull/63",
        "requires_child_metadata": false,
        "completion": {
          "date": null,
          "verb": null
        },
        "captain_actionable": false,
        "hold_set": null,
        "repo": "sample",
        "done": null,
        "hold_reason": null,
        "title": "Contribution café 62",
        "since": null,
        "state": "queued",
        "priority": null,
        "blocked_by_ids": [],
        "blocked_reason": null,
        "report_path": null,
        "id": "task-0062",
        "body_excerpt": null,
        "raw": "- [ ] task-0062 - Contribution café 62 https://github.com/example/repo/pull/63 (repo: sample) (kind: ship)",
        "blocked_by": null,
        "unresolved_blocker_ids": [],
        "local_note": null,
        "reported": null,
        "hold_kind": null,
        "structured": true,
        "order": 63,
        "merged": null,
        "body_lines": [],
        "current_role": "queued",
        "kind": "ship",
        "checked": false,
        "hold_until": null,
        "hold_bucket": null,
        "hold_age_days": null,
        "links": [
          "https://github.com/example/repo/pull/63"
        ]
      },
      {
        "links": [
          "https://github.com/example/repo/pull/64"
        ],
        "hold_age_days": null,
        "hold_bucket": null,
        "hold_until": null,
        "kind": "ship",
        "current_role": "queued",
        "checked": false,
        "body_lines": [],
        "hold_kind": null,
        "structured": true,
        "order": 64,
        "merged": null,
        "local_note": null,
        "reported": null,
        "blocked_by": null,
        "unresolved_blocker_ids": [],
        "raw": "- [ ] task-0063 - Contribution café 63 https://github.com/example/repo/pull/64 (repo: sample) (kind: ship)",
        "body_excerpt": null,
        "id": "task-0063",
        "blocked_by_ids": [],
        "blocked_reason": null,
        "report_path": null,
        "priority": null,
        "state": "queued",
        "since": null,
        "title": "Contribution café 63",
        "hold_reason": null,
        "done": null,
        "completion": {
          "date": null,
          "verb": null
        },
        "captain_actionable": false,
        "hold_set": null,
        "repo": "sample",
        "requires_child_metadata": false,
        "pr_url": "https://github.com/example/repo/pull/64"
      },
      {
        "links": [
          "https://github.com/example/repo/pull/65"
        ],
        "hold_bucket": null,
        "hold_until": null,
        "hold_age_days": null,
        "merged": null,
        "hold_kind": null,
        "structured": true,
        "order": 65,
        "checked": false,
        "kind": "ship",
        "current_role": "queued",
        "body_lines": [],
        "local_note": null,
        "reported": null,
        "blocked_by": null,
        "unresolved_blocker_ids": [],
        "raw": "- [ ] task-0064 - Contribution café 64 https://github.com/example/repo/pull/65 (repo: sample) (kind: ship)",
        "body_excerpt": null,
        "priority": null,
        "state": "queued",
        "id": "task-0064",
        "report_path": null,
        "blocked_reason": null,
        "blocked_by_ids": [],
        "title": "Contribution café 64",
        "since": null,
        "done": null,
        "hold_reason": null,
        "requires_child_metadata": false,
        "pr_url": "https://github.com/example/repo/pull/65",
        "repo": "sample",
        "hold_set": null,
        "captain_actionable": false,
        "completion": {
          "verb": null,
          "date": null
        }
      },
      {
        "pr_url": "https://github.com/example/repo/pull/66",
        "requires_child_metadata": false,
        "repo": "sample",
        "hold_set": null,
        "captain_actionable": false,
        "completion": {
          "date": null,
          "verb": null
        },
        "hold_reason": null,
        "done": null,
        "since": null,
        "title": "Contribution café 65",
        "state": "queued",
        "priority": null,
        "report_path": null,
        "blocked_by_ids": [],
        "blocked_reason": null,
        "id": "task-0065",
        "body_excerpt": null,
        "raw": "- [ ] task-0065 - Contribution café 65 https://github.com/example/repo/pull/66 (repo: sample) (kind: ship)",
        "blocked_by": null,
        "unresolved_blocker_ids": [],
        "local_note": null,
        "reported": null,
        "merged": null,
        "order": 66,
        "structured": true,
        "hold_kind": null,
        "body_lines": [],
        "checked": false,
        "kind": "ship",
        "current_role": "queued",
        "hold_until": null,
        "hold_bucket": null,
        "hold_age_days": null,
        "links": [
          "https://github.com/example/repo/pull/66"
        ]
      },
      {
        "kind": "ship",
        "current_role": "queued",
        "checked": false,
        "body_lines": [],
        "structured": true,
        "hold_kind": null,
        "order": 67,
        "merged": null,
        "reported": null,
        "local_note": null,
        "blocked_by": null,
        "unresolved_blocker_ids": [],
        "links": [
          "https://github.com/example/repo/pull/67"
        ],
        "hold_age_days": null,
        "hold_bucket": null,
        "hold_until": null,
        "title": "Contribution café 66",
        "since": null,
        "done": null,
        "hold_reason": null,
        "captain_actionable": false,
        "completion": {
          "verb": null,
          "date": null
        },
        "hold_set": null,
        "repo": "sample",
        "requires_child_metadata": false,
        "pr_url": "https://github.com/example/repo/pull/67",
        "raw": "- [ ] task-0066 - Contribution café 66 https://github.com/example/repo/pull/67 (repo: sample) (kind: ship)",
        "body_excerpt": null,
        "id": "task-0066",
        "blocked_reason": null,
        "blocked_by_ids": [],
        "report_path": null,
        "priority": null,
        "state": "queued"
      },
      {
        "hold_bucket": null,
        "hold_until": null,
        "hold_age_days": null,
        "links": [
          "https://github.com/example/repo/pull/68"
        ],
        "local_note": null,
        "reported": null,
        "unresolved_blocker_ids": [],
        "blocked_by": null,
        "merged": null,
        "structured": true,
        "hold_kind": null,
        "order": 68,
        "checked": false,
        "current_role": "queued",
        "kind": "ship",
        "body_lines": [],
        "priority": null,
        "state": "queued",
        "id": "task-0067",
        "report_path": null,
        "blocked_reason": null,
        "blocked_by_ids": [],
        "raw": "- [ ] task-0067 - Contribution café 67 https://github.com/example/repo/pull/68 (repo: sample) (kind: ship)",
        "body_excerpt": null,
        "requires_child_metadata": false,
        "pr_url": "https://github.com/example/repo/pull/68",
        "repo": "sample",
        "completion": {
          "verb": null,
          "date": null
        },
        "captain_actionable": false,
        "hold_set": null,
        "title": "Contribution café 67",
        "since": null,
        "done": null,
        "hold_reason": null
      },
      {
        "order": 69,
        "hold_kind": null,
        "structured": true,
        "merged": null,
        "body_lines": [],
        "current_role": "queued",
        "kind": "ship",
        "checked": false,
        "unresolved_blocker_ids": [],
        "blocked_by": null,
        "reported": null,
        "local_note": null,
        "links": [
          "https://github.com/example/repo/pull/69"
        ],
        "hold_until": null,
        "hold_bucket": null,
        "hold_age_days": null,
        "done": null,
        "hold_reason": null,
        "since": null,
        "title": "Contribution café 68",
        "pr_url": "https://github.com/example/repo/pull/69",
        "requires_child_metadata": false,
        "completion": {
          "verb": null,
          "date": null
        },
        "captain_actionable": false,
        "hold_set": null,
        "repo": "sample",
        "body_excerpt": null,
        "raw": "- [ ] task-0068 - Contribution café 68 https://github.com/example/repo/pull/69 (repo: sample) (kind: ship)",
        "state": "queued",
        "priority": null,
        "blocked_by_ids": [],
        "blocked_reason": null,
        "report_path": null,
        "id": "task-0068"
      },
      {
        "links": [
          "https://github.com/example/repo/pull/70"
        ],
        "hold_age_days": null,
        "hold_bucket": null,
        "hold_until": null,
        "checked": false,
        "current_role": "queued",
        "kind": "ship",
        "body_lines": [],
        "merged": null,
        "structured": true,
        "order": 70,
        "hold_kind": null,
        "reported": null,
        "local_note": null,
        "unresolved_blocker_ids": [],
        "blocked_by": null,
        "raw": "- [ ] task-0069 - Contribution café 69 https://github.com/example/repo/pull/70 (repo: sample) (kind: ship)",
        "body_excerpt": null,
        "id": "task-0069",
        "report_path": null,
        "blocked_reason": null,
        "blocked_by_ids": [],
        "priority": null,
        "state": "queued",
        "title": "Contribution café 69",
        "since": null,
        "done": null,
        "hold_reason": null,
        "repo": "sample",
        "hold_set": null,
        "captain_actionable": false,
        "completion": {
          "verb": null,
          "date": null
        },
        "requires_child_metadata": false,
        "pr_url": "https://github.com/example/repo/pull/70"
      },
      {
        "hold_age_days": null,
        "hold_until": null,
        "hold_bucket": null,
        "links": [
          "https://github.com/example/repo/pull/71"
        ],
        "blocked_by": null,
        "unresolved_blocker_ids": [],
        "reported": null,
        "local_note": null,
        "body_lines": [],
        "current_role": "queued",
        "kind": "ship",
        "checked": false,
        "order": 71,
        "hold_kind": null,
        "structured": true,
        "merged": null,
        "blocked_reason": null,
        "blocked_by_ids": [],
        "report_path": null,
        "id": "task-0070",
        "state": "queued",
        "priority": null,
        "body_excerpt": null,
        "raw": "- [ ] task-0070 - Contribution café 70 https://github.com/example/repo/pull/71 (repo: sample) (kind: ship)",
        "captain_actionable": false,
        "completion": {
          "date": null,
          "verb": null
        },
        "hold_set": null,
        "repo": "sample",
        "pr_url": "https://github.com/example/repo/pull/71",
        "requires_child_metadata": false,
        "done": null,
        "hold_reason": null,
        "since": null,
        "title": "Contribution café 70"
      },
      {
        "requires_child_metadata": false,
        "pr_url": "https://github.com/example/repo/pull/72",
        "captain_actionable": false,
        "completion": {
          "date": null,
          "verb": null
        },
        "hold_set": null,
        "repo": "sample",
        "title": "Contribution café 71",
        "since": null,
        "hold_reason": null,
        "done": null,
        "priority": null,
        "state": "queued",
        "id": "task-0071",
        "blocked_by_ids": [],
        "blocked_reason": null,
        "report_path": null,
        "raw": "- [ ] task-0071 - Contribution café 71 https://github.com/example/repo/pull/72 (repo: sample) (kind: ship)",
        "body_excerpt": null,
        "reported": null,
        "local_note": null,
        "unresolved_blocker_ids": [],
        "blocked_by": null,
        "hold_kind": null,
        "structured": true,
        "order": 72,
        "merged": null,
        "kind": "ship",
        "current_role": "queued",
        "checked": false,
        "body_lines": [],
        "hold_bucket": null,
        "hold_until": null,
        "hold_age_days": null,
        "links": [
          "https://github.com/example/repo/pull/72"
        ]
      },
      {
        "hold_age_days": null,
        "hold_bucket": null,
        "hold_until": null,
        "links": [
          "https://github.com/example/repo/pull/73"
        ],
        "local_note": null,
        "reported": null,
        "blocked_by": null,
        "unresolved_blocker_ids": [],
        "kind": "ship",
        "current_role": "queued",
        "checked": false,
        "body_lines": [],
        "hold_kind": null,
        "order": 73,
        "structured": true,
        "merged": null,
        "id": "task-0072",
        "blocked_reason": null,
        "blocked_by_ids": [],
        "report_path": null,
        "priority": null,
        "state": "queued",
        "raw": "- [ ] task-0072 - Contribution café 72 https://github.com/example/repo/pull/73 (repo: sample) (kind: ship)",
        "body_excerpt": null,
        "captain_actionable": false,
        "hold_set": null,
        "completion": {
          "verb": null,
          "date": null
        },
        "repo": "sample",
        "requires_child_metadata": false,
        "pr_url": "https://github.com/example/repo/pull/73",
        "since": null,
        "title": "Contribution café 72",
        "done": null,
        "hold_reason": null
      },
      {
        "repo": "sample",
        "completion": {
          "date": null,
          "verb": null
        },
        "captain_actionable": false,
        "hold_set": null,
        "pr_url": "https://github.com/example/repo/pull/74",
        "requires_child_metadata": false,
        "done": null,
        "hold_reason": null,
        "since": null,
        "title": "Contribution café 73",
        "report_path": null,
        "blocked_reason": null,
        "blocked_by_ids": [],
        "id": "task-0073",
        "state": "queued",
        "priority": null,
        "body_excerpt": null,
        "raw": "- [ ] task-0073 - Contribution café 73 https://github.com/example/repo/pull/74 (repo: sample) (kind: ship)",
        "unresolved_blocker_ids": [],
        "blocked_by": null,
        "local_note": null,
        "reported": null,
        "body_lines": [],
        "checked": false,
        "current_role": "queued",
        "kind": "ship",
        "merged": null,
        "structured": true,
        "hold_kind": null,
        "order": 74,
        "hold_age_days": null,
        "hold_until": null,
        "hold_bucket": null,
        "links": [
          "https://github.com/example/repo/pull/74"
        ]
      },
      {
        "hold_set": null,
        "captain_actionable": false,
        "completion": {
          "date": null,
          "verb": null
        },
        "repo": "sample",
        "requires_child_metadata": false,
        "pr_url": "https://github.com/example/repo/pull/75",
        "title": "Contribution café 74",
        "since": null,
        "done": null,
        "hold_reason": null,
        "id": "task-0074",
        "blocked_reason": null,
        "blocked_by_ids": [],
        "report_path": null,
        "priority": null,
        "state": "queued",
        "raw": "- [ ] task-0074 - Contribution café 74 https://github.com/example/repo/pull/75 (repo: sample) (kind: ship)",
        "body_excerpt": null,
        "reported": null,
        "local_note": null,
        "unresolved_blocker_ids": [],
        "blocked_by": null,
        "kind": "ship",
        "current_role": "queued",
        "checked": false,
        "body_lines": [],
        "order": 75,
        "structured": true,
        "hold_kind": null,
        "merged": null,
        "hold_age_days": null,
        "hold_bucket": null,
        "hold_until": null,
        "links": [
          "https://github.com/example/repo/pull/75"
        ]
      },
      {
        "body_excerpt": null,
        "raw": "- [ ] task-0075 - Contribution café 75 https://github.com/example/repo/pull/76 (repo: sample) (kind: ship)",
        "blocked_by_ids": [],
        "blocked_reason": null,
        "report_path": null,
        "id": "task-0075",
        "state": "queued",
        "priority": null,
        "done": null,
        "hold_reason": null,
        "title": "Contribution café 75",
        "since": null,
        "hold_set": null,
        "captain_actionable": false,
        "completion": {
          "verb": null,
          "date": null
        },
        "repo": "sample",
        "pr_url": "https://github.com/example/repo/pull/76",
        "requires_child_metadata": false,
        "links": [
          "https://github.com/example/repo/pull/76"
        ],
        "hold_age_days": null,
        "hold_until": null,
        "hold_bucket": null,
        "body_lines": [],
        "current_role": "queued",
        "kind": "ship",
        "checked": false,
        "hold_kind": null,
        "structured": true,
        "order": 76,
        "merged": null,
        "unresolved_blocker_ids": [],
        "blocked_by": null,
        "local_note": null,
        "reported": null
      },
      {
        "title": "Contribution café 76",
        "since": null,
        "done": null,
        "hold_reason": null,
        "requires_child_metadata": false,
        "pr_url": "https://github.com/example/repo/pull/77",
        "hold_set": null,
        "captain_actionable": false,
        "completion": {
          "verb": null,
          "date": null
        },
        "repo": "sample",
        "raw": "- [ ] task-0076 - Contribution café 76 https://github.com/example/repo/pull/77 (repo: sample) (kind: ship)",
        "body_excerpt": null,
        "priority": null,
        "state": "queued",
        "id": "task-0076",
        "blocked_by_ids": [],
        "blocked_reason": null,
        "report_path": null,
        "order": 77,
        "structured": true,
        "hold_kind": null,
        "merged": null,
        "kind": "ship",
        "current_role": "queued",
        "checked": false,
        "body_lines": [],
        "local_note": null,
        "reported": null,
        "unresolved_blocker_ids": [],
        "blocked_by": null,
        "links": [
          "https://github.com/example/repo/pull/77"
        ],
        "hold_bucket": null,
        "hold_until": null,
        "hold_age_days": null
      },
      {
        "links": [
          "https://github.com/example/repo/pull/78"
        ],
        "hold_bucket": null,
        "hold_until": null,
        "hold_age_days": null,
        "merged": null,
        "structured": true,
        "order": 78,
        "hold_kind": null,
        "checked": false,
        "current_role": "queued",
        "kind": "ship",
        "body_lines": [],
        "reported": null,
        "local_note": null,
        "unresolved_blocker_ids": [],
        "blocked_by": null,
        "raw": "- [ ] task-0077 - Contribution café 77 https://github.com/example/repo/pull/78 (repo: sample) (kind: ship)",
        "body_excerpt": null,
        "priority": null,
        "state": "queued",
        "id": "task-0077",
        "report_path": null,
        "blocked_by_ids": [],
        "blocked_reason": null,
        "title": "Contribution café 77",
        "since": null,
        "done": null,
        "hold_reason": null,
        "requires_child_metadata": false,
        "pr_url": "https://github.com/example/repo/pull/78",
        "repo": "sample",
        "completion": {
          "date": null,
          "verb": null
        },
        "captain_actionable": false,
        "hold_set": null
      },
      {
        "hold_age_days": null,
        "hold_bucket": null,
        "hold_until": null,
        "links": [
          "https://github.com/example/repo/pull/79"
        ],
        "local_note": null,
        "reported": null,
        "unresolved_blocker_ids": [],
        "blocked_by": null,
        "checked": false,
        "kind": "ship",
        "current_role": "queued",
        "body_lines": [],
        "merged": null,
        "hold_kind": null,
        "structured": true,
        "order": 79,
        "id": "task-0078",
        "report_path": null,
        "blocked_reason": null,
        "blocked_by_ids": [],
        "priority": null,
        "state": "queued",
        "raw": "- [ ] task-0078 - Contribution café 78 https://github.com/example/repo/pull/79 (repo: sample) (kind: ship)",
        "body_excerpt": null,
        "repo": "sample",
        "completion": {
          "date": null,
          "verb": null
        },
        "captain_actionable": false,
        "hold_set": null,
        "requires_child_metadata": false,
        "pr_url": "https://github.com/example/repo/pull/79",
        "since": null,
        "title": "Contribution café 78",
        "done": null,
        "hold_reason": null
      },
      {
        "blocked_reason": null,
        "blocked_by_ids": [],
        "report_path": null,
        "id": "task-0079",
        "state": "queued",
        "priority": null,
        "body_excerpt": null,
        "raw": "- [ ] task-0079 - Contribution café 79 https://github.com/example/repo/pull/80 (repo: sample) (kind: ship)",
        "completion": {
          "date": null,
          "verb": null
        },
        "captain_actionable": false,
        "hold_set": null,
        "repo": "sample",
        "pr_url": "https://github.com/example/repo/pull/80",
        "requires_child_metadata": false,
        "done": null,
        "hold_reason": null,
        "since": null,
        "title": "Contribution café 79",
        "hold_age_days": null,
        "hold_until": null,
        "hold_bucket": null,
        "links": [
          "https://github.com/example/repo/pull/80"
        ],
        "unresolved_blocker_ids": [],
        "blocked_by": null,
        "reported": null,
        "local_note": null,
        "body_lines": [],
        "current_role": "queued",
        "kind": "ship",
        "checked": false,
        "hold_kind": null,
        "order": 80,
        "structured": true,
        "merged": null
      },
      {
        "body_lines": [],
        "current_role": "queued",
        "kind": "ship",
        "checked": false,
        "order": 81,
        "structured": true,
        "hold_kind": null,
        "merged": null,
        "blocked_by": null,
        "unresolved_blocker_ids": [],
        "reported": null,
        "local_note": null,
        "links": [
          "https://github.com/example/repo/pull/81"
        ],
        "hold_age_days": null,
        "hold_until": null,
        "hold_bucket": null,
        "done": null,
        "hold_reason": null,
        "title": "Contribution café 80",
        "since": null,
        "captain_actionable": false,
        "completion": {
          "verb": null,
          "date": null
        },
        "hold_set": null,
        "repo": "sample",
        "pr_url": "https://github.com/example/repo/pull/81",
        "requires_child_metadata": false,
        "body_excerpt": null,
        "raw": "- [ ] task-0080 - Contribution café 80 https://github.com/example/repo/pull/81 (repo: sample) (kind: ship)",
        "blocked_by_ids": [],
        "blocked_reason": null,
        "report_path": null,
        "id": "task-0080",
        "state": "queued",
        "priority": null
      },
      {
        "hold_kind": null,
        "structured": true,
        "order": 82,
        "merged": null,
        "kind": "ship",
        "current_role": "queued",
        "checked": false,
        "body_lines": [],
        "reported": null,
        "local_note": null,
        "blocked_by": null,
        "unresolved_blocker_ids": [],
        "links": [
          "https://github.com/example/repo/pull/82"
        ],
        "hold_bucket": null,
        "hold_until": null,
        "hold_age_days": null,
        "title": "Contribution café 81",
        "since": null,
        "done": null,
        "hold_reason": null,
        "requires_child_metadata": false,
        "pr_url": "https://github.com/example/repo/pull/82",
        "captain_actionable": false,
        "completion": {
          "verb": null,
          "date": null
        },
        "hold_set": null,
        "repo": "sample",
        "raw": "- [ ] task-0081 - Contribution café 81 https://github.com/example/repo/pull/82 (repo: sample) (kind: ship)",
        "body_excerpt": null,
        "priority": null,
        "state": "queued",
        "id": "task-0081",
        "blocked_by_ids": [],
        "blocked_reason": null,
        "report_path": null
      },
      {
        "done": null,
        "hold_reason": null,
        "since": null,
        "title": "Contribution café 82",
        "hold_set": null,
        "captain_actionable": false,
        "completion": {
          "date": null,
          "verb": null
        },
        "repo": "sample",
        "pr_url": "https://github.com/example/repo/pull/83",
        "requires_child_metadata": false,
        "body_excerpt": null,
        "raw": "- [ ] task-0082 - Contribution café 82 https://github.com/example/repo/pull/83 (repo: sample) (kind: ship)",
        "blocked_by_ids": [],
        "blocked_reason": null,
        "report_path": null,
        "id": "task-0082",
        "state": "queued",
        "priority": null,
        "body_lines": [],
        "kind": "ship",
        "current_role": "queued",
        "checked": false,
        "order": 83,
        "hold_kind": null,
        "structured": true,
        "merged": null,
        "blocked_by": null,
        "unresolved_blocker_ids": [],
        "reported": null,
        "local_note": null,
        "links": [
          "https://github.com/example/repo/pull/83"
        ],
        "hold_age_days": null,
        "hold_until": null,
        "hold_bucket": null
      },
      {
        "merged": null,
        "structured": true,
        "hold_kind": null,
        "order": 84,
        "body_lines": [],
        "checked": false,
        "kind": "ship",
        "current_role": "queued",
        "unresolved_blocker_ids": [],
        "blocked_by": null,
        "reported": null,
        "local_note": null,
        "links": [
          "https://github.com/example/repo/pull/84"
        ],
        "hold_until": null,
        "hold_bucket": null,
        "hold_age_days": null,
        "done": null,
        "hold_reason": null,
        "title": "Contribution café 83",
        "since": null,
        "pr_url": "https://github.com/example/repo/pull/84",
        "requires_child_metadata": false,
        "repo": "sample",
        "captain_actionable": false,
        "hold_set": null,
        "completion": {
          "verb": null,
          "date": null
        },
        "body_excerpt": null,
        "raw": "- [ ] task-0083 - Contribution café 83 https://github.com/example/repo/pull/84 (repo: sample) (kind: ship)",
        "state": "queued",
        "priority": null,
        "report_path": null,
        "blocked_reason": null,
        "blocked_by_ids": [],
        "id": "task-0083"
      },
      {
        "hold_age_days": null,
        "hold_until": null,
        "hold_bucket": null,
        "links": [
          "https://github.com/example/repo/pull/85"
        ],
        "unresolved_blocker_ids": [],
        "blocked_by": null,
        "local_note": null,
        "reported": null,
        "body_lines": [],
        "kind": "ship",
        "current_role": "queued",
        "checked": false,
        "structured": true,
        "hold_kind": null,
        "order": 85,
        "merged": null,
        "blocked_by_ids": [],
        "blocked_reason": null,
        "report_path": null,
        "id": "task-0084",
        "state": "queued",
        "priority": null,
        "body_excerpt": null,
        "raw": "- [ ] task-0084 - Contribution café 84 https://github.com/example/repo/pull/85 (repo: sample) (kind: ship)",
        "hold_set": null,
        "captain_actionable": false,
        "completion": {
          "verb": null,
          "date": null
        },
        "repo": "sample",
        "pr_url": "https://github.com/example/repo/pull/85",
        "requires_child_metadata": false,
        "hold_reason": null,
        "done": null,
        "title": "Contribution café 84",
        "since": null
      },
      {
        "hold_bucket": null,
        "hold_until": null,
        "hold_age_days": null,
        "links": [
          "https://github.com/example/repo/pull/86"
        ],
        "reported": null,
        "local_note": null,
        "blocked_by": null,
        "unresolved_blocker_ids": [],
        "structured": true,
        "order": 86,
        "hold_kind": null,
        "merged": null,
        "current_role": "queued",
        "kind": "ship",
        "checked": false,
        "body_lines": [],
        "priority": null,
        "state": "queued",
        "id": "task-0085",
        "blocked_reason": null,
        "blocked_by_ids": [],
        "report_path": null,
        "raw": "- [ ] task-0085 - Contribution café 85 https://github.com/example/repo/pull/86 (repo: sample) (kind: ship)",
        "body_excerpt": null,
        "requires_child_metadata": false,
        "pr_url": "https://github.com/example/repo/pull/86",
        "captain_actionable": false,
        "hold_set": null,
        "completion": {
          "verb": null,
          "date": null
        },
        "repo": "sample",
        "since": null,
        "title": "Contribution café 85",
        "hold_reason": null,
        "done": null
      },
      {
        "body_excerpt": null,
        "raw": "- [ ] task-0086 - Contribution café 86 https://github.com/example/repo/pull/87 (repo: sample) (kind: ship)",
        "state": "queued",
        "priority": null,
        "report_path": null,
        "blocked_by_ids": [],
        "blocked_reason": null,
        "id": "task-0086",
        "done": null,
        "hold_reason": null,
        "title": "Contribution café 86",
        "since": null,
        "pr_url": "https://github.com/example/repo/pull/87",
        "requires_child_metadata": false,
        "repo": "sample",
        "captain_actionable": false,
        "hold_set": null,
        "completion": {
          "date": null,
          "verb": null
        },
        "links": [
          "https://github.com/example/repo/pull/87"
        ],
        "hold_until": null,
        "hold_bucket": null,
        "hold_age_days": null,
        "merged": null,
        "structured": true,
        "order": 87,
        "hold_kind": null,
        "body_lines": [],
        "checked": false,
        "current_role": "queued",
        "kind": "ship",
        "unresolved_blocker_ids": [],
        "blocked_by": null,
        "reported": null,
        "local_note": null
      },
      {
        "reported": null,
        "local_note": null,
        "blocked_by": null,
        "unresolved_blocker_ids": [],
        "merged": null,
        "hold_kind": null,
        "structured": true,
        "order": 88,
        "checked": false,
        "current_role": "queued",
        "kind": "ship",
        "body_lines": [],
        "hold_bucket": null,
        "hold_until": null,
        "hold_age_days": null,
        "links": [
          "https://github.com/example/repo/pull/88"
        ],
        "requires_child_metadata": false,
        "pr_url": "https://github.com/example/repo/pull/88",
        "repo": "sample",
        "completion": {
          "verb": null,
          "date": null
        },
        "captain_actionable": false,
        "hold_set": null,
        "title": "Contribution café 87",
        "since": null,
        "done": null,
        "hold_reason": null,
        "priority": null,
        "state": "queued",
        "id": "task-0087",
        "report_path": null,
        "blocked_by_ids": [],
        "blocked_reason": null,
        "raw": "- [ ] task-0087 - Contribution café 87 https://github.com/example/repo/pull/88 (repo: sample) (kind: ship)",
        "body_excerpt": null
      },
      {
        "body_excerpt": null,
        "raw": "- [ ] task-0088 - Contribution café 88 https://github.com/example/repo/pull/89 (repo: sample) (kind: ship)",
        "state": "queued",
        "priority": null,
        "report_path": null,
        "blocked_reason": null,
        "blocked_by_ids": [],
        "id": "task-0088",
        "done": null,
        "hold_reason": null,
        "title": "Contribution café 88",
        "since": null,
        "pr_url": "https://github.com/example/repo/pull/89",
        "requires_child_metadata": false,
        "repo": "sample",
        "hold_set": null,
        "captain_actionable": false,
        "completion": {
          "verb": null,
          "date": null
        },
        "links": [
          "https://github.com/example/repo/pull/89"
        ],
        "hold_until": null,
        "hold_bucket": null,
        "hold_age_days": null,
        "merged": null,
        "hold_kind": null,
        "structured": true,
        "order": 89,
        "body_lines": [],
        "checked": false,
        "current_role": "queued",
        "kind": "ship",
        "blocked_by": null,
        "unresolved_blocker_ids": [],
        "reported": null,
        "local_note": null
      },
      {
        "captain_actionable": false,
        "hold_set": null,
        "completion": {
          "verb": null,
          "date": null
        },
        "repo": "sample",
        "pr_url": "https://github.com/example/repo/pull/90",
        "requires_child_metadata": false,
        "done": null,
        "hold_reason": null,
        "title": "Contribution café 89",
        "since": null,
        "blocked_by_ids": [],
        "blocked_reason": null,
        "report_path": null,
        "id": "task-0089",
        "state": "queued",
        "priority": null,
        "body_excerpt": null,
        "raw": "- [ ] task-0089 - Contribution café 89 https://github.com/example/repo/pull/90 (repo: sample) (kind: ship)",
        "unresolved_blocker_ids": [],
        "blocked_by": null,
        "local_note": null,
        "reported": null,
        "body_lines": [],
        "current_role": "queued",
        "kind": "ship",
        "checked": false,
        "structured": true,
        "hold_kind": null,
        "order": 90,
        "merged": null,
        "hold_age_days": null,
        "hold_until": null,
        "hold_bucket": null,
        "links": [
          "https://github.com/example/repo/pull/90"
        ]
      },
      {
        "priority": null,
        "state": "queued",
        "id": "task-0090",
        "blocked_reason": null,
        "blocked_by_ids": [],
        "report_path": null,
        "raw": "- [ ] task-0090 - Contribution café 90 https://github.com/example/repo/pull/91 (repo: sample) (kind: ship)",
        "body_excerpt": null,
        "requires_child_metadata": false,
        "pr_url": "https://github.com/example/repo/pull/91",
        "hold_set": null,
        "captain_actionable": false,
        "completion": {
          "date": null,
          "verb": null
        },
        "repo": "sample",
        "since": null,
        "title": "Contribution café 90",
        "done": null,
        "hold_reason": null,
        "hold_bucket": null,
        "hold_until": null,
        "hold_age_days": null,
        "links": [
          "https://github.com/example/repo/pull/91"
        ],
        "reported": null,
        "local_note": null,
        "blocked_by": null,
        "unresolved_blocker_ids": [],
        "order": 91,
        "hold_kind": null,
        "structured": true,
        "merged": null,
        "kind": "ship",
        "current_role": "queued",
        "checked": false,
        "body_lines": []
      },
      {
        "hold_age_days": null,
        "hold_bucket": null,
        "hold_until": null,
        "links": [
          "https://github.com/example/repo/pull/92"
        ],
        "local_note": null,
        "reported": null,
        "blocked_by": null,
        "unresolved_blocker_ids": [],
        "kind": "ship",
        "current_role": "queued",
        "checked": false,
        "body_lines": [],
        "order": 92,
        "hold_kind": null,
        "structured": true,
        "merged": null,
        "id": "task-0091",
        "blocked_by_ids": [],
        "blocked_reason": null,
        "report_path": null,
        "priority": null,
        "state": "queued",
        "raw": "- [ ] task-0091 - Contribution café 91 https://github.com/example/repo/pull/92 (repo: sample) (kind: ship)",
        "body_excerpt": null,
        "completion": {
          "verb": null,
          "date": null
        },
        "captain_actionable": false,
        "hold_set": null,
        "repo": "sample",
        "requires_child_metadata": false,
        "pr_url": "https://github.com/example/repo/pull/92",
        "since": null,
        "title": "Contribution café 91",
        "done": null,
        "hold_reason": null
      },
      {
        "blocked_by": null,
        "unresolved_blocker_ids": [],
        "reported": null,
        "local_note": null,
        "structured": true,
        "order": 93,
        "hold_kind": null,
        "merged": null,
        "body_lines": [],
        "kind": "ship",
        "current_role": "queued",
        "checked": false,
        "hold_until": null,
        "hold_bucket": null,
        "hold_age_days": null,
        "links": [
          "https://github.com/example/repo/pull/93"
        ],
        "pr_url": "https://github.com/example/repo/pull/93",
        "requires_child_metadata": false,
        "completion": {
          "verb": null,
          "date": null
        },
        "captain_actionable": false,
        "hold_set": null,
        "repo": "sample",
        "hold_reason": null,
        "done": null,
        "since": null,
        "title": "Contribution café 92",
        "state": "queued",
        "priority": null,
        "blocked_reason": null,
        "blocked_by_ids": [],
        "report_path": null,
        "id": "task-0092",
        "body_excerpt": null,
        "raw": "- [ ] task-0092 - Contribution café 92 https://github.com/example/repo/pull/93 (repo: sample) (kind: ship)"
      },
      {
        "priority": null,
        "state": "queued",
        "id": "task-0093",
        "blocked_by_ids": [],
        "blocked_reason": null,
        "report_path": null,
        "raw": "- [ ] task-0093 - Contribution café 93 https://github.com/example/repo/pull/94 (repo: sample) (kind: ship)",
        "body_excerpt": null,
        "requires_child_metadata": false,
        "pr_url": "https://github.com/example/repo/pull/94",
        "completion": {
          "date": null,
          "verb": null
        },
        "captain_actionable": false,
        "hold_set": null,
        "repo": "sample",
        "since": null,
        "title": "Contribution café 93",
        "done": null,
        "hold_reason": null,
        "hold_bucket": null,
        "hold_until": null,
        "hold_age_days": null,
        "links": [
          "https://github.com/example/repo/pull/94"
        ],
        "local_note": null,
        "reported": null,
        "unresolved_blocker_ids": [],
        "blocked_by": null,
        "hold_kind": null,
        "structured": true,
        "order": 94,
        "merged": null,
        "kind": "ship",
        "current_role": "queued",
        "checked": false,
        "body_lines": []
      },
      {
        "state": "queued",
        "priority": null,
        "report_path": null,
        "blocked_reason": null,
        "blocked_by_ids": [],
        "id": "task-0094",
        "body_excerpt": null,
        "raw": "- [ ] task-0094 - Contribution café 94 https://github.com/example/repo/pull/95 (repo: sample) (kind: ship)",
        "pr_url": "https://github.com/example/repo/pull/95",
        "requires_child_metadata": false,
        "repo": "sample",
        "hold_set": null,
        "captain_actionable": false,
        "completion": {
          "date": null,
          "verb": null
        },
        "done": null,
        "hold_reason": null,
        "since": null,
        "title": "Contribution café 94",
        "hold_until": null,
        "hold_bucket": null,
        "hold_age_days": null,
        "links": [
          "https://github.com/example/repo/pull/95"
        ],
        "unresolved_blocker_ids": [],
        "blocked_by": null,
        "reported": null,
        "local_note": null,
        "merged": null,
        "structured": true,
        "order": 95,
        "hold_kind": null,
        "body_lines": [],
        "checked": false,
        "current_role": "queued",
        "kind": "ship"
      },
      {
        "done": null,
        "hold_reason": null,
        "since": null,
        "title": "Contribution café 95",
        "pr_url": "https://github.com/example/repo/pull/96",
        "requires_child_metadata": false,
        "repo": "sample",
        "completion": {
          "date": null,
          "verb": null
        },
        "captain_actionable": false,
        "hold_set": null,
        "body_excerpt": null,
        "raw": "- [ ] task-0095 - Contribution café 95 https://github.com/example/repo/pull/96 (repo: sample) (kind: ship)",
        "state": "queued",
        "priority": null,
        "report_path": null,
        "blocked_reason": null,
        "blocked_by_ids": [],
        "id": "task-0095",
        "merged": null,
        "order": 96,
        "structured": true,
        "hold_kind": null,
        "body_lines": [],
        "checked": false,
        "current_role": "queued",
        "kind": "ship",
        "blocked_by": null,
        "unresolved_blocker_ids": [],
        "reported": null,
        "local_note": null,
        "links": [
          "https://github.com/example/repo/pull/96"
        ],
        "hold_until": null,
        "hold_bucket": null,
        "hold_age_days": null
      },
      {
        "requires_child_metadata": false,
        "pr_url": "https://github.com/example/repo/pull/97",
        "completion": {
          "date": null,
          "verb": null
        },
        "captain_actionable": false,
        "hold_set": null,
        "repo": "sample",
        "title": "Contribution café 96",
        "since": null,
        "done": null,
        "hold_reason": null,
        "priority": null,
        "state": "queued",
        "id": "task-0096",
        "blocked_reason": null,
        "blocked_by_ids": [],
        "report_path": null,
        "raw": "- [ ] task-0096 - Contribution café 96 https://github.com/example/repo/pull/97 (repo: sample) (kind: ship)",
        "body_excerpt": null,
        "local_note": null,
        "reported": null,
        "blocked_by": null,
        "unresolved_blocker_ids": [],
        "order": 97,
        "structured": true,
        "hold_kind": null,
        "merged": null,
        "current_role": "queued",
        "kind": "ship",
        "checked": false,
        "body_lines": [],
        "hold_bucket": null,
        "hold_until": null,
        "hold_age_days": null,
        "links": [
          "https://github.com/example/repo/pull/97"
        ]
      },
      {
        "done": null,
        "hold_reason": null,
        "title": "Contribution café 97",
        "since": null,
        "hold_set": null,
        "captain_actionable": false,
        "completion": {
          "date": null,
          "verb": null
        },
        "repo": "sample",
        "pr_url": "https://github.com/example/repo/pull/98",
        "requires_child_metadata": false,
        "body_excerpt": null,
        "raw": "- [ ] task-0097 - Contribution café 97 https://github.com/example/repo/pull/98 (repo: sample) (kind: ship)",
        "blocked_by_ids": [],
        "blocked_reason": null,
        "report_path": null,
        "id": "task-0097",
        "state": "queued",
        "priority": null,
        "body_lines": [],
        "current_role": "queued",
        "kind": "ship",
        "checked": false,
        "hold_kind": null,
        "order": 98,
        "structured": true,
        "merged": null,
        "blocked_by": null,
        "unresolved_blocker_ids": [],
        "local_note": null,
        "reported": null,
        "links": [
          "https://github.com/example/repo/pull/98"
        ],
        "hold_age_days": null,
        "hold_until": null,
        "hold_bucket": null
      },
      {
        "raw": "- [ ] task-0098 - Contribution café 98 https://github.com/example/repo/pull/99 (repo: sample) (kind: ship)",
        "body_excerpt": null,
        "id": "task-0098",
        "report_path": null,
        "blocked_reason": null,
        "blocked_by_ids": [],
        "priority": null,
        "state": "queued",
        "since": null,
        "title": "Contribution café 98",
        "done": null,
        "hold_reason": null,
        "repo": "sample",
        "hold_set": null,
        "captain_actionable": false,
        "completion": {
          "date": null,
          "verb": null
        },
        "requires_child_metadata": false,
        "pr_url": "https://github.com/example/repo/pull/99",
        "links": [
          "https://github.com/example/repo/pull/99"
        ],
        "hold_age_days": null,
        "hold_bucket": null,
        "hold_until": null,
        "checked": false,
        "kind": "ship",
        "current_role": "queued",
        "body_lines": [],
        "merged": null,
        "order": 99,
        "structured": true,
        "hold_kind": null,
        "reported": null,
        "local_note": null,
        "unresolved_blocker_ids": [],
        "blocked_by": null
      },
      {
        "checked": false,
        "kind": "ship",
        "current_role": "queued",
        "body_lines": [],
        "merged": null,
        "structured": true,
        "order": 100,
        "hold_kind": null,
        "local_note": null,
        "reported": null,
        "unresolved_blocker_ids": [],
        "blocked_by": null,
        "links": [
          "https://github.com/example/repo/pull/100"
        ],
        "hold_age_days": null,
        "hold_bucket": null,
        "hold_until": null,
        "since": null,
        "title": "Contribution café 99",
        "done": null,
        "hold_reason": null,
        "repo": "sample",
        "captain_actionable": false,
        "completion": {
          "date": null,
          "verb": null
        },
        "hold_set": null,
        "requires_child_metadata": false,
        "pr_url": "https://github.com/example/repo/pull/100",
        "raw": "- [ ] task-0099 - Contribution café 99 https://github.com/example/repo/pull/100 (repo: sample) (kind: ship)",
        "body_excerpt": null,
        "id": "task-0099",
        "report_path": null,
        "blocked_reason": null,
        "blocked_by_ids": [],
        "priority": null,
        "state": "queued"
      },
      {
        "body_excerpt": null,
        "raw": "- [ ] task-0100 - Contribution café 100 https://github.com/example/repo/pull/101 (repo: sample) (kind: ship)",
        "blocked_by_ids": [],
        "blocked_reason": null,
        "report_path": null,
        "id": "task-0100",
        "state": "queued",
        "priority": null,
        "done": null,
        "hold_reason": null,
        "since": null,
        "title": "Contribution café 100",
        "captain_actionable": false,
        "hold_set": null,
        "completion": {
          "date": null,
          "verb": null
        },
        "repo": "sample",
        "pr_url": "https://github.com/example/repo/pull/101",
        "requires_child_metadata": false,
        "links": [
          "https://github.com/example/repo/pull/101"
        ],
        "hold_age_days": null,
        "hold_until": null,
        "hold_bucket": null,
        "body_lines": [],
        "current_role": "queued",
        "kind": "ship",
        "checked": false,
        "structured": true,
        "order": 101,
        "hold_kind": null,
        "merged": null,
        "blocked_by": null,
        "unresolved_blocker_ids": [],
        "local_note": null,
        "reported": null
      },
      {
        "raw": "- [ ] task-0101 - Contribution café 101 https://github.com/example/repo/pull/102 (repo: sample) (kind: ship)",
        "body_excerpt": null,
        "priority": null,
        "state": "queued",
        "id": "task-0101",
        "blocked_by_ids": [],
        "blocked_reason": null,
        "report_path": null,
        "title": "Contribution café 101",
        "since": null,
        "done": null,
        "hold_reason": null,
        "requires_child_metadata": false,
        "pr_url": "https://github.com/example/repo/pull/102",
        "captain_actionable": false,
        "completion": {
          "date": null,
          "verb": null
        },
        "hold_set": null,
        "repo": "sample",
        "links": [
          "https://github.com/example/repo/pull/102"
        ],
        "hold_bucket": null,
        "hold_until": null,
        "hold_age_days": null,
        "order": 102,
        "structured": true,
        "hold_kind": null,
        "merged": null,
        "kind": "ship",
        "current_role": "queued",
        "checked": false,
        "body_lines": [],
        "local_note": null,
        "reported": null,
        "blocked_by": null,
        "unresolved_blocker_ids": []
      },
      {
        "raw": "- [ ] task-0102 - Contribution café 102 https://github.com/example/repo/pull/103 (repo: sample) (kind: ship)",
        "body_excerpt": null,
        "priority": null,
        "state": "queued",
        "id": "task-0102",
        "blocked_by_ids": [],
        "blocked_reason": null,
        "report_path": null,
        "title": "Contribution café 102",
        "since": null,
        "hold_reason": null,
        "done": null,
        "requires_child_metadata": false,
        "pr_url": "https://github.com/example/repo/pull/103",
        "captain_actionable": false,
        "hold_set": null,
        "completion": {
          "verb": null,
          "date": null
        },
        "repo": "sample",
        "links": [
          "https://github.com/example/repo/pull/103"
        ],
        "hold_bucket": null,
        "hold_until": null,
        "hold_age_days": null,
        "hold_kind": null,
        "structured": true,
        "order": 103,
        "merged": null,
        "current_role": "queued",
        "kind": "ship",
        "checked": false,
        "body_lines": [],
        "local_note": null,
        "reported": null,
        "blocked_by": null,
        "unresolved_blocker_ids": []
      },
      {
        "order": 104,
        "structured": true,
        "hold_kind": null,
        "merged": null,
        "body_lines": [],
        "kind": "ship",
        "current_role": "queued",
        "checked": false,
        "unresolved_blocker_ids": [],
        "blocked_by": null,
        "local_note": null,
        "reported": null,
        "links": [
          "https://github.com/example/repo/pull/104"
        ],
        "hold_until": null,
        "hold_bucket": null,
        "hold_age_days": null,
        "done": null,
        "hold_reason": null,
        "title": "Contribution café 103",
        "since": null,
        "pr_url": "https://github.com/example/repo/pull/104",
        "requires_child_metadata": false,
        "hold_set": null,
        "captain_actionable": false,
        "completion": {
          "date": null,
          "verb": null
        },
        "repo": "sample",
        "body_excerpt": null,
        "raw": "- [ ] task-0103 - Contribution café 103 https://github.com/example/repo/pull/104 (repo: sample) (kind: ship)",
        "state": "queued",
        "priority": null,
        "blocked_reason": null,
        "blocked_by_ids": [],
        "report_path": null,
        "id": "task-0103"
      },
      {
        "blocked_by": null,
        "unresolved_blocker_ids": [],
        "local_note": null,
        "reported": null,
        "body_lines": [],
        "current_role": "queued",
        "kind": "ship",
        "checked": false,
        "order": 105,
        "structured": true,
        "hold_kind": null,
        "merged": null,
        "hold_age_days": null,
        "hold_until": null,
        "hold_bucket": null,
        "links": [
          "https://github.com/example/repo/pull/105"
        ],
        "completion": {
          "verb": null,
          "date": null
        },
        "captain_actionable": false,
        "hold_set": null,
        "repo": "sample",
        "pr_url": "https://github.com/example/repo/pull/105",
        "requires_child_metadata": false,
        "hold_reason": null,
        "done": null,
        "since": null,
        "title": "Contribution café 104",
        "blocked_reason": null,
        "blocked_by_ids": [],
        "report_path": null,
        "id": "task-0104",
        "state": "queued",
        "priority": null,
        "body_excerpt": null,
        "raw": "- [ ] task-0104 - Contribution café 104 https://github.com/example/repo/pull/105 (repo: sample) (kind: ship)"
      },
      {
        "hold_until": null,
        "hold_bucket": null,
        "hold_age_days": null,
        "links": [
          "https://github.com/example/repo/pull/106"
        ],
        "blocked_by": null,
        "unresolved_blocker_ids": [],
        "reported": null,
        "local_note": null,
        "merged": null,
        "structured": true,
        "hold_kind": null,
        "order": 106,
        "body_lines": [],
        "checked": false,
        "kind": "ship",
        "current_role": "queued",
        "state": "queued",
        "priority": null,
        "report_path": null,
        "blocked_reason": null,
        "blocked_by_ids": [],
        "id": "task-0105",
        "body_excerpt": null,
        "raw": "- [ ] task-0105 - Contribution café 105 https://github.com/example/repo/pull/106 (repo: sample) (kind: ship)",
        "pr_url": "https://github.com/example/repo/pull/106",
        "requires_child_metadata": false,
        "repo": "sample",
        "hold_set": null,
        "captain_actionable": false,
        "completion": {
          "verb": null,
          "date": null
        },
        "done": null,
        "hold_reason": null,
        "title": "Contribution café 105",
        "since": null
      },
      {
        "links": [
          "https://github.com/example/repo/pull/107"
        ],
        "hold_age_days": null,
        "hold_until": null,
        "hold_bucket": null,
        "body_lines": [],
        "checked": false,
        "kind": "ship",
        "current_role": "queued",
        "merged": null,
        "structured": true,
        "order": 107,
        "hold_kind": null,
        "unresolved_blocker_ids": [],
        "blocked_by": null,
        "local_note": null,
        "reported": null,
        "body_excerpt": null,
        "raw": "- [ ] task-0106 - Contribution café 106 https://github.com/example/repo/pull/107 (repo: sample) (kind: ship)",
        "report_path": null,
        "blocked_reason": null,
        "blocked_by_ids": [],
        "id": "task-0106",
        "state": "queued",
        "priority": null,
        "done": null,
        "hold_reason": null,
        "title": "Contribution café 106",
        "since": null,
        "repo": "sample",
        "captain_actionable": false,
        "completion": {
          "verb": null,
          "date": null
        },
        "hold_set": null,
        "pr_url": "https://github.com/example/repo/pull/107",
        "requires_child_metadata": false
      },
      {
        "state": "queued",
        "priority": null,
        "blocked_reason": null,
        "blocked_by_ids": [],
        "report_path": null,
        "id": "task-0107",
        "body_excerpt": null,
        "raw": "- [ ] task-0107 - Contribution café 107 https://github.com/example/repo/pull/108 (repo: sample) (kind: ship)",
        "pr_url": "https://github.com/example/repo/pull/108",
        "requires_child_metadata": false,
        "hold_set": null,
        "captain_actionable": false,
        "completion": {
          "verb": null,
          "date": null
        },
        "repo": "sample",
        "done": null,
        "hold_reason": null,
        "since": null,
        "title": "Contribution café 107",
        "hold_until": null,
        "hold_bucket": null,
        "hold_age_days": null,
        "links": [
          "https://github.com/example/repo/pull/108"
        ],
        "blocked_by": null,
        "unresolved_blocker_ids": [],
        "local_note": null,
        "reported": null,
        "structured": true,
        "order": 108,
        "hold_kind": null,
        "merged": null,
        "body_lines": [],
        "kind": "ship",
        "current_role": "queued",
        "checked": false
      },
      {
        "hold_kind": null,
        "structured": true,
        "order": 109,
        "merged": null,
        "body_lines": [],
        "current_role": "queued",
        "kind": "ship",
        "checked": false,
        "unresolved_blocker_ids": [],
        "blocked_by": null,
        "local_note": null,
        "reported": null,
        "links": [
          "https://github.com/example/repo/pull/109"
        ],
        "hold_until": null,
        "hold_bucket": null,
        "hold_age_days": null,
        "done": null,
        "hold_reason": null,
        "since": null,
        "title": "Contribution café 108",
        "pr_url": "https://github.com/example/repo/pull/109",
        "requires_child_metadata": false,
        "captain_actionable": false,
        "completion": {
          "verb": null,
          "date": null
        },
        "hold_set": null,
        "repo": "sample",
        "body_excerpt": null,
        "raw": "- [ ] task-0108 - Contribution café 108 https://github.com/example/repo/pull/109 (repo: sample) (kind: ship)",
        "state": "queued",
        "priority": null,
        "blocked_by_ids": [],
        "blocked_reason": null,
        "report_path": null,
        "id": "task-0108"
      },
      {
        "pr_url": "https://github.com/example/repo/pull/110",
        "requires_child_metadata": false,
        "captain_actionable": false,
        "hold_set": null,
        "completion": {
          "date": null,
          "verb": null
        },
        "repo": "sample",
        "done": null,
        "hold_reason": null,
        "title": "Contribution café 109",
        "since": null,
        "state": "queued",
        "priority": null,
        "blocked_by_ids": [],
        "blocked_reason": null,
        "report_path": null,
        "id": "task-0109",
        "body_excerpt": null,
        "raw": "- [ ] task-0109 - Contribution café 109 https://github.com/example/repo/pull/110 (repo: sample) (kind: ship)",
        "blocked_by": null,
        "unresolved_blocker_ids": [],
        "local_note": null,
        "reported": null,
        "structured": true,
        "order": 110,
        "hold_kind": null,
        "merged": null,
        "body_lines": [],
        "current_role": "queued",
        "kind": "ship",
        "checked": false,
        "hold_until": null,
        "hold_bucket": null,
        "hold_age_days": null,
        "links": [
          "https://github.com/example/repo/pull/110"
        ]
      },
      {
        "links": [
          "https://github.com/example/repo/pull/111"
        ],
        "hold_bucket": null,
        "hold_until": null,
        "hold_age_days": null,
        "merged": null,
        "order": 111,
        "structured": true,
        "hold_kind": null,
        "checked": false,
        "kind": "ship",
        "current_role": "queued",
        "body_lines": [],
        "reported": null,
        "local_note": null,
        "blocked_by": null,
        "unresolved_blocker_ids": [],
        "raw": "- [ ] task-0110 - Contribution café 110 https://github.com/example/repo/pull/111 (repo: sample) (kind: ship)",
        "body_excerpt": null,
        "priority": null,
        "state": "queued",
        "id": "task-0110",
        "report_path": null,
        "blocked_by_ids": [],
        "blocked_reason": null,
        "title": "Contribution café 110",
        "since": null,
        "done": null,
        "hold_reason": null,
        "requires_child_metadata": false,
        "pr_url": "https://github.com/example/repo/pull/111",
        "repo": "sample",
        "captain_actionable": false,
        "completion": {
          "date": null,
          "verb": null
        },
        "hold_set": null
      },
      {
        "hold_age_days": null,
        "hold_bucket": null,
        "hold_until": null,
        "links": [
          "https://github.com/example/repo/pull/112"
        ],
        "local_note": null,
        "reported": null,
        "unresolved_blocker_ids": [],
        "blocked_by": null,
        "kind": "ship",
        "current_role": "queued",
        "checked": false,
        "body_lines": [],
        "order": 112,
        "hold_kind": null,
        "structured": true,
        "merged": null,
        "id": "task-0111",
        "blocked_by_ids": [],
        "blocked_reason": null,
        "report_path": null,
        "priority": null,
        "state": "queued",
        "raw": "- [ ] task-0111 - Contribution café 111 https://github.com/example/repo/pull/112 (repo: sample) (kind: ship)",
        "body_excerpt": null,
        "captain_actionable": false,
        "hold_set": null,
        "completion": {
          "verb": null,
          "date": null
        },
        "repo": "sample",
        "requires_child_metadata": false,
        "pr_url": "https://github.com/example/repo/pull/112",
        "since": null,
        "title": "Contribution café 111",
        "hold_reason": null,
        "done": null
      },
      {
        "unresolved_blocker_ids": [],
        "blocked_by": null,
        "reported": null,
        "local_note": null,
        "body_lines": [],
        "current_role": "queued",
        "kind": "ship",
        "checked": false,
        "structured": true,
        "order": 113,
        "hold_kind": null,
        "merged": null,
        "hold_age_days": null,
        "hold_until": null,
        "hold_bucket": null,
        "links": [
          "https://github.com/example/repo/pull/113"
        ],
        "captain_actionable": false,
        "completion": {
          "date": null,
          "verb": null
        },
        "hold_set": null,
        "repo": "sample",
        "pr_url": "https://github.com/example/repo/pull/113",
        "requires_child_metadata": false,
        "done": null,
        "hold_reason": null,
        "title": "Contribution café 112",
        "since": null,
        "blocked_reason": null,
        "blocked_by_ids": [],
        "report_path": null,
        "id": "task-0112",
        "state": "queued",
        "priority": null,
        "body_excerpt": null,
        "raw": "- [ ] task-0112 - Contribution café 112 https://github.com/example/repo/pull/113 (repo: sample) (kind: ship)"
      },
      {
        "current_role": "queued",
        "kind": "ship",
        "checked": false,
        "body_lines": [],
        "order": 114,
        "structured": true,
        "hold_kind": null,
        "merged": null,
        "reported": null,
        "local_note": null,
        "blocked_by": null,
        "unresolved_blocker_ids": [],
        "links": [
          "https://github.com/example/repo/pull/114"
        ],
        "hold_age_days": null,
        "hold_bucket": null,
        "hold_until": null,
        "since": null,
        "title": "Contribution café 113",
        "hold_reason": null,
        "done": null,
        "completion": {
          "verb": null,
          "date": null
        },
        "captain_actionable": false,
        "hold_set": null,
        "repo": "sample",
        "requires_child_metadata": false,
        "pr_url": "https://github.com/example/repo/pull/114",
        "raw": "- [ ] task-0113 - Contribution café 113 https://github.com/example/repo/pull/114 (repo: sample) (kind: ship)",
        "body_excerpt": null,
        "id": "task-0113",
        "blocked_by_ids": [],
        "blocked_reason": null,
        "report_path": null,
        "priority": null,
        "state": "queued"
      },
      {
        "unresolved_blocker_ids": [],
        "blocked_by": null,
        "reported": null,
        "local_note": null,
        "order": 115,
        "hold_kind": null,
        "structured": true,
        "merged": null,
        "body_lines": [],
        "kind": "ship",
        "current_role": "queued",
        "checked": false,
        "hold_until": null,
        "hold_bucket": null,
        "hold_age_days": null,
        "links": [
          "https://github.com/example/repo/pull/115"
        ],
        "pr_url": "https://github.com/example/repo/pull/115",
        "requires_child_metadata": false,
        "captain_actionable": false,
        "completion": {
          "date": null,
          "verb": null
        },
        "hold_set": null,
        "repo": "sample",
        "done": null,
        "hold_reason": null,
        "title": "Contribution café 114",
        "since": null,
        "state": "queued",
        "priority": null,
        "blocked_by_ids": [],
        "blocked_reason": null,
        "report_path": null,
        "id": "task-0114",
        "body_excerpt": null,
        "raw": "- [ ] task-0114 - Contribution café 114 https://github.com/example/repo/pull/115 (repo: sample) (kind: ship)"
      },
      {
        "links": [
          "https://github.com/example/repo/pull/116"
        ],
        "hold_bucket": null,
        "hold_until": null,
        "hold_age_days": null,
        "merged": null,
        "hold_kind": null,
        "structured": true,
        "order": 116,
        "checked": false,
        "current_role": "queued",
        "kind": "ship",
        "body_lines": [],
        "reported": null,
        "local_note": null,
        "blocked_by": null,
        "unresolved_blocker_ids": [],
        "raw": "- [ ] task-0115 - Contribution café 115 https://github.com/example/repo/pull/116 (repo: sample) (kind: ship)",
        "body_excerpt": null,
        "priority": null,
        "state": "queued",
        "id": "task-0115",
        "report_path": null,
        "blocked_reason": null,
        "blocked_by_ids": [],
        "title": "Contribution café 115",
        "since": null,
        "hold_reason": null,
        "done": null,
        "requires_child_metadata": false,
        "pr_url": "https://github.com/example/repo/pull/116",
        "repo": "sample",
        "completion": {
          "verb": null,
          "date": null
        },
        "captain_actionable": false,
        "hold_set": null
      },
      {
        "report_path": null,
        "blocked_by_ids": [],
        "blocked_reason": null,
        "id": "task-0116",
        "state": "queued",
        "priority": null,
        "body_excerpt": null,
        "raw": "- [ ] task-0116 - Contribution café 116 https://github.com/example/repo/pull/117 (repo: sample) (kind: ship)",
        "repo": "sample",
        "hold_set": null,
        "captain_actionable": false,
        "completion": {
          "verb": null,
          "date": null
        },
        "pr_url": "https://github.com/example/repo/pull/117",
        "requires_child_metadata": false,
        "done": null,
        "hold_reason": null,
        "title": "Contribution café 116",
        "since": null,
        "hold_age_days": null,
        "hold_until": null,
        "hold_bucket": null,
        "links": [
          "https://github.com/example/repo/pull/117"
        ],
        "blocked_by": null,
        "unresolved_blocker_ids": [],
        "reported": null,
        "local_note": null,
        "body_lines": [],
        "checked": false,
        "kind": "ship",
        "current_role": "queued",
        "merged": null,
        "structured": true,
        "order": 117,
        "hold_kind": null
      },
      {
        "blocked_by": null,
        "unresolved_blocker_ids": [],
        "local_note": null,
        "reported": null,
        "body_lines": [],
        "kind": "ship",
        "current_role": "queued",
        "checked": false,
        "structured": true,
        "hold_kind": null,
        "order": 118,
        "merged": null,
        "hold_age_days": null,
        "hold_until": null,
        "hold_bucket": null,
        "links": [
          "https://github.com/example/repo/pull/118"
        ],
        "hold_set": null,
        "captain_actionable": false,
        "completion": {
          "verb": null,
          "date": null
        },
        "repo": "sample",
        "pr_url": "https://github.com/example/repo/pull/118",
        "requires_child_metadata": false,
        "done": null,
        "hold_reason": null,
        "since": null,
        "title": "Contribution café 117",
        "blocked_reason": null,
        "blocked_by_ids": [],
        "report_path": null,
        "id": "task-0117",
        "state": "queued",
        "priority": null,
        "body_excerpt": null,
        "raw": "- [ ] task-0117 - Contribution café 117 https://github.com/example/repo/pull/118 (repo: sample) (kind: ship)"
      },
      {
        "links": [
          "https://github.com/example/repo/pull/119"
        ],
        "hold_age_days": null,
        "hold_until": null,
        "hold_bucket": null,
        "body_lines": [],
        "kind": "ship",
        "current_role": "queued",
        "checked": false,
        "structured": true,
        "order": 119,
        "hold_kind": null,
        "merged": null,
        "unresolved_blocker_ids": [],
        "blocked_by": null,
        "local_note": null,
        "reported": null,
        "body_excerpt": null,
        "raw": "- [ ] task-0118 - Contribution café 118 https://github.com/example/repo/pull/119 (repo: sample) (kind: ship)",
        "blocked_by_ids": [],
        "blocked_reason": null,
        "report_path": null,
        "id": "task-0118",
        "state": "queued",
        "priority": null,
        "done": null,
        "hold_reason": null,
        "since": null,
        "title": "Contribution café 118",
        "captain_actionable": false,
        "completion": {
          "verb": null,
          "date": null
        },
        "hold_set": null,
        "repo": "sample",
        "pr_url": "https://github.com/example/repo/pull/119",
        "requires_child_metadata": false
      },
      {
        "requires_child_metadata": false,
        "pr_url": "https://github.com/example/repo/pull/120",
        "captain_actionable": false,
        "hold_set": null,
        "completion": {
          "verb": null,
          "date": null
        },
        "repo": "sample",
        "since": null,
        "title": "Contribution café 119",
        "done": null,
        "hold_reason": null,
        "priority": null,
        "state": "queued",
        "id": "task-0119",
        "blocked_by_ids": [],
        "blocked_reason": null,
        "report_path": null,
        "raw": "- [ ] task-0119 - Contribution café 119 https://github.com/example/repo/pull/120 (repo: sample) (kind: ship)",
        "body_excerpt": null,
        "local_note": null,
        "reported": null,
        "blocked_by": null,
        "unresolved_blocker_ids": [],
        "hold_kind": null,
        "order": 120,
        "structured": true,
        "merged": null,
        "current_role": "queued",
        "kind": "ship",
        "checked": false,
        "body_lines": [],
        "hold_bucket": null,
        "hold_until": null,
        "hold_age_days": null,
        "links": [
          "https://github.com/example/repo/pull/120"
        ]
      },
      {
        "hold_until": null,
        "hold_bucket": null,
        "hold_age_days": null,
        "links": [
          "https://github.com/example/repo/pull/121"
        ],
        "blocked_by": null,
        "unresolved_blocker_ids": [],
        "local_note": null,
        "reported": null,
        "order": 121,
        "structured": true,
        "hold_kind": null,
        "merged": null,
        "body_lines": [],
        "current_role": "queued",
        "kind": "ship",
        "checked": false,
        "state": "queued",
        "priority": null,
        "blocked_by_ids": [],
        "blocked_reason": null,
        "report_path": null,
        "id": "task-0120",
        "body_excerpt": null,
        "raw": "- [ ] task-0120 - Contribution café 120 https://github.com/example/repo/pull/121 (repo: sample) (kind: ship)",
        "pr_url": "https://github.com/example/repo/pull/121",
        "requires_child_metadata": false,
        "captain_actionable": false,
        "hold_set": null,
        "completion": {
          "date": null,
          "verb": null
        },
        "repo": "sample",
        "done": null,
        "hold_reason": null,
        "since": null,
        "title": "Contribution café 120"
      },
      {
        "structured": true,
        "hold_kind": null,
        "order": 122,
        "merged": null,
        "kind": "ship",
        "current_role": "queued",
        "checked": false,
        "body_lines": [],
        "local_note": null,
        "reported": null,
        "blocked_by": null,
        "unresolved_blocker_ids": [],
        "links": [
          "https://github.com/example/repo/pull/122"
        ],
        "hold_bucket": null,
        "hold_until": null,
        "hold_age_days": null,
        "title": "Contribution café 121",
        "since": null,
        "hold_reason": null,
        "done": null,
        "requires_child_metadata": false,
        "pr_url": "https://github.com/example/repo/pull/122",
        "hold_set": null,
        "captain_actionable": false,
        "completion": {
          "verb": null,
          "date": null
        },
        "repo": "sample",
        "raw": "- [ ] task-0121 - Contribution café 121 https://github.com/example/repo/pull/122 (repo: sample) (kind: ship)",
        "body_excerpt": null,
        "priority": null,
        "state": "queued",
        "id": "task-0121",
        "blocked_reason": null,
        "blocked_by_ids": [],
        "report_path": null
      },
      {
        "since": null,
        "title": "Contribution café 122",
        "done": null,
        "hold_reason": null,
        "repo": "sample",
        "hold_set": null,
        "captain_actionable": false,
        "completion": {
          "date": null,
          "verb": null
        },
        "requires_child_metadata": false,
        "pr_url": "https://github.com/example/repo/pull/123",
        "raw": "- [ ] task-0122 - Contribution café 122 https://github.com/example/repo/pull/123 (repo: sample) (kind: ship)",
        "body_excerpt": null,
        "id": "task-0122",
        "report_path": null,
        "blocked_by_ids": [],
        "blocked_reason": null,
        "priority": null,
        "state": "queued",
        "checked": false,
        "current_role": "queued",
        "kind": "ship",
        "body_lines": [],
        "merged": null,
        "hold_kind": null,
        "order": 123,
        "structured": true,
        "local_note": null,
        "reported": null,
        "blocked_by": null,
        "unresolved_blocker_ids": [],
        "links": [
          "https://github.com/example/repo/pull/123"
        ],
        "hold_age_days": null,
        "hold_bucket": null,
        "hold_until": null
      },
      {
        "state": "queued",
        "priority": null,
        "report_path": null,
        "blocked_reason": null,
        "blocked_by_ids": [],
        "id": "task-0123",
        "body_excerpt": null,
        "raw": "- [ ] task-0123 - Contribution café 123 https://github.com/example/repo/pull/124 (repo: sample) (kind: ship)",
        "pr_url": "https://github.com/example/repo/pull/124",
        "requires_child_metadata": false,
        "repo": "sample",
        "captain_actionable": false,
        "hold_set": null,
        "completion": {
          "verb": null,
          "date": null
        },
        "done": null,
        "hold_reason": null,
        "since": null,
        "title": "Contribution café 123",
        "hold_until": null,
        "hold_bucket": null,
        "hold_age_days": null,
        "links": [
          "https://github.com/example/repo/pull/124"
        ],
        "unresolved_blocker_ids": [],
        "blocked_by": null,
        "local_note": null,
        "reported": null,
        "merged": null,
        "order": 124,
        "structured": true,
        "hold_kind": null,
        "body_lines": [],
        "checked": false,
        "kind": "ship",
        "current_role": "queued"
      },
      {
        "links": [
          "https://github.com/example/repo/pull/125"
        ],
        "hold_age_days": null,
        "hold_until": null,
        "hold_bucket": null,
        "body_lines": [],
        "checked": false,
        "kind": "ship",
        "current_role": "queued",
        "merged": null,
        "hold_kind": null,
        "order": 125,
        "structured": true,
        "blocked_by": null,
        "unresolved_blocker_ids": [],
        "reported": null,
        "local_note": null,
        "body_excerpt": null,
        "raw": "- [ ] task-0124 - Contribution café 124 https://github.com/example/repo/pull/125 (repo: sample) (kind: ship)",
        "report_path": null,
        "blocked_reason": null,
        "blocked_by_ids": [],
        "id": "task-0124",
        "state": "queued",
        "priority": null,
        "done": null,
        "hold_reason": null,
        "title": "Contribution café 124",
        "since": null,
        "repo": "sample",
        "hold_set": null,
        "captain_actionable": false,
        "completion": {
          "verb": null,
          "date": null
        },
        "pr_url": "https://github.com/example/repo/pull/125",
        "requires_child_metadata": false
      },
      {
        "priority": null,
        "state": "queued",
        "id": "task-0125",
        "blocked_reason": null,
        "blocked_by_ids": [],
        "report_path": null,
        "raw": "- [ ] task-0125 - Contribution café 125 https://github.com/example/repo/pull/126 (repo: sample) (kind: ship)",
        "body_excerpt": null,
        "requires_child_metadata": false,
        "pr_url": "https://github.com/example/repo/pull/126",
        "captain_actionable": false,
        "hold_set": null,
        "completion": {
          "verb": null,
          "date": null
        },
        "repo": "sample",
        "title": "Contribution café 125",
        "since": null,
        "done": null,
        "hold_reason": null,
        "hold_bucket": null,
        "hold_until": null,
        "hold_age_days": null,
        "links": [
          "https://github.com/example/repo/pull/126"
        ],
        "local_note": null,
        "reported": null,
        "unresolved_blocker_ids": [],
        "blocked_by": null,
        "hold_kind": null,
        "order": 126,
        "structured": true,
        "merged": null,
        "kind": "ship",
        "current_role": "queued",
        "checked": false,
        "body_lines": []
      },
      {
        "structured": true,
        "order": 127,
        "hold_kind": null,
        "merged": null,
        "current_role": "queued",
        "kind": "ship",
        "checked": false,
        "body_lines": [],
        "reported": null,
        "local_note": null,
        "blocked_by": null,
        "unresolved_blocker_ids": [],
        "links": [
          "https://github.com/example/repo/pull/127"
        ],
        "hold_bucket": null,
        "hold_until": null,
        "hold_age_days": null,
        "since": null,
        "title": "Contribution café 126",
        "hold_reason": null,
        "done": null,
        "requires_child_metadata": false,
        "pr_url": "https://github.com/example/repo/pull/127",
        "hold_set": null,
        "captain_actionable": false,
        "completion": {
          "verb": null,
          "date": null
        },
        "repo": "sample",
        "raw": "- [ ] task-0126 - Contribution café 126 https://github.com/example/repo/pull/127 (repo: sample) (kind: ship)",
        "body_excerpt": null,
        "priority": null,
        "state": "queued",
        "id": "task-0126",
        "blocked_by_ids": [],
        "blocked_reason": null,
        "report_path": null
      },
      {
        "id": "task-0127",
        "report_path": null,
        "blocked_by_ids": [],
        "blocked_reason": null,
        "priority": null,
        "state": "queued",
        "raw": "- [ ] task-0127 - Contribution café 127 https://github.com/example/repo/pull/128 (repo: sample) (kind: ship)",
        "body_excerpt": null,
        "repo": "sample",
        "captain_actionable": false,
        "hold_set": null,
        "completion": {
          "date": null,
          "verb": null
        },
        "requires_child_metadata": false,
        "pr_url": "https://github.com/example/repo/pull/128",
        "since": null,
        "title": "Contribution café 127",
        "done": null,
        "hold_reason": null,
        "hold_age_days": null,
        "hold_bucket": null,
        "hold_until": null,
        "links": [
          "https://github.com/example/repo/pull/128"
        ],
        "reported": null,
        "local_note": null,
        "unresolved_blocker_ids": [],
        "blocked_by": null,
        "checked": false,
        "kind": "ship",
        "current_role": "queued",
        "body_lines": [],
        "merged": null,
        "order": 128,
        "structured": true,
        "hold_kind": null
      },
      {
        "merged": null,
        "structured": true,
        "order": 129,
        "hold_kind": null,
        "body_lines": [],
        "checked": false,
        "current_role": "queued",
        "kind": "ship",
        "unresolved_blocker_ids": [],
        "blocked_by": null,
        "local_note": null,
        "reported": null,
        "links": [
          "https://github.com/example/repo/pull/129"
        ],
        "hold_until": null,
        "hold_bucket": null,
        "hold_age_days": null,
        "done": null,
        "hold_reason": null,
        "since": null,
        "title": "Contribution café 128",
        "pr_url": "https://github.com/example/repo/pull/129",
        "requires_child_metadata": false,
        "repo": "sample",
        "hold_set": null,
        "captain_actionable": false,
        "completion": {
          "date": null,
          "verb": null
        },
        "body_excerpt": null,
        "raw": "- [ ] task-0128 - Contribution café 128 https://github.com/example/repo/pull/129 (repo: sample) (kind: ship)",
        "state": "queued",
        "priority": null,
        "report_path": null,
        "blocked_by_ids": [],
        "blocked_reason": null,
        "id": "task-0128"
      },
      {
        "hold_kind": null,
        "order": 130,
        "structured": true,
        "merged": null,
        "body_lines": [],
        "current_role": "queued",
        "kind": "ship",
        "checked": false,
        "unresolved_blocker_ids": [],
        "blocked_by": null,
        "reported": null,
        "local_note": null,
        "links": [
          "https://github.com/example/repo/pull/130"
        ],
        "hold_until": null,
        "hold_bucket": null,
        "hold_age_days": null,
        "done": null,
        "hold_reason": null,
        "since": null,
        "title": "Contribution café 129",
        "pr_url": "https://github.com/example/repo/pull/130",
        "requires_child_metadata": false,
        "hold_set": null,
        "captain_actionable": false,
        "completion": {
          "date": null,
          "verb": null
        },
        "repo": "sample",
        "body_excerpt": null,
        "raw": "- [ ] task-0129 - Contribution café 129 https://github.com/example/repo/pull/130 (repo: sample) (kind: ship)",
        "state": "queued",
        "priority": null,
        "blocked_by_ids": [],
        "blocked_reason": null,
        "report_path": null,
        "id": "task-0129"
      },
      {
        "pr_url": "https://github.com/example/repo/pull/131",
        "requires_child_metadata": false,
        "completion": {
          "verb": null,
          "date": null
        },
        "captain_actionable": false,
        "hold_set": null,
        "repo": "sample",
        "done": null,
        "hold_reason": null,
        "since": null,
        "title": "Contribution café 130",
        "state": "queued",
        "priority": null,
        "blocked_reason": null,
        "blocked_by_ids": [],
        "report_path": null,
        "id": "task-0130",
        "body_excerpt": null,
        "raw": "- [ ] task-0130 - Contribution café 130 https://github.com/example/repo/pull/131 (repo: sample) (kind: ship)",
        "blocked_by": null,
        "unresolved_blocker_ids": [],
        "local_note": null,
        "reported": null,
        "order": 131,
        "structured": true,
        "hold_kind": null,
        "merged": null,
        "body_lines": [],
        "current_role": "queued",
        "kind": "ship",
        "checked": false,
        "hold_until": null,
        "hold_bucket": null,
        "hold_age_days": null,
        "links": [
          "https://github.com/example/repo/pull/131"
        ]
      },
      {
        "links": [
          "https://github.com/example/repo/pull/132"
        ],
        "hold_bucket": null,
        "hold_until": null,
        "hold_age_days": null,
        "merged": null,
        "hold_kind": null,
        "structured": true,
        "order": 132,
        "checked": false,
        "kind": "ship",
        "current_role": "queued",
        "body_lines": [],
        "reported": null,
        "local_note": null,
        "blocked_by": null,
        "unresolved_blocker_ids": [],
        "raw": "- [ ] task-0131 - Contribution café 131 https://github.com/example/repo/pull/132 (repo: sample) (kind: ship)",
        "body_excerpt": null,
        "priority": null,
        "state": "queued",
        "id": "task-0131",
        "report_path": null,
        "blocked_by_ids": [],
        "blocked_reason": null,
        "title": "Contribution café 131",
        "since": null,
        "done": null,
        "hold_reason": null,
        "requires_child_metadata": false,
        "pr_url": "https://github.com/example/repo/pull/132",
        "repo": "sample",
        "completion": {
          "date": null,
          "verb": null
        },
        "captain_actionable": false,
        "hold_set": null
      },
      {
        "title": "Contribution café 132",
        "since": null,
        "hold_reason": null,
        "done": null,
        "hold_set": null,
        "captain_actionable": false,
        "completion": {
          "date": null,
          "verb": null
        },
        "repo": "sample",
        "requires_child_metadata": false,
        "pr_url": "https://github.com/example/repo/pull/133",
        "raw": "- [ ] task-0132 - Contribution café 132 https://github.com/example/repo/pull/133 (repo: sample) (kind: ship)",
        "body_excerpt": null,
        "id": "task-0132",
        "blocked_by_ids": [],
        "blocked_reason": null,
        "report_path": null,
        "priority": null,
        "state": "queued",
        "current_role": "queued",
        "kind": "ship",
        "checked": false,
        "body_lines": [],
        "structured": true,
        "order": 133,
        "hold_kind": null,
        "merged": null,
        "local_note": null,
        "reported": null,
        "unresolved_blocker_ids": [],
        "blocked_by": null,
        "links": [
          "https://github.com/example/repo/pull/133"
        ],
        "hold_age_days": null,
        "hold_bucket": null,
        "hold_until": null
      },
      {
        "done": null,
        "hold_reason": null,
        "since": null,
        "title": "Contribution café 133",
        "pr_url": "https://github.com/example/repo/pull/134",
        "requires_child_metadata": false,
        "repo": "sample",
        "captain_actionable": false,
        "hold_set": null,
        "completion": {
          "date": null,
          "verb": null
        },
        "body_excerpt": null,
        "raw": "- [ ] task-0133 - Contribution café 133 https://github.com/example/repo/pull/134 (repo: sample) (kind: ship)",
        "state": "queued",
        "priority": null,
        "report_path": null,
        "blocked_by_ids": [],
        "blocked_reason": null,
        "id": "task-0133",
        "merged": null,
        "hold_kind": null,
        "structured": true,
        "order": 134,
        "body_lines": [],
        "checked": false,
        "kind": "ship",
        "current_role": "queued",
        "unresolved_blocker_ids": [],
        "blocked_by": null,
        "local_note": null,
        "reported": null,
        "links": [
          "https://github.com/example/repo/pull/134"
        ],
        "hold_until": null,
        "hold_bucket": null,
        "hold_age_days": null
      },
      {
        "reported": null,
        "local_note": null,
        "unresolved_blocker_ids": [],
        "blocked_by": null,
        "structured": true,
        "hold_kind": null,
        "order": 135,
        "merged": null,
        "kind": "ship",
        "current_role": "queued",
        "checked": false,
        "body_lines": [],
        "hold_bucket": null,
        "hold_until": null,
        "hold_age_days": null,
        "links": [
          "https://github.com/example/repo/pull/135"
        ],
        "requires_child_metadata": false,
        "pr_url": "https://github.com/example/repo/pull/135",
        "captain_actionable": false,
        "hold_set": null,
        "completion": {
          "verb": null,
          "date": null
        },
        "repo": "sample",
        "since": null,
        "title": "Contribution café 134",
        "done": null,
        "hold_reason": null,
        "priority": null,
        "state": "queued",
        "id": "task-0134",
        "blocked_reason": null,
        "blocked_by_ids": [],
        "report_path": null,
        "raw": "- [ ] task-0134 - Contribution café 134 https://github.com/example/repo/pull/135 (repo: sample) (kind: ship)",
        "body_excerpt": null
      },
      {
        "merged": null,
        "structured": true,
        "order": 136,
        "hold_kind": null,
        "checked": false,
        "kind": "ship",
        "current_role": "queued",
        "body_lines": [],
        "local_note": null,
        "reported": null,
        "blocked_by": null,
        "unresolved_blocker_ids": [],
        "links": [
          "https://github.com/example/repo/pull/136"
        ],
        "hold_bucket": null,
        "hold_until": null,
        "hold_age_days": null,
        "since": null,
        "title": "Contribution café 135",
        "done": null,
        "hold_reason": null,
        "requires_child_metadata": false,
        "pr_url": "https://github.com/example/repo/pull/136",
        "repo": "sample",
        "captain_actionable": false,
        "completion": {
          "date": null,
          "verb": null
        },
        "hold_set": null,
        "raw": "- [ ] task-0135 - Contribution café 135 https://github.com/example/repo/pull/136 (repo: sample) (kind: ship)",
        "body_excerpt": null,
        "priority": null,
        "state": "queued",
        "id": "task-0135",
        "report_path": null,
        "blocked_reason": null,
        "blocked_by_ids": []
      },
      {
        "priority": null,
        "state": "queued",
        "id": "task-0136",
        "report_path": null,
        "blocked_reason": null,
        "blocked_by_ids": [],
        "raw": "- [ ] task-0136 - Contribution café 136 https://github.com/example/repo/pull/137 (repo: sample) (kind: ship)",
        "body_excerpt": null,
        "requires_child_metadata": false,
        "pr_url": "https://github.com/example/repo/pull/137",
        "repo": "sample",
        "completion": {
          "date": null,
          "verb": null
        },
        "captain_actionable": false,
        "hold_set": null,
        "since": null,
        "title": "Contribution café 136",
        "hold_reason": null,
        "done": null,
        "hold_bucket": null,
        "hold_until": null,
        "hold_age_days": null,
        "links": [
          "https://github.com/example/repo/pull/137"
        ],
        "reported": null,
        "local_note": null,
        "unresolved_blocker_ids": [],
        "blocked_by": null,
        "merged": null,
        "order": 137,
        "hold_kind": null,
        "structured": true,
        "checked": false,
        "current_role": "queued",
        "kind": "ship",
        "body_lines": []
      },
      {
        "raw": "- [ ] task-0137 - Contribution café 137 https://github.com/example/repo/pull/138 (repo: sample) (kind: ship)",
        "body_excerpt": null,
        "id": "task-0137",
        "report_path": null,
        "blocked_reason": null,
        "blocked_by_ids": [],
        "priority": null,
        "state": "queued",
        "title": "Contribution café 137",
        "since": null,
        "done": null,
        "hold_reason": null,
        "repo": "sample",
        "hold_set": null,
        "captain_actionable": false,
        "completion": {
          "verb": null,
          "date": null
        },
        "requires_child_metadata": false,
        "pr_url": "https://github.com/example/repo/pull/138",
        "links": [
          "https://github.com/example/repo/pull/138"
        ],
        "hold_age_days": null,
        "hold_bucket": null,
        "hold_until": null,
        "checked": false,
        "kind": "ship",
        "current_role": "queued",
        "body_lines": [],
        "merged": null,
        "structured": true,
        "order": 138,
        "hold_kind": null,
        "reported": null,
        "local_note": null,
        "blocked_by": null,
        "unresolved_blocker_ids": []
      },
      {
        "hold_until": null,
        "hold_bucket": null,
        "hold_age_days": null,
        "links": [
          "https://github.com/example/repo/pull/139"
        ],
        "blocked_by": null,
        "unresolved_blocker_ids": [],
        "local_note": null,
        "reported": null,
        "merged": null,
        "hold_kind": null,
        "order": 139,
        "structured": true,
        "body_lines": [],
        "checked": false,
        "kind": "ship",
        "current_role": "queued",
        "state": "queued",
        "priority": null,
        "report_path": null,
        "blocked_reason": null,
        "blocked_by_ids": [],
        "id": "task-0138",
        "body_excerpt": null,
        "raw": "- [ ] task-0138 - Contribution café 138 https://github.com/example/repo/pull/139 (repo: sample) (kind: ship)",
        "pr_url": "https://github.com/example/repo/pull/139",
        "requires_child_metadata": false,
        "repo": "sample",
        "captain_actionable": false,
        "completion": {
          "date": null,
          "verb": null
        },
        "hold_set": null,
        "done": null,
        "hold_reason": null,
        "since": null,
        "title": "Contribution café 138"
      },
      {
        "completion": {
          "verb": null,
          "date": null
        },
        "captain_actionable": false,
        "hold_set": null,
        "repo": "sample",
        "pr_url": "https://github.com/example/repo/pull/140",
        "requires_child_metadata": false,
        "done": null,
        "hold_reason": null,
        "title": "Contribution café 139",
        "since": null,
        "blocked_reason": null,
        "blocked_by_ids": [],
        "report_path": null,
        "id": "task-0139",
        "state": "queued",
        "priority": null,
        "body_excerpt": null,
        "raw": "- [ ] task-0139 - Contribution café 139 https://github.com/example/repo/pull/140 (repo: sample) (kind: ship)",
        "blocked_by": null,
        "unresolved_blocker_ids": [],
        "reported": null,
        "local_note": null,
        "body_lines": [],
        "kind": "ship",
        "current_role": "queued",
        "checked": false,
        "structured": true,
        "order": 140,
        "hold_kind": null,
        "merged": null,
        "hold_age_days": null,
        "hold_until": null,
        "hold_bucket": null,
        "links": [
          "https://github.com/example/repo/pull/140"
        ]
      },
      {
        "body_excerpt": null,
        "raw": "- [ ] task-0140 - Contribution café 140 https://github.com/example/repo/pull/141 (repo: sample) (kind: ship)",
        "blocked_reason": null,
        "blocked_by_ids": [],
        "report_path": null,
        "id": "task-0140",
        "state": "queued",
        "priority": null,
        "done": null,
        "hold_reason": null,
        "since": null,
        "title": "Contribution café 140",
        "captain_actionable": false,
        "hold_set": null,
        "completion": {
          "date": null,
          "verb": null
        },
        "repo": "sample",
        "pr_url": "https://github.com/example/repo/pull/141",
        "requires_child_metadata": false,
        "links": [
          "https://github.com/example/repo/pull/141"
        ],
        "hold_age_days": null,
        "hold_until": null,
        "hold_bucket": null,
        "body_lines": [],
        "kind": "ship",
        "current_role": "queued",
        "checked": false,
        "order": 141,
        "structured": true,
        "hold_kind": null,
        "merged": null,
        "unresolved_blocker_ids": [],
        "blocked_by": null,
        "local_note": null,
        "reported": null
      },
      {
        "hold_set": null,
        "captain_actionable": false,
        "completion": {
          "date": null,
          "verb": null
        },
        "repo": "sample",
        "requires_child_metadata": false,
        "pr_url": "https://github.com/example/repo/pull/142",
        "title": "Contribution café 141",
        "since": null,
        "done": null,
        "hold_reason": null,
        "id": "task-0141",
        "blocked_by_ids": [],
        "blocked_reason": null,
        "report_path": null,
        "priority": null,
        "state": "queued",
        "raw": "- [ ] task-0141 - Contribution café 141 https://github.com/example/repo/pull/142 (repo: sample) (kind: ship)",
        "body_excerpt": null,
        "local_note": null,
        "reported": null,
        "unresolved_blocker_ids": [],
        "blocked_by": null,
        "kind": "ship",
        "current_role": "queued",
        "checked": false,
        "body_lines": [],
        "order": 142,
        "hold_kind": null,
        "structured": true,
        "merged": null,
        "hold_age_days": null,
        "hold_bucket": null,
        "hold_until": null,
        "links": [
          "https://github.com/example/repo/pull/142"
        ]
      },
      {
        "repo": "sample",
        "hold_set": null,
        "captain_actionable": false,
        "completion": {
          "date": null,
          "verb": null
        },
        "requires_child_metadata": false,
        "pr_url": "https://github.com/example/repo/pull/143",
        "since": null,
        "title": "Contribution café 142",
        "done": null,
        "hold_reason": null,
        "id": "task-0142",
        "report_path": null,
        "blocked_reason": null,
        "blocked_by_ids": [],
        "priority": null,
        "state": "queued",
        "raw": "- [ ] task-0142 - Contribution café 142 https://github.com/example/repo/pull/143 (repo: sample) (kind: ship)",
        "body_excerpt": null,
        "local_note": null,
        "reported": null,
        "blocked_by": null,
        "unresolved_blocker_ids": [],
        "checked": false,
        "current_role": "queued",
        "kind": "ship",
        "body_lines": [],
        "merged": null,
        "order": 143,
        "structured": true,
        "hold_kind": null,
        "hold_age_days": null,
        "hold_bucket": null,
        "hold_until": null,
        "links": [
          "https://github.com/example/repo/pull/143"
        ]
      },
      {
        "local_note": null,
        "reported": null,
        "unresolved_blocker_ids": [],
        "blocked_by": null,
        "checked": false,
        "kind": "ship",
        "current_role": "queued",
        "body_lines": [],
        "merged": null,
        "hold_kind": null,
        "order": 144,
        "structured": true,
        "hold_age_days": null,
        "hold_bucket": null,
        "hold_until": null,
        "links": [
          "https://github.com/example/repo/pull/144"
        ],
        "repo": "sample",
        "captain_actionable": false,
        "hold_set": null,
        "completion": {
          "date": null,
          "verb": null
        },
        "requires_child_metadata": false,
        "pr_url": "https://github.com/example/repo/pull/144",
        "title": "Contribution café 143",
        "since": null,
        "done": null,
        "hold_reason": null,
        "id": "task-0143",
        "report_path": null,
        "blocked_reason": null,
        "blocked_by_ids": [],
        "priority": null,
        "state": "queued",
        "raw": "- [ ] task-0143 - Contribution café 143 https://github.com/example/repo/pull/144 (repo: sample) (kind: ship)",
        "body_excerpt": null
      },
      {
        "pr_url": "https://github.com/example/repo/pull/145",
        "requires_child_metadata": false,
        "repo": "sample",
        "completion": {
          "date": null,
          "verb": null
        },
        "captain_actionable": false,
        "hold_set": null,
        "done": null,
        "hold_reason": null,
        "since": null,
        "title": "Contribution café 144",
        "state": "queued",
        "priority": null,
        "report_path": null,
        "blocked_reason": null,
        "blocked_by_ids": [],
        "id": "task-0144",
        "body_excerpt": null,
        "raw": "- [ ] task-0144 - Contribution café 144 https://github.com/example/repo/pull/145 (repo: sample) (kind: ship)",
        "unresolved_blocker_ids": [],
        "blocked_by": null,
        "reported": null,
        "local_note": null,
        "merged": null,
        "structured": true,
        "order": 145,
        "hold_kind": null,
        "body_lines": [],
        "checked": false,
        "kind": "ship",
        "current_role": "queued",
        "hold_until": null,
        "hold_bucket": null,
        "hold_age_days": null,
        "links": [
          "https://github.com/example/repo/pull/145"
        ]
      },
      {
        "reported": null,
        "local_note": null,
        "unresolved_blocker_ids": [],
        "blocked_by": null,
        "merged": null,
        "order": 146,
        "hold_kind": null,
        "structured": true,
        "checked": false,
        "current_role": "queued",
        "kind": "ship",
        "body_lines": [],
        "hold_bucket": null,
        "hold_until": null,
        "hold_age_days": null,
        "links": [
          "https://github.com/example/repo/pull/146"
        ],
        "requires_child_metadata": false,
        "pr_url": "https://github.com/example/repo/pull/146",
        "repo": "sample",
        "captain_actionable": false,
        "completion": {
          "date": null,
          "verb": null
        },
        "hold_set": null,
        "since": null,
        "title": "Contribution café 145",
        "done": null,
        "hold_reason": null,
        "priority": null,
        "state": "queued",
        "id": "task-0145",
        "report_path": null,
        "blocked_reason": null,
        "blocked_by_ids": [],
        "raw": "- [ ] task-0145 - Contribution café 145 https://github.com/example/repo/pull/146 (repo: sample) (kind: ship)",
        "body_excerpt": null
      },
      {
        "local_note": null,
        "reported": null,
        "unresolved_blocker_ids": [],
        "blocked_by": null,
        "hold_kind": null,
        "structured": true,
        "order": 147,
        "merged": null,
        "kind": "ship",
        "current_role": "queued",
        "checked": false,
        "body_lines": [],
        "hold_bucket": null,
        "hold_until": null,
        "hold_age_days": null,
        "links": [
          "https://github.com/example/repo/pull/147"
        ],
        "requires_child_metadata": false,
        "pr_url": "https://github.com/example/repo/pull/147",
        "hold_set": null,
        "captain_actionable": false,
        "completion": {
          "date": null,
          "verb": null
        },
        "repo": "sample",
        "title": "Contribution café 146",
        "since": null,
        "done": null,
        "hold_reason": null,
        "priority": null,
        "state": "queued",
        "id": "task-0146",
        "blocked_reason": null,
        "blocked_by_ids": [],
        "report_path": null,
        "raw": "- [ ] task-0146 - Contribution café 146 https://github.com/example/repo/pull/147 (repo: sample) (kind: ship)",
        "body_excerpt": null
      },
      {
        "hold_age_days": null,
        "hold_until": null,
        "hold_bucket": null,
        "links": [
          "https://github.com/example/repo/pull/148"
        ],
        "blocked_by": null,
        "unresolved_blocker_ids": [],
        "reported": null,
        "local_note": null,
        "body_lines": [],
        "kind": "ship",
        "current_role": "queued",
        "checked": false,
        "order": 148,
        "structured": true,
        "hold_kind": null,
        "merged": null,
        "blocked_by_ids": [],
        "blocked_reason": null,
        "report_path": null,
        "id": "task-0147",
        "state": "queued",
        "priority": null,
        "body_excerpt": null,
        "raw": "- [ ] task-0147 - Contribution café 147 https://github.com/example/repo/pull/148 (repo: sample) (kind: ship)",
        "captain_actionable": false,
        "completion": {
          "verb": null,
          "date": null
        },
        "hold_set": null,
        "repo": "sample",
        "pr_url": "https://github.com/example/repo/pull/148",
        "requires_child_metadata": false,
        "done": null,
        "hold_reason": null,
        "title": "Contribution café 147",
        "since": null
      },
      {
        "raw": "- [ ] task-0148 - Contribution café 148 https://github.com/example/repo/pull/149 (repo: sample) (kind: ship)",
        "body_excerpt": null,
        "priority": null,
        "state": "queued",
        "id": "task-0148",
        "blocked_reason": null,
        "blocked_by_ids": [],
        "report_path": null,
        "title": "Contribution café 148",
        "since": null,
        "done": null,
        "hold_reason": null,
        "requires_child_metadata": false,
        "pr_url": "https://github.com/example/repo/pull/149",
        "hold_set": null,
        "captain_actionable": false,
        "completion": {
          "date": null,
          "verb": null
        },
        "repo": "sample",
        "links": [
          "https://github.com/example/repo/pull/149"
        ],
        "hold_bucket": null,
        "hold_until": null,
        "hold_age_days": null,
        "order": 149,
        "structured": true,
        "hold_kind": null,
        "merged": null,
        "kind": "ship",
        "current_role": "queued",
        "checked": false,
        "body_lines": [],
        "local_note": null,
        "reported": null,
        "unresolved_blocker_ids": [],
        "blocked_by": null
      },
      {
        "raw": "- [ ] task-0149 - Contribution café 149 https://github.com/example/repo/pull/150 (repo: sample) (kind: ship)",
        "body_excerpt": null,
        "priority": null,
        "state": "queued",
        "id": "task-0149",
        "blocked_by_ids": [],
        "blocked_reason": null,
        "report_path": null,
        "title": "Contribution café 149",
        "since": null,
        "done": null,
        "hold_reason": null,
        "requires_child_metadata": false,
        "pr_url": "https://github.com/example/repo/pull/150",
        "hold_set": null,
        "captain_actionable": false,
        "completion": {
          "date": null,
          "verb": null
        },
        "repo": "sample",
        "links": [
          "https://github.com/example/repo/pull/150"
        ],
        "hold_bucket": null,
        "hold_until": null,
        "hold_age_days": null,
        "order": 150,
        "hold_kind": null,
        "structured": true,
        "merged": null,
        "current_role": "queued",
        "kind": "ship",
        "checked": false,
        "body_lines": [],
        "local_note": null,
        "reported": null,
        "unresolved_blocker_ids": [],
        "blocked_by": null
      },
      {
        "state": "queued",
        "priority": null,
        "blocked_reason": null,
        "blocked_by_ids": [],
        "report_path": null,
        "id": "task-0150",
        "body_excerpt": null,
        "raw": "- [ ] task-0150 - Contribution café 150 https://github.com/example/repo/pull/151 (repo: sample) (kind: ship)",
        "pr_url": "https://github.com/example/repo/pull/151",
        "requires_child_metadata": false,
        "completion": {
          "verb": null,
          "date": null
        },
        "captain_actionable": false,
        "hold_set": null,
        "repo": "sample",
        "done": null,
        "hold_reason": null,
        "title": "Contribution café 150",
        "since": null,
        "hold_until": null,
        "hold_bucket": null,
        "hold_age_days": null,
        "links": [
          "https://github.com/example/repo/pull/151"
        ],
        "blocked_by": null,
        "unresolved_blocker_ids": [],
        "local_note": null,
        "reported": null,
        "structured": true,
        "order": 151,
        "hold_kind": null,
        "merged": null,
        "body_lines": [],
        "kind": "ship",
        "current_role": "queued",
        "checked": false
      },
      {
        "links": [
          "https://github.com/example/repo/pull/152"
        ],
        "hold_bucket": null,
        "hold_until": null,
        "hold_age_days": null,
        "merged": null,
        "hold_kind": null,
        "structured": true,
        "order": 152,
        "checked": false,
        "current_role": "queued",
        "kind": "ship",
        "body_lines": [],
        "reported": null,
        "local_note": null,
        "unresolved_blocker_ids": [],
        "blocked_by": null,
        "raw": "- [ ] task-0151 - Contribution café 151 https://github.com/example/repo/pull/152 (repo: sample) (kind: ship)",
        "body_excerpt": null,
        "priority": null,
        "state": "queued",
        "id": "task-0151",
        "report_path": null,
        "blocked_reason": null,
        "blocked_by_ids": [],
        "title": "Contribution café 151",
        "since": null,
        "done": null,
        "hold_reason": null,
        "requires_child_metadata": false,
        "pr_url": "https://github.com/example/repo/pull/152",
        "repo": "sample",
        "captain_actionable": false,
        "completion": {
          "date": null,
          "verb": null
        },
        "hold_set": null
      },
      {
        "body_excerpt": null,
        "raw": "- [ ] task-0152 - Contribution café 152 https://github.com/example/repo/pull/153 (repo: sample) (kind: ship)",
        "state": "queued",
        "priority": null,
        "blocked_by_ids": [],
        "blocked_reason": null,
        "report_path": null,
        "id": "task-0152",
        "done": null,
        "hold_reason": null,
        "since": null,
        "title": "Contribution café 152",
        "pr_url": "https://github.com/example/repo/pull/153",
        "requires_child_metadata": false,
        "captain_actionable": false,
        "completion": {
          "verb": null,
          "date": null
        },
        "hold_set": null,
        "repo": "sample",
        "links": [
          "https://github.com/example/repo/pull/153"
        ],
        "hold_until": null,
        "hold_bucket": null,
        "hold_age_days": null,
        "hold_kind": null,
        "order": 153,
        "structured": true,
        "merged": null,
        "body_lines": [],
        "kind": "ship",
        "current_role": "queued",
        "checked": false,
        "blocked_by": null,
        "unresolved_blocker_ids": [],
        "reported": null,
        "local_note": null
      },
      {
        "state": "queued",
        "priority": null,
        "blocked_by_ids": [],
        "blocked_reason": null,
        "report_path": null,
        "id": "task-0153",
        "body_excerpt": null,
        "raw": "- [ ] task-0153 - Contribution café 153 https://github.com/example/repo/pull/154 (repo: sample) (kind: ship)",
        "pr_url": "https://github.com/example/repo/pull/154",
        "requires_child_metadata": false,
        "hold_set": null,
        "captain_actionable": false,
        "completion": {
          "date": null,
          "verb": null
        },
        "repo": "sample",
        "done": null,
        "hold_reason": null,
        "since": null,
        "title": "Contribution café 153",
        "hold_until": null,
        "hold_bucket": null,
        "hold_age_days": null,
        "links": [
          "https://github.com/example/repo/pull/154"
        ],
        "unresolved_blocker_ids": [],
        "blocked_by": null,
        "local_note": null,
        "reported": null,
        "order": 154,
        "hold_kind": null,
        "structured": true,
        "merged": null,
        "body_lines": [],
        "current_role": "queued",
        "kind": "ship",
        "checked": false
      },
      {
        "body_excerpt": null,
        "raw": "- [ ] task-0154 - Contribution café 154 https://github.com/example/repo/pull/155 (repo: sample) (kind: ship)",
        "state": "queued",
        "priority": null,
        "blocked_by_ids": [],
        "blocked_reason": null,
        "report_path": null,
        "id": "task-0154",
        "done": null,
        "hold_reason": null,
        "since": null,
        "title": "Contribution café 154",
        "pr_url": "https://github.com/example/repo/pull/155",
        "requires_child_metadata": false,
        "captain_actionable": false,
        "completion": {
          "date": null,
          "verb": null
        },
        "hold_set": null,
        "repo": "sample",
        "links": [
          "https://github.com/example/repo/pull/155"
        ],
        "hold_until": null,
        "hold_bucket": null,
        "hold_age_days": null,
        "structured": true,
        "order": 155,
        "hold_kind": null,
        "merged": null,
        "body_lines": [],
        "current_role": "queued",
        "kind": "ship",
        "checked": false,
        "unresolved_blocker_ids": [],
        "blocked_by": null,
        "reported": null,
        "local_note": null
      },
      {
        "links": [
          "https://github.com/example/repo/pull/156"
        ],
        "hold_until": null,
        "hold_bucket": null,
        "hold_age_days": null,
        "structured": true,
        "order": 156,
        "hold_kind": null,
        "merged": null,
        "body_lines": [],
        "current_role": "queued",
        "kind": "ship",
        "checked": false,
        "blocked_by": null,
        "unresolved_blocker_ids": [],
        "local_note": null,
        "reported": null,
        "body_excerpt": null,
        "raw": "- [ ] task-0155 - Contribution café 155 https://github.com/example/repo/pull/156 (repo: sample) (kind: ship)",
        "state": "queued",
        "priority": null,
        "blocked_reason": null,
        "blocked_by_ids": [],
        "report_path": null,
        "id": "task-0155",
        "done": null,
        "hold_reason": null,
        "title": "Contribution café 155",
        "since": null,
        "pr_url": "https://github.com/example/repo/pull/156",
        "requires_child_metadata": false,
        "hold_set": null,
        "captain_actionable": false,
        "completion": {
          "date": null,
          "verb": null
        },
        "repo": "sample"
      },
      {
        "done": null,
        "hold_reason": null,
        "title": "Contribution café 156",
        "since": null,
        "pr_url": "https://github.com/example/repo/pull/157",
        "requires_child_metadata": false,
        "repo": "sample",
        "captain_actionable": false,
        "completion": {
          "date": null,
          "verb": null
        },
        "hold_set": null,
        "body_excerpt": null,
        "raw": "- [ ] task-0156 - Contribution café 156 https://github.com/example/repo/pull/157 (repo: sample) (kind: ship)",
        "state": "queued",
        "priority": null,
        "report_path": null,
        "blocked_by_ids": [],
        "blocked_reason": null,
        "id": "task-0156",
        "merged": null,
        "structured": true,
        "hold_kind": null,
        "order": 157,
        "body_lines": [],
        "checked": false,
        "current_role": "queued",
        "kind": "ship",
        "unresolved_blocker_ids": [],
        "blocked_by": null,
        "reported": null,
        "local_note": null,
        "links": [
          "https://github.com/example/repo/pull/157"
        ],
        "hold_until": null,
        "hold_bucket": null,
        "hold_age_days": null
      },
      {
        "raw": "- [ ] task-0157 - Contribution café 157 https://github.com/example/repo/pull/158 (repo: sample) (kind: ship)",
        "body_excerpt": null,
        "id": "task-0157",
        "blocked_by_ids": [],
        "blocked_reason": null,
        "report_path": null,
        "priority": null,
        "state": "queued",
        "title": "Contribution café 157",
        "since": null,
        "hold_reason": null,
        "done": null,
        "captain_actionable": false,
        "completion": {
          "verb": null,
          "date": null
        },
        "hold_set": null,
        "repo": "sample",
        "requires_child_metadata": false,
        "pr_url": "https://github.com/example/repo/pull/158",
        "links": [
          "https://github.com/example/repo/pull/158"
        ],
        "hold_age_days": null,
        "hold_bucket": null,
        "hold_until": null,
        "kind": "ship",
        "current_role": "queued",
        "checked": false,
        "body_lines": [],
        "hold_kind": null,
        "order": 158,
        "structured": true,
        "merged": null,
        "reported": null,
        "local_note": null,
        "blocked_by": null,
        "unresolved_blocker_ids": []
      },
      {
        "hold_reason": null,
        "done": null,
        "since": null,
        "title": "Contribution café 158",
        "repo": "sample",
        "captain_actionable": false,
        "hold_set": null,
        "completion": {
          "date": null,
          "verb": null
        },
        "pr_url": "https://github.com/example/repo/pull/159",
        "requires_child_metadata": false,
        "body_excerpt": null,
        "raw": "- [ ] task-0158 - Contribution café 158 https://github.com/example/repo/pull/159 (repo: sample) (kind: ship)",
        "report_path": null,
        "blocked_reason": null,
        "blocked_by_ids": [],
        "id": "task-0158",
        "state": "queued",
        "priority": null,
        "body_lines": [],
        "checked": false,
        "current_role": "queued",
        "kind": "ship",
        "merged": null,
        "hold_kind": null,
        "order": 159,
        "structured": true,
        "blocked_by": null,
        "unresolved_blocker_ids": [],
        "local_note": null,
        "reported": null,
        "links": [
          "https://github.com/example/repo/pull/159"
        ],
        "hold_age_days": null,
        "hold_until": null,
        "hold_bucket": null
      },
      {
        "links": [
          "https://github.com/example/repo/pull/160"
        ],
        "hold_age_days": null,
        "hold_bucket": null,
        "hold_until": null,
        "checked": false,
        "kind": "ship",
        "current_role": "queued",
        "body_lines": [],
        "merged": null,
        "order": 160,
        "hold_kind": null,
        "structured": true,
        "reported": null,
        "local_note": null,
        "unresolved_blocker_ids": [],
        "blocked_by": null,
        "raw": "- [ ] task-0159 - Contribution café 159 https://github.com/example/repo/pull/160 (repo: sample) (kind: ship)",
        "body_excerpt": null,
        "id": "task-0159",
        "report_path": null,
        "blocked_by_ids": [],
        "blocked_reason": null,
        "priority": null,
        "state": "queued",
        "since": null,
        "title": "Contribution café 159",
        "done": null,
        "hold_reason": null,
        "repo": "sample",
        "captain_actionable": false,
        "completion": {
          "verb": null,
          "date": null
        },
        "hold_set": null,
        "requires_child_metadata": false,
        "pr_url": "https://github.com/example/repo/pull/160"
      },
      {
        "reported": null,
        "local_note": null,
        "unresolved_blocker_ids": [],
        "blocked_by": null,
        "checked": false,
        "kind": "ship",
        "current_role": "queued",
        "body_lines": [],
        "merged": null,
        "structured": true,
        "order": 161,
        "hold_kind": null,
        "hold_age_days": null,
        "hold_bucket": null,
        "hold_until": null,
        "links": [
          "https://github.com/example/repo/pull/161"
        ],
        "repo": "sample",
        "captain_actionable": false,
        "hold_set": null,
        "completion": {
          "verb": null,
          "date": null
        },
        "requires_child_metadata": false,
        "pr_url": "https://github.com/example/repo/pull/161",
        "title": "Contribution café 160",
        "since": null,
        "done": null,
        "hold_reason": null,
        "id": "task-0160",
        "report_path": null,
        "blocked_reason": null,
        "blocked_by_ids": [],
        "priority": null,
        "state": "queued",
        "raw": "- [ ] task-0160 - Contribution café 160 https://github.com/example/repo/pull/161 (repo: sample) (kind: ship)",
        "body_excerpt": null
      },
      {
        "merged": null,
        "order": 162,
        "structured": true,
        "hold_kind": null,
        "body_lines": [],
        "checked": false,
        "current_role": "queued",
        "kind": "ship",
        "unresolved_blocker_ids": [],
        "blocked_by": null,
        "local_note": null,
        "reported": null,
        "links": [
          "https://github.com/example/repo/pull/162"
        ],
        "hold_until": null,
        "hold_bucket": null,
        "hold_age_days": null,
        "done": null,
        "hold_reason": null,
        "since": null,
        "title": "Contribution café 161",
        "pr_url": "https://github.com/example/repo/pull/162",
        "requires_child_metadata": false,
        "repo": "sample",
        "hold_set": null,
        "captain_actionable": false,
        "completion": {
          "verb": null,
          "date": null
        },
        "body_excerpt": null,
        "raw": "- [ ] task-0161 - Contribution café 161 https://github.com/example/repo/pull/162 (repo: sample) (kind: ship)",
        "state": "queued",
        "priority": null,
        "report_path": null,
        "blocked_reason": null,
        "blocked_by_ids": [],
        "id": "task-0161"
      },
      {
        "raw": "- [ ] task-0162 - Contribution café 162 https://github.com/example/repo/pull/163 (repo: sample) (kind: ship)",
        "body_excerpt": null,
        "id": "task-0162",
        "blocked_reason": null,
        "blocked_by_ids": [],
        "report_path": null,
        "priority": null,
        "state": "queued",
        "title": "Contribution café 162",
        "since": null,
        "done": null,
        "hold_reason": null,
        "captain_actionable": false,
        "completion": {
          "date": null,
          "verb": null
        },
        "hold_set": null,
        "repo": "sample",
        "requires_child_metadata": false,
        "pr_url": "https://github.com/example/repo/pull/163",
        "links": [
          "https://github.com/example/repo/pull/163"
        ],
        "hold_age_days": null,
        "hold_bucket": null,
        "hold_until": null,
        "current_role": "queued",
        "kind": "ship",
        "checked": false,
        "body_lines": [],
        "structured": true,
        "hold_kind": null,
        "order": 163,
        "merged": null,
        "local_note": null,
        "reported": null,
        "unresolved_blocker_ids": [],
        "blocked_by": null
      },
      {
        "pr_url": "https://github.com/example/repo/pull/164",
        "requires_child_metadata": false,
        "completion": {
          "date": null,
          "verb": null
        },
        "captain_actionable": false,
        "hold_set": null,
        "repo": "sample",
        "done": null,
        "hold_reason": null,
        "title": "Contribution café 163",
        "since": null,
        "state": "queued",
        "priority": null,
        "blocked_by_ids": [],
        "blocked_reason": null,
        "report_path": null,
        "id": "task-0163",
        "body_excerpt": null,
        "raw": "- [ ] task-0163 - Contribution café 163 https://github.com/example/repo/pull/164 (repo: sample) (kind: ship)",
        "unresolved_blocker_ids": [],
        "blocked_by": null,
        "local_note": null,
        "reported": null,
        "structured": true,
        "order": 164,
        "hold_kind": null,
        "merged": null,
        "body_lines": [],
        "kind": "ship",
        "current_role": "queued",
        "checked": false,
        "hold_until": null,
        "hold_bucket": null,
        "hold_age_days": null,
        "links": [
          "https://github.com/example/repo/pull/164"
        ]
      },
      {
        "structured": true,
        "order": 165,
        "hold_kind": null,
        "merged": null,
        "kind": "ship",
        "current_role": "queued",
        "checked": false,
        "body_lines": [],
        "reported": null,
        "local_note": null,
        "blocked_by": null,
        "unresolved_blocker_ids": [],
        "links": [
          "https://github.com/example/repo/pull/165"
        ],
        "hold_bucket": null,
        "hold_until": null,
        "hold_age_days": null,
        "title": "Contribution café 164",
        "since": null,
        "done": null,
        "hold_reason": null,
        "requires_child_metadata": false,
        "pr_url": "https://github.com/example/repo/pull/165",
        "captain_actionable": false,
        "hold_set": null,
        "completion": {
          "verb": null,
          "date": null
        },
        "repo": "sample",
        "raw": "- [ ] task-0164 - Contribution café 164 https://github.com/example/repo/pull/165 (repo: sample) (kind: ship)",
        "body_excerpt": null,
        "priority": null,
        "state": "queued",
        "id": "task-0164",
        "blocked_reason": null,
        "blocked_by_ids": [],
        "report_path": null
      },
      {
        "unresolved_blocker_ids": [],
        "blocked_by": null,
        "reported": null,
        "local_note": null,
        "body_lines": [],
        "checked": false,
        "kind": "ship",
        "current_role": "queued",
        "merged": null,
        "structured": true,
        "hold_kind": null,
        "order": 166,
        "hold_age_days": null,
        "hold_until": null,
        "hold_bucket": null,
        "links": [
          "https://github.com/example/repo/pull/166"
        ],
        "repo": "sample",
        "captain_actionable": false,
        "completion": {
          "date": null,
          "verb": null
        },
        "hold_set": null,
        "pr_url": "https://github.com/example/repo/pull/166",
        "requires_child_metadata": false,
        "done": null,
        "hold_reason": null,
        "title": "Contribution café 165",
        "since": null,
        "report_path": null,
        "blocked_reason": null,
        "blocked_by_ids": [],
        "id": "task-0165",
        "state": "queued",
        "priority": null,
        "body_excerpt": null,
        "raw": "- [ ] task-0165 - Contribution café 165 https://github.com/example/repo/pull/166 (repo: sample) (kind: ship)"
      },
      {
        "done": null,
        "hold_reason": null,
        "title": "Contribution café 166",
        "since": null,
        "captain_actionable": false,
        "hold_set": null,
        "completion": {
          "verb": null,
          "date": null
        },
        "repo": "sample",
        "pr_url": "https://github.com/example/repo/pull/167",
        "requires_child_metadata": false,
        "body_excerpt": null,
        "raw": "- [ ] task-0166 - Contribution café 166 https://github.com/example/repo/pull/167 (repo: sample) (kind: ship)",
        "blocked_reason": null,
        "blocked_by_ids": [],
        "report_path": null,
        "id": "task-0166",
        "state": "queued",
        "priority": null,
        "body_lines": [],
        "current_role": "queued",
        "kind": "ship",
        "checked": false,
        "hold_kind": null,
        "structured": true,
        "order": 167,
        "merged": null,
        "blocked_by": null,
        "unresolved_blocker_ids": [],
        "local_note": null,
        "reported": null,
        "links": [
          "https://github.com/example/repo/pull/167"
        ],
        "hold_age_days": null,
        "hold_until": null,
        "hold_bucket": null
      },
      {
        "requires_child_metadata": false,
        "pr_url": "https://github.com/example/repo/pull/168",
        "repo": "sample",
        "captain_actionable": false,
        "hold_set": null,
        "completion": {
          "date": null,
          "verb": null
        },
        "since": null,
        "title": "Contribution café 167",
        "done": null,
        "hold_reason": null,
        "priority": null,
        "state": "queued",
        "id": "task-0167",
        "report_path": null,
        "blocked_reason": null,
        "blocked_by_ids": [],
        "raw": "- [ ] task-0167 - Contribution café 167 https://github.com/example/repo/pull/168 (repo: sample) (kind: ship)",
        "body_excerpt": null,
        "reported": null,
        "local_note": null,
        "unresolved_blocker_ids": [],
        "blocked_by": null,
        "merged": null,
        "order": 168,
        "structured": true,
        "hold_kind": null,
        "checked": false,
        "kind": "ship",
        "current_role": "queued",
        "body_lines": [],
        "hold_bucket": null,
        "hold_until": null,
        "hold_age_days": null,
        "links": [
          "https://github.com/example/repo/pull/168"
        ]
      },
      {
        "requires_child_metadata": false,
        "pr_url": "https://github.com/example/repo/pull/169",
        "hold_set": null,
        "captain_actionable": false,
        "completion": {
          "verb": null,
          "date": null
        },
        "repo": "sample",
        "title": "Contribution café 168",
        "since": null,
        "done": null,
        "hold_reason": null,
        "priority": null,
        "state": "queued",
        "id": "task-0168",
        "blocked_reason": null,
        "blocked_by_ids": [],
        "report_path": null,
        "raw": "- [ ] task-0168 - Contribution café 168 https://github.com/example/repo/pull/169 (repo: sample) (kind: ship)",
        "body_excerpt": null,
        "reported": null,
        "local_note": null,
        "blocked_by": null,
        "unresolved_blocker_ids": [],
        "order": 169,
        "structured": true,
        "hold_kind": null,
        "merged": null,
        "current_role": "queued",
        "kind": "ship",
        "checked": false,
        "body_lines": [],
        "hold_bucket": null,
        "hold_until": null,
        "hold_age_days": null,
        "links": [
          "https://github.com/example/repo/pull/169"
        ]
      },
      {
        "done": null,
        "hold_reason": null,
        "since": null,
        "title": "Contribution café 169",
        "pr_url": "https://github.com/example/repo/pull/170",
        "requires_child_metadata": false,
        "completion": {
          "verb": null,
          "date": null
        },
        "captain_actionable": false,
        "hold_set": null,
        "repo": "sample",
        "body_excerpt": null,
        "raw": "- [ ] task-0169 - Contribution café 169 https://github.com/example/repo/pull/170 (repo: sample) (kind: ship)",
        "state": "queued",
        "priority": null,
        "blocked_reason": null,
        "blocked_by_ids": [],
        "report_path": null,
        "id": "task-0169",
        "structured": true,
        "order": 170,
        "hold_kind": null,
        "merged": null,
        "body_lines": [],
        "kind": "ship",
        "current_role": "queued",
        "checked": false,
        "blocked_by": null,
        "unresolved_blocker_ids": [],
        "local_note": null,
        "reported": null,
        "links": [
          "https://github.com/example/repo/pull/170"
        ],
        "hold_until": null,
        "hold_bucket": null,
        "hold_age_days": null
      },
      {
        "hold_age_days": null,
        "hold_bucket": null,
        "hold_until": null,
        "links": [
          "https://github.com/example/repo/pull/171"
        ],
        "local_note": null,
        "reported": null,
        "unresolved_blocker_ids": [],
        "blocked_by": null,
        "checked": false,
        "current_role": "queued",
        "kind": "ship",
        "body_lines": [],
        "merged": null,
        "order": 171,
        "structured": true,
        "hold_kind": null,
        "id": "task-0170",
        "report_path": null,
        "blocked_reason": null,
        "blocked_by_ids": [],
        "priority": null,
        "state": "queued",
        "raw": "- [ ] task-0170 - Contribution café 170 https://github.com/example/repo/pull/171 (repo: sample) (kind: ship)",
        "body_excerpt": null,
        "repo": "sample",
        "hold_set": null,
        "captain_actionable": false,
        "completion": {
          "date": null,
          "verb": null
        },
        "requires_child_metadata": false,
        "pr_url": "https://github.com/example/repo/pull/171",
        "since": null,
        "title": "Contribution café 170",
        "done": null,
        "hold_reason": null
      },
      {
        "links": [
          "https://github.com/example/repo/pull/172"
        ],
        "hold_age_days": null,
        "hold_until": null,
        "hold_bucket": null,
        "body_lines": [],
        "checked": false,
        "current_role": "queued",
        "kind": "ship",
        "merged": null,
        "order": 172,
        "structured": true,
        "hold_kind": null,
        "unresolved_blocker_ids": [],
        "blocked_by": null,
        "reported": null,
        "local_note": null,
        "body_excerpt": null,
        "raw": "- [ ] task-0171 - Contribution café 171 https://github.com/example/repo/pull/172 (repo: sample) (kind: ship)",
        "report_path": null,
        "blocked_reason": null,
        "blocked_by_ids": [],
        "id": "task-0171",
        "state": "queued",
        "priority": null,
        "hold_reason": null,
        "done": null,
        "title": "Contribution café 171",
        "since": null,
        "repo": "sample",
        "captain_actionable": false,
        "hold_set": null,
        "completion": {
          "verb": null,
          "date": null
        },
        "pr_url": "https://github.com/example/repo/pull/172",
        "requires_child_metadata": false
      },
      {
        "id": "task-0172",
        "report_path": null,
        "blocked_reason": null,
        "blocked_by_ids": [],
        "priority": null,
        "state": "queued",
        "raw": "- [ ] task-0172 - Contribution café 172 https://github.com/example/repo/pull/173 (repo: sample) (kind: ship)",
        "body_excerpt": null,
        "repo": "sample",
        "captain_actionable": false,
        "hold_set": null,
        "completion": {
          "verb": null,
          "date": null
        },
        "requires_child_metadata": false,
        "pr_url": "https://github.com/example/repo/pull/173",
        "since": null,
        "title": "Contribution café 172",
        "done": null,
        "hold_reason": null,
        "hold_age_days": null,
        "hold_bucket": null,
        "hold_until": null,
        "links": [
          "https://github.com/example/repo/pull/173"
        ],
        "reported": null,
        "local_note": null,
        "blocked_by": null,
        "unresolved_blocker_ids": [],
        "checked": false,
        "current_role": "queued",
        "kind": "ship",
        "body_lines": [],
        "merged": null,
        "structured": true,
        "order": 173,
        "hold_kind": null
      },
      {
        "since": null,
        "title": "Contribution café 173",
        "done": null,
        "hold_reason": null,
        "requires_child_metadata": false,
        "pr_url": "https://github.com/example/repo/pull/174",
        "repo": "sample",
        "captain_actionable": false,
        "hold_set": null,
        "completion": {
          "verb": null,
          "date": null
        },
        "raw": "- [ ] task-0173 - Contribution café 173 https://github.com/example/repo/pull/174 (repo: sample) (kind: ship)",
        "body_excerpt": null,
        "priority": null,
        "state": "queued",
        "id": "task-0173",
        "report_path": null,
        "blocked_reason": null,
        "blocked_by_ids": [],
        "merged": null,
        "order": 174,
        "structured": true,
        "hold_kind": null,
        "checked": false,
        "kind": "ship",
        "current_role": "queued",
        "body_lines": [],
        "local_note": null,
        "reported": null,
        "unresolved_blocker_ids": [],
        "blocked_by": null,
        "links": [
          "https://github.com/example/repo/pull/174"
        ],
        "hold_bucket": null,
        "hold_until": null,
        "hold_age_days": null
      },
      {
        "captain_actionable": false,
        "hold_set": null,
        "completion": {
          "date": null,
          "verb": null
        },
        "repo": "sample",
        "requires_child_metadata": false,
        "pr_url": "https://github.com/example/repo/pull/175",
        "since": null,
        "title": "Contribution café 174",
        "hold_reason": null,
        "done": null,
        "id": "task-0174",
        "blocked_reason": null,
        "blocked_by_ids": [],
        "report_path": null,
        "priority": null,
        "state": "queued",
        "raw": "- [ ] task-0174 - Contribution café 174 https://github.com/example/repo/pull/175 (repo: sample) (kind: ship)",
        "body_excerpt": null,
        "local_note": null,
        "reported": null,
        "unresolved_blocker_ids": [],
        "blocked_by": null,
        "kind": "ship",
        "current_role": "queued",
        "checked": false,
        "body_lines": [],
        "hold_kind": null,
        "structured": true,
        "order": 175,
        "merged": null,
        "hold_age_days": null,
        "hold_bucket": null,
        "hold_until": null,
        "links": [
          "https://github.com/example/repo/pull/175"
        ]
      },
      {
        "hold_bucket": null,
        "hold_until": null,
        "hold_age_days": null,
        "links": [
          "https://github.com/example/repo/pull/176"
        ],
        "local_note": null,
        "reported": null,
        "blocked_by": null,
        "unresolved_blocker_ids": [],
        "merged": null,
        "order": 176,
        "structured": true,
        "hold_kind": null,
        "checked": false,
        "kind": "ship",
        "current_role": "queued",
        "body_lines": [],
        "priority": null,
        "state": "queued",
        "id": "task-0175",
        "report_path": null,
        "blocked_reason": null,
        "blocked_by_ids": [],
        "raw": "- [ ] task-0175 - Contribution café 175 https://github.com/example/repo/pull/176 (repo: sample) (kind: ship)",
        "body_excerpt": null,
        "requires_child_metadata": false,
        "pr_url": "https://github.com/example/repo/pull/176",
        "repo": "sample",
        "hold_set": null,
        "captain_actionable": false,
        "completion": {
          "date": null,
          "verb": null
        },
        "title": "Contribution café 175",
        "since": null,
        "done": null,
        "hold_reason": null
      },
      {
        "reported": null,
        "local_note": null,
        "unresolved_blocker_ids": [],
        "blocked_by": null,
        "hold_kind": null,
        "order": 177,
        "structured": true,
        "merged": null,
        "current_role": "queued",
        "kind": "ship",
        "checked": false,
        "body_lines": [],
        "hold_bucket": null,
        "hold_until": null,
        "hold_age_days": null,
        "links": [
          "https://github.com/example/repo/pull/177"
        ],
        "requires_child_metadata": false,
        "pr_url": "https://github.com/example/repo/pull/177",
        "captain_actionable": false,
        "completion": {
          "date": null,
          "verb": null
        },
        "hold_set": null,
        "repo": "sample",
        "since": null,
        "title": "Contribution café 176",
        "done": null,
        "hold_reason": null,
        "priority": null,
        "state": "queued",
        "id": "task-0176",
        "blocked_reason": null,
        "blocked_by_ids": [],
        "report_path": null,
        "raw": "- [ ] task-0176 - Contribution café 176 https://github.com/example/repo/pull/177 (repo: sample) (kind: ship)",
        "body_excerpt": null
      },
      {
        "links": [
          "https://github.com/example/repo/pull/178"
        ],
        "hold_age_days": null,
        "hold_bucket": null,
        "hold_until": null,
        "current_role": "queued",
        "kind": "ship",
        "checked": false,
        "body_lines": [],
        "order": 178,
        "structured": true,
        "hold_kind": null,
        "merged": null,
        "local_note": null,
        "reported": null,
        "blocked_by": null,
        "unresolved_blocker_ids": [],
        "raw": "- [ ] task-0177 - Contribution café 177 https://github.com/example/repo/pull/178 (repo: sample) (kind: ship)",
        "body_excerpt": null,
        "id": "task-0177",
        "blocked_reason": null,
        "blocked_by_ids": [],
        "report_path": null,
        "priority": null,
        "state": "queued",
        "title": "Contribution café 177",
        "since": null,
        "hold_reason": null,
        "done": null,
        "hold_set": null,
        "captain_actionable": false,
        "completion": {
          "verb": null,
          "date": null
        },
        "repo": "sample",
        "requires_child_metadata": false,
        "pr_url": "https://github.com/example/repo/pull/178"
      },
      {
        "links": [
          "https://github.com/example/repo/pull/179"
        ],
        "hold_bucket": null,
        "hold_until": null,
        "hold_age_days": null,
        "merged": null,
        "structured": true,
        "order": 179,
        "hold_kind": null,
        "checked": false,
        "current_role": "queued",
        "kind": "ship",
        "body_lines": [],
        "reported": null,
        "local_note": null,
        "unresolved_blocker_ids": [],
        "blocked_by": null,
        "raw": "- [ ] task-0178 - Contribution café 178 https://github.com/example/repo/pull/179 (repo: sample) (kind: ship)",
        "body_excerpt": null,
        "priority": null,
        "state": "queued",
        "id": "task-0178",
        "report_path": null,
        "blocked_reason": null,
        "blocked_by_ids": [],
        "since": null,
        "title": "Contribution café 178",
        "done": null,
        "hold_reason": null,
        "requires_child_metadata": false,
        "pr_url": "https://github.com/example/repo/pull/179",
        "repo": "sample",
        "hold_set": null,
        "captain_actionable": false,
        "completion": {
          "verb": null,
          "date": null
        }
      },
      {
        "id": "task-0179",
        "report_path": null,
        "blocked_reason": null,
        "blocked_by_ids": [],
        "priority": null,
        "state": "queued",
        "raw": "- [ ] task-0179 - Contribution café 179 https://github.com/example/repo/pull/180 (repo: sample) (kind: ship)",
        "body_excerpt": null,
        "repo": "sample",
        "captain_actionable": false,
        "hold_set": null,
        "completion": {
          "verb": null,
          "date": null
        },
        "requires_child_metadata": false,
        "pr_url": "https://github.com/example/repo/pull/180",
        "title": "Contribution café 179",
        "since": null,
        "done": null,
        "hold_reason": null,
        "hold_age_days": null,
        "hold_bucket": null,
        "hold_until": null,
        "links": [
          "https://github.com/example/repo/pull/180"
        ],
        "local_note": null,
        "reported": null,
        "blocked_by": null,
        "unresolved_blocker_ids": [],
        "checked": false,
        "kind": "ship",
        "current_role": "queued",
        "body_lines": [],
        "merged": null,
        "order": 180,
        "structured": true,
        "hold_kind": null
      },
      {
        "links": [
          "https://github.com/example/repo/pull/181"
        ],
        "hold_bucket": null,
        "hold_until": null,
        "hold_age_days": null,
        "order": 181,
        "hold_kind": null,
        "structured": true,
        "merged": null,
        "current_role": "queued",
        "kind": "ship",
        "checked": false,
        "body_lines": [],
        "local_note": null,
        "reported": null,
        "unresolved_blocker_ids": [],
        "blocked_by": null,
        "raw": "- [ ] task-0180 - Contribution café 180 https://github.com/example/repo/pull/181 (repo: sample) (kind: ship)",
        "body_excerpt": null,
        "priority": null,
        "state": "queued",
        "id": "task-0180",
        "blocked_reason": null,
        "blocked_by_ids": [],
        "report_path": null,
        "since": null,
        "title": "Contribution café 180",
        "done": null,
        "hold_reason": null,
        "requires_child_metadata": false,
        "pr_url": "https://github.com/example/repo/pull/181",
        "completion": {
          "verb": null,
          "date": null
        },
        "captain_actionable": false,
        "hold_set": null,
        "repo": "sample"
      },
      {
        "kind": "ship",
        "current_role": "queued",
        "checked": false,
        "body_lines": [],
        "order": 182,
        "hold_kind": null,
        "structured": true,
        "merged": null,
        "reported": null,
        "local_note": null,
        "blocked_by": null,
        "unresolved_blocker_ids": [],
        "links": [
          "https://github.com/example/repo/pull/182"
        ],
        "hold_age_days": null,
        "hold_bucket": null,
        "hold_until": null,
        "title": "Contribution café 181",
        "since": null,
        "done": null,
        "hold_reason": null,
        "hold_set": null,
        "captain_actionable": false,
        "completion": {
          "date": null,
          "verb": null
        },
        "repo": "sample",
        "requires_child_metadata": false,
        "pr_url": "https://github.com/example/repo/pull/182",
        "raw": "- [ ] task-0181 - Contribution café 181 https://github.com/example/repo/pull/182 (repo: sample) (kind: ship)",
        "body_excerpt": null,
        "id": "task-0181",
        "blocked_reason": null,
        "blocked_by_ids": [],
        "report_path": null,
        "priority": null,
        "state": "queued"
      },
      {
        "structured": true,
        "order": 183,
        "hold_kind": null,
        "merged": null,
        "current_role": "queued",
        "kind": "ship",
        "checked": false,
        "body_lines": [],
        "local_note": null,
        "reported": null,
        "blocked_by": null,
        "unresolved_blocker_ids": [],
        "links": [
          "https://github.com/example/repo/pull/183"
        ],
        "hold_bucket": null,
        "hold_until": null,
        "hold_age_days": null,
        "since": null,
        "title": "Contribution café 182",
        "done": null,
        "hold_reason": null,
        "requires_child_metadata": false,
        "pr_url": "https://github.com/example/repo/pull/183",
        "hold_set": null,
        "captain_actionable": false,
        "completion": {
          "verb": null,
          "date": null
        },
        "repo": "sample",
        "raw": "- [ ] task-0182 - Contribution café 182 https://github.com/example/repo/pull/183 (repo: sample) (kind: ship)",
        "body_excerpt": null,
        "priority": null,
        "state": "queued",
        "id": "task-0182",
        "blocked_reason": null,
        "blocked_by_ids": [],
        "report_path": null
      },
      {
        "hold_bucket": null,
        "hold_until": null,
        "hold_age_days": null,
        "links": [
          "https://github.com/example/repo/pull/184"
        ],
        "reported": null,
        "local_note": null,
        "blocked_by": null,
        "unresolved_blocker_ids": [],
        "merged": null,
        "order": 184,
        "structured": true,
        "hold_kind": null,
        "checked": false,
        "current_role": "queued",
        "kind": "ship",
        "body_lines": [],
        "priority": null,
        "state": "queued",
        "id": "task-0183",
        "report_path": null,
        "blocked_reason": null,
        "blocked_by_ids": [],
        "raw": "- [ ] task-0183 - Contribution café 183 https://github.com/example/repo/pull/184 (repo: sample) (kind: ship)",
        "body_excerpt": null,
        "requires_child_metadata": false,
        "pr_url": "https://github.com/example/repo/pull/184",
        "repo": "sample",
        "captain_actionable": false,
        "hold_set": null,
        "completion": {
          "date": null,
          "verb": null
        },
        "since": null,
        "title": "Contribution café 183",
        "done": null,
        "hold_reason": null
      },
      {
        "body_lines": [],
        "checked": false,
        "current_role": "queued",
        "kind": "ship",
        "merged": null,
        "hold_kind": null,
        "structured": true,
        "order": 185,
        "blocked_by": null,
        "unresolved_blocker_ids": [],
        "local_note": null,
        "reported": null,
        "links": [
          "https://github.com/example/repo/pull/185"
        ],
        "hold_age_days": null,
        "hold_until": null,
        "hold_bucket": null,
        "done": null,
        "hold_reason": null,
        "title": "Contribution café 184",
        "since": null,
        "repo": "sample",
        "captain_actionable": false,
        "hold_set": null,
        "completion": {
          "verb": null,
          "date": null
        },
        "pr_url": "https://github.com/example/repo/pull/185",
        "requires_child_metadata": false,
        "body_excerpt": null,
        "raw": "- [ ] task-0184 - Contribution café 184 https://github.com/example/repo/pull/185 (repo: sample) (kind: ship)",
        "report_path": null,
        "blocked_by_ids": [],
        "blocked_reason": null,
        "id": "task-0184",
        "state": "queued",
        "priority": null
      },
      {
        "pr_url": "https://github.com/example/repo/pull/186",
        "requires_child_metadata": false,
        "captain_actionable": false,
        "completion": {
          "date": null,
          "verb": null
        },
        "hold_set": null,
        "repo": "sample",
        "done": null,
        "hold_reason": null,
        "since": null,
        "title": "Contribution café 185",
        "state": "queued",
        "priority": null,
        "blocked_reason": null,
        "blocked_by_ids": [],
        "report_path": null,
        "id": "task-0185",
        "body_excerpt": null,
        "raw": "- [ ] task-0185 - Contribution café 185 https://github.com/example/repo/pull/186 (repo: sample) (kind: ship)",
        "blocked_by": null,
        "unresolved_blocker_ids": [],
        "local_note": null,
        "reported": null,
        "order": 186,
        "structured": true,
        "hold_kind": null,
        "merged": null,
        "body_lines": [],
        "kind": "ship",
        "current_role": "queued",
        "checked": false,
        "hold_until": null,
        "hold_bucket": null,
        "hold_age_days": null,
        "links": [
          "https://github.com/example/repo/pull/186"
        ]
      },
      {
        "repo": "sample",
        "hold_set": null,
        "captain_actionable": false,
        "completion": {
          "date": null,
          "verb": null
        },
        "pr_url": "https://github.com/example/repo/pull/187",
        "requires_child_metadata": false,
        "done": null,
        "hold_reason": null,
        "since": null,
        "title": "Contribution café 186",
        "report_path": null,
        "blocked_reason": null,
        "blocked_by_ids": [],
        "id": "task-0186",
        "state": "queued",
        "priority": null,
        "body_excerpt": null,
        "raw": "- [ ] task-0186 - Contribution café 186 https://github.com/example/repo/pull/187 (repo: sample) (kind: ship)",
        "blocked_by": null,
        "unresolved_blocker_ids": [],
        "reported": null,
        "local_note": null,
        "body_lines": [],
        "checked": false,
        "current_role": "queued",
        "kind": "ship",
        "merged": null,
        "order": 187,
        "structured": true,
        "hold_kind": null,
        "hold_age_days": null,
        "hold_until": null,
        "hold_bucket": null,
        "links": [
          "https://github.com/example/repo/pull/187"
        ]
      },
      {
        "raw": "- [ ] task-0187 - Contribution café 187 https://github.com/example/repo/pull/188 (repo: sample) (kind: ship)",
        "body_excerpt": null,
        "priority": null,
        "state": "queued",
        "id": "task-0187",
        "blocked_by_ids": [],
        "blocked_reason": null,
        "report_path": null,
        "title": "Contribution café 187",
        "since": null,
        "done": null,
        "hold_reason": null,
        "requires_child_metadata": false,
        "pr_url": "https://github.com/example/repo/pull/188",
        "hold_set": null,
        "captain_actionable": false,
        "completion": {
          "verb": null,
          "date": null
        },
        "repo": "sample",
        "links": [
          "https://github.com/example/repo/pull/188"
        ],
        "hold_bucket": null,
        "hold_until": null,
        "hold_age_days": null,
        "order": 188,
        "structured": true,
        "hold_kind": null,
        "merged": null,
        "kind": "ship",
        "current_role": "queued",
        "checked": false,
        "body_lines": [],
        "reported": null,
        "local_note": null,
        "unresolved_blocker_ids": [],
        "blocked_by": null
      },
      {
        "requires_child_metadata": false,
        "pr_url": "https://github.com/example/repo/pull/189",
        "hold_set": null,
        "captain_actionable": false,
        "completion": {
          "verb": null,
          "date": null
        },
        "repo": "sample",
        "since": null,
        "title": "Contribution café 188",
        "done": null,
        "hold_reason": null,
        "priority": null,
        "state": "queued",
        "id": "task-0188",
        "blocked_by_ids": [],
        "blocked_reason": null,
        "report_path": null,
        "raw": "- [ ] task-0188 - Contribution café 188 https://github.com/example/repo/pull/189 (repo: sample) (kind: ship)",
        "body_excerpt": null,
        "local_note": null,
        "reported": null,
        "unresolved_blocker_ids": [],
        "blocked_by": null,
        "structured": true,
        "order": 189,
        "hold_kind": null,
        "merged": null,
        "current_role": "queued",
        "kind": "ship",
        "checked": false,
        "body_lines": [],
        "hold_bucket": null,
        "hold_until": null,
        "hold_age_days": null,
        "links": [
          "https://github.com/example/repo/pull/189"
        ]
      },
      {
        "unresolved_blocker_ids": [],
        "blocked_by": null,
        "reported": null,
        "local_note": null,
        "merged": null,
        "structured": true,
        "order": 190,
        "hold_kind": null,
        "body_lines": [],
        "checked": false,
        "current_role": "queued",
        "kind": "ship",
        "hold_until": null,
        "hold_bucket": null,
        "hold_age_days": null,
        "links": [
          "https://github.com/example/repo/pull/190"
        ],
        "pr_url": "https://github.com/example/repo/pull/190",
        "requires_child_metadata": false,
        "repo": "sample",
        "hold_set": null,
        "captain_actionable": false,
        "completion": {
          "verb": null,
          "date": null
        },
        "done": null,
        "hold_reason": null,
        "title": "Contribution café 189",
        "since": null,
        "state": "queued",
        "priority": null,
        "report_path": null,
        "blocked_reason": null,
        "blocked_by_ids": [],
        "id": "task-0189",
        "body_excerpt": null,
        "raw": "- [ ] task-0189 - Contribution café 189 https://github.com/example/repo/pull/190 (repo: sample) (kind: ship)"
      },
      {
        "id": "task-0190",
        "report_path": null,
        "blocked_by_ids": [],
        "blocked_reason": null,
        "priority": null,
        "state": "queued",
        "raw": "- [ ] task-0190 - Contribution café 190 https://github.com/example/repo/pull/191 (repo: sample) (kind: ship)",
        "body_excerpt": null,
        "repo": "sample",
        "hold_set": null,
        "captain_actionable": false,
        "completion": {
          "date": null,
          "verb": null
        },
        "requires_child_metadata": false,
        "pr_url": "https://github.com/example/repo/pull/191",
        "title": "Contribution café 190",
        "since": null,
        "done": null,
        "hold_reason": null,
        "hold_age_days": null,
        "hold_bucket": null,
        "hold_until": null,
        "links": [
          "https://github.com/example/repo/pull/191"
        ],
        "reported": null,
        "local_note": null,
        "unresolved_blocker_ids": [],
        "blocked_by": null,
        "checked": false,
        "current_role": "queued",
        "kind": "ship",
        "body_lines": [],
        "merged": null,
        "order": 191,
        "structured": true,
        "hold_kind": null
      },
      {
        "blocked_reason": null,
        "blocked_by_ids": [],
        "report_path": null,
        "id": "task-0191",
        "state": "queued",
        "priority": null,
        "body_excerpt": null,
        "raw": "- [ ] task-0191 - Contribution café 191 https://github.com/example/repo/pull/192 (repo: sample) (kind: ship)",
        "captain_actionable": false,
        "completion": {
          "verb": null,
          "date": null
        },
        "hold_set": null,
        "repo": "sample",
        "pr_url": "https://github.com/example/repo/pull/192",
        "requires_child_metadata": false,
        "done": null,
        "hold_reason": null,
        "title": "Contribution café 191",
        "since": null,
        "hold_age_days": null,
        "hold_until": null,
        "hold_bucket": null,
        "links": [
          "https://github.com/example/repo/pull/192"
        ],
        "blocked_by": null,
        "unresolved_blocker_ids": [],
        "local_note": null,
        "reported": null,
        "body_lines": [],
        "kind": "ship",
        "current_role": "queued",
        "checked": false,
        "structured": true,
        "hold_kind": null,
        "order": 192,
        "merged": null
      },
      {
        "body_lines": [],
        "current_role": "queued",
        "kind": "ship",
        "checked": false,
        "structured": true,
        "hold_kind": null,
        "order": 193,
        "merged": null,
        "unresolved_blocker_ids": [],
        "blocked_by": null,
        "reported": null,
        "local_note": null,
        "links": [
          "https://github.com/example/repo/pull/193"
        ],
        "hold_age_days": null,
        "hold_until": null,
        "hold_bucket": null,
        "done": null,
        "hold_reason": null,
        "title": "Contribution café 192",
        "since": null,
        "captain_actionable": false,
        "completion": {
          "verb": null,
          "date": null
        },
        "hold_set": null,
        "repo": "sample",
        "pr_url": "https://github.com/example/repo/pull/193",
        "requires_child_metadata": false,
        "body_excerpt": null,
        "raw": "- [ ] task-0192 - Contribution café 192 https://github.com/example/repo/pull/193 (repo: sample) (kind: ship)",
        "blocked_reason": null,
        "blocked_by_ids": [],
        "report_path": null,
        "id": "task-0192",
        "state": "queued",
        "priority": null
      },
      {
        "id": "task-0193",
        "report_path": null,
        "blocked_reason": null,
        "blocked_by_ids": [],
        "priority": null,
        "state": "queued",
        "raw": "- [ ] task-0193 - Contribution café 193 https://github.com/example/repo/pull/194 (repo: sample) (kind: ship)",
        "body_excerpt": null,
        "repo": "sample",
        "hold_set": null,
        "captain_actionable": false,
        "completion": {
          "date": null,
          "verb": null
        },
        "requires_child_metadata": false,
        "pr_url": "https://github.com/example/repo/pull/194",
        "since": null,
        "title": "Contribution café 193",
        "done": null,
        "hold_reason": null,
        "hold_age_days": null,
        "hold_bucket": null,
        "hold_until": null,
        "links": [
          "https://github.com/example/repo/pull/194"
        ],
        "local_note": null,
        "reported": null,
        "blocked_by": null,
        "unresolved_blocker_ids": [],
        "checked": false,
        "kind": "ship",
        "current_role": "queued",
        "body_lines": [],
        "merged": null,
        "hold_kind": null,
        "order": 194,
        "structured": true
      },
      {
        "links": [
          "https://github.com/example/repo/pull/195"
        ],
        "hold_age_days": null,
        "hold_bucket": null,
        "hold_until": null,
        "checked": false,
        "current_role": "queued",
        "kind": "ship",
        "body_lines": [],
        "merged": null,
        "order": 195,
        "structured": true,
        "hold_kind": null,
        "local_note": null,
        "reported": null,
        "blocked_by": null,
        "unresolved_blocker_ids": [],
        "raw": "- [ ] task-0194 - Contribution café 194 https://github.com/example/repo/pull/195 (repo: sample) (kind: ship)",
        "body_excerpt": null,
        "id": "task-0194",
        "report_path": null,
        "blocked_reason": null,
        "blocked_by_ids": [],
        "priority": null,
        "state": "queued",
        "title": "Contribution café 194",
        "since": null,
        "done": null,
        "hold_reason": null,
        "repo": "sample",
        "captain_actionable": false,
        "hold_set": null,
        "completion": {
          "verb": null,
          "date": null
        },
        "requires_child_metadata": false,
        "pr_url": "https://github.com/example/repo/pull/195"
      },
      {
        "raw": "- [ ] task-0195 - Contribution café 195 https://github.com/example/repo/pull/196 (repo: sample) (kind: ship)",
        "body_excerpt": null,
        "id": "task-0195",
        "report_path": null,
        "blocked_by_ids": [],
        "blocked_reason": null,
        "priority": null,
        "state": "queued",
        "since": null,
        "title": "Contribution café 195",
        "done": null,
        "hold_reason": null,
        "repo": "sample",
        "hold_set": null,
        "captain_actionable": false,
        "completion": {
          "verb": null,
          "date": null
        },
        "requires_child_metadata": false,
        "pr_url": "https://github.com/example/repo/pull/196",
        "links": [
          "https://github.com/example/repo/pull/196"
        ],
        "hold_age_days": null,
        "hold_bucket": null,
        "hold_until": null,
        "checked": false,
        "kind": "ship",
        "current_role": "queued",
        "body_lines": [],
        "merged": null,
        "structured": true,
        "order": 196,
        "hold_kind": null,
        "local_note": null,
        "reported": null,
        "unresolved_blocker_ids": [],
        "blocked_by": null
      },
      {
        "hold_age_days": null,
        "hold_bucket": null,
        "hold_until": null,
        "links": [
          "https://github.com/example/repo/pull/197"
        ],
        "local_note": null,
        "reported": null,
        "unresolved_blocker_ids": [],
        "blocked_by": null,
        "kind": "ship",
        "current_role": "queued",
        "checked": false,
        "body_lines": [],
        "hold_kind": null,
        "order": 197,
        "structured": true,
        "merged": null,
        "id": "task-0196",
        "blocked_reason": null,
        "blocked_by_ids": [],
        "report_path": null,
        "priority": null,
        "state": "queued",
        "raw": "- [ ] task-0196 - Contribution café 196 https://github.com/example/repo/pull/197 (repo: sample) (kind: ship)",
        "body_excerpt": null,
        "captain_actionable": false,
        "hold_set": null,
        "completion": {
          "date": null,
          "verb": null
        },
        "repo": "sample",
        "requires_child_metadata": false,
        "pr_url": "https://github.com/example/repo/pull/197",
        "since": null,
        "title": "Contribution café 196",
        "done": null,
        "hold_reason": null
      },
      {
        "hold_until": null,
        "hold_bucket": null,
        "hold_age_days": null,
        "links": [
          "https://github.com/example/repo/pull/198"
        ],
        "unresolved_blocker_ids": [],
        "blocked_by": null,
        "local_note": null,
        "reported": null,
        "merged": null,
        "structured": true,
        "hold_kind": null,
        "order": 198,
        "body_lines": [],
        "checked": false,
        "current_role": "queued",
        "kind": "ship",
        "state": "queued",
        "priority": null,
        "report_path": null,
        "blocked_by_ids": [],
        "blocked_reason": null,
        "id": "task-0197",
        "body_excerpt": null,
        "raw": "- [ ] task-0197 - Contribution café 197 https://github.com/example/repo/pull/198 (repo: sample) (kind: ship)",
        "pr_url": "https://github.com/example/repo/pull/198",
        "requires_child_metadata": false,
        "repo": "sample",
        "captain_actionable": false,
        "completion": {
          "date": null,
          "verb": null
        },
        "hold_set": null,
        "done": null,
        "hold_reason": null,
        "since": null,
        "title": "Contribution café 197"
      },
      {
        "hold_until": null,
        "hold_bucket": null,
        "hold_age_days": null,
        "links": [
          "https://github.com/example/repo/pull/199"
        ],
        "unresolved_blocker_ids": [],
        "blocked_by": null,
        "reported": null,
        "local_note": null,
        "structured": true,
        "order": 199,
        "hold_kind": null,
        "merged": null,
        "body_lines": [],
        "current_role": "queued",
        "kind": "ship",
        "checked": false,
        "state": "queued",
        "priority": null,
        "blocked_reason": null,
        "blocked_by_ids": [],
        "report_path": null,
        "id": "task-0198",
        "body_excerpt": null,
        "raw": "- [ ] task-0198 - Contribution café 198 https://github.com/example/repo/pull/199 (repo: sample) (kind: ship)",
        "pr_url": "https://github.com/example/repo/pull/199",
        "requires_child_metadata": false,
        "captain_actionable": false,
        "completion": {
          "date": null,
          "verb": null
        },
        "hold_set": null,
        "repo": "sample",
        "done": null,
        "hold_reason": null,
        "since": null,
        "title": "Contribution café 198"
      },
      {
        "reported": null,
        "local_note": null,
        "unresolved_blocker_ids": [],
        "blocked_by": null,
        "order": 200,
        "structured": true,
        "hold_kind": null,
        "merged": null,
        "current_role": "queued",
        "kind": "ship",
        "checked": false,
        "body_lines": [],
        "hold_bucket": null,
        "hold_until": null,
        "hold_age_days": null,
        "links": [
          "https://github.com/example/repo/pull/200"
        ],
        "requires_child_metadata": false,
        "pr_url": "https://github.com/example/repo/pull/200",
        "hold_set": null,
        "captain_actionable": false,
        "completion": {
          "verb": null,
          "date": null
        },
        "repo": "sample",
        "title": "Contribution café 199",
        "since": null,
        "done": null,
        "hold_reason": null,
        "priority": null,
        "state": "queued",
        "id": "task-0199",
        "blocked_by_ids": [],
        "blocked_reason": null,
        "report_path": null,
        "raw": "- [ ] task-0199 - Contribution café 199 https://github.com/example/repo/pull/200 (repo: sample) (kind: ship)",
        "body_excerpt": null
      },
      {
        "done": null,
        "hold_reason": null,
        "title": "Contribution café 200",
        "since": null,
        "pr_url": "https://github.com/example/repo/pull/201",
        "requires_child_metadata": false,
        "captain_actionable": false,
        "completion": {
          "date": null,
          "verb": null
        },
        "hold_set": null,
        "repo": "sample",
        "body_excerpt": null,
        "raw": "- [ ] task-0200 - Contribution café 200 https://github.com/example/repo/pull/201 (repo: sample) (kind: ship)",
        "state": "queued",
        "priority": null,
        "blocked_reason": null,
        "blocked_by_ids": [],
        "report_path": null,
        "id": "task-0200",
        "order": 201,
        "hold_kind": null,
        "structured": true,
        "merged": null,
        "body_lines": [],
        "current_role": "queued",
        "kind": "ship",
        "checked": false,
        "unresolved_blocker_ids": [],
        "blocked_by": null,
        "local_note": null,
        "reported": null,
        "links": [
          "https://github.com/example/repo/pull/201"
        ],
        "hold_until": null,
        "hold_bucket": null,
        "hold_age_days": null
      },
      {
        "body_excerpt": null,
        "raw": "- [ ] task-0201 - Contribution café 201 https://github.com/example/repo/pull/202 (repo: sample) (kind: ship)",
        "state": "queued",
        "priority": null,
        "blocked_by_ids": [],
        "blocked_reason": null,
        "report_path": null,
        "id": "task-0201",
        "hold_reason": null,
        "done": null,
        "since": null,
        "title": "Contribution café 201",
        "pr_url": "https://github.com/example/repo/pull/202",
        "requires_child_metadata": false,
        "completion": {
          "verb": null,
          "date": null
        },
        "captain_actionable": false,
        "hold_set": null,
        "repo": "sample",
        "links": [
          "https://github.com/example/repo/pull/202"
        ],
        "hold_until": null,
        "hold_bucket": null,
        "hold_age_days": null,
        "order": 202,
        "structured": true,
        "hold_kind": null,
        "merged": null,
        "body_lines": [],
        "kind": "ship",
        "current_role": "queued",
        "checked": false,
        "unresolved_blocker_ids": [],
        "blocked_by": null,
        "reported": null,
        "local_note": null
      },
      {
        "done": null,
        "hold_reason": null,
        "title": "Contribution café 202",
        "since": null,
        "captain_actionable": false,
        "completion": {
          "verb": null,
          "date": null
        },
        "hold_set": null,
        "repo": "sample",
        "pr_url": "https://github.com/example/repo/pull/203",
        "requires_child_metadata": false,
        "body_excerpt": null,
        "raw": "- [ ] task-0202 - Contribution café 202 https://github.com/example/repo/pull/203 (repo: sample) (kind: ship)",
        "blocked_reason": null,
        "blocked_by_ids": [],
        "report_path": null,
        "id": "task-0202",
        "state": "queued",
        "priority": null,
        "body_lines": [],
        "current_role": "queued",
        "kind": "ship",
        "checked": false,
        "order": 203,
        "structured": true,
        "hold_kind": null,
        "merged": null,
        "unresolved_blocker_ids": [],
        "blocked_by": null,
        "reported": null,
        "local_note": null,
        "links": [
          "https://github.com/example/repo/pull/203"
        ],
        "hold_age_days": null,
        "hold_until": null,
        "hold_bucket": null
      },
      {
        "state": "queued",
        "priority": null,
        "report_path": null,
        "blocked_reason": null,
        "blocked_by_ids": [],
        "id": "task-0203",
        "body_excerpt": null,
        "raw": "- [ ] task-0203 - Contribution café 203 https://github.com/example/repo/pull/204 (repo: sample) (kind: ship)",
        "pr_url": "https://github.com/example/repo/pull/204",
        "requires_child_metadata": false,
        "repo": "sample",
        "captain_actionable": false,
        "hold_set": null,
        "completion": {
          "date": null,
          "verb": null
        },
        "done": null,
        "hold_reason": null,
        "title": "Contribution café 203",
        "since": null,
        "hold_until": null,
        "hold_bucket": null,
        "hold_age_days": null,
        "links": [
          "https://github.com/example/repo/pull/204"
        ],
        "unresolved_blocker_ids": [],
        "blocked_by": null,
        "reported": null,
        "local_note": null,
        "merged": null,
        "structured": true,
        "order": 204,
        "hold_kind": null,
        "body_lines": [],
        "checked": false,
        "kind": "ship",
        "current_role": "queued"
      },
      {
        "raw": "- [ ] task-0204 - Contribution café 204 https://github.com/example/repo/pull/205 (repo: sample) (kind: ship)",
        "body_excerpt": null,
        "id": "task-0204",
        "blocked_reason": null,
        "blocked_by_ids": [],
        "report_path": null,
        "priority": null,
        "state": "queued",
        "since": null,
        "title": "Contribution café 204",
        "done": null,
        "hold_reason": null,
        "captain_actionable": false,
        "hold_set": null,
        "completion": {
          "date": null,
          "verb": null
        },
        "repo": "sample",
        "requires_child_metadata": false,
        "pr_url": "https://github.com/example/repo/pull/205",
        "links": [
          "https://github.com/example/repo/pull/205"
        ],
        "hold_age_days": null,
        "hold_bucket": null,
        "hold_until": null,
        "kind": "ship",
        "current_role": "queued",
        "checked": false,
        "body_lines": [],
        "order": 205,
        "hold_kind": null,
        "structured": true,
        "merged": null,
        "local_note": null,
        "reported": null,
        "unresolved_blocker_ids": [],
        "blocked_by": null
      },
      {
        "checked": false,
        "current_role": "queued",
        "kind": "ship",
        "body_lines": [],
        "merged": null,
        "structured": true,
        "hold_kind": null,
        "order": 206,
        "reported": null,
        "local_note": null,
        "blocked_by": null,
        "unresolved_blocker_ids": [],
        "links": [
          "https://github.com/example/repo/pull/206"
        ],
        "hold_age_days": null,
        "hold_bucket": null,
        "hold_until": null,
        "title": "Contribution café 205",
        "since": null,
        "done": null,
        "hold_reason": null,
        "repo": "sample",
        "hold_set": null,
        "captain_actionable": false,
        "completion": {
          "verb": null,
          "date": null
        },
        "requires_child_metadata": false,
        "pr_url": "https://github.com/example/repo/pull/206",
        "raw": "- [ ] task-0205 - Contribution café 205 https://github.com/example/repo/pull/206 (repo: sample) (kind: ship)",
        "body_excerpt": null,
        "id": "task-0205",
        "report_path": null,
        "blocked_by_ids": [],
        "blocked_reason": null,
        "priority": null,
        "state": "queued"
      },
      {
        "hold_until": null,
        "hold_bucket": null,
        "hold_age_days": null,
        "links": [
          "https://github.com/example/repo/pull/207"
        ],
        "unresolved_blocker_ids": [],
        "blocked_by": null,
        "local_note": null,
        "reported": null,
        "structured": true,
        "hold_kind": null,
        "order": 207,
        "merged": null,
        "body_lines": [],
        "current_role": "queued",
        "kind": "ship",
        "checked": false,
        "state": "queued",
        "priority": null,
        "blocked_by_ids": [],
        "blocked_reason": null,
        "report_path": null,
        "id": "task-0206",
        "body_excerpt": null,
        "raw": "- [ ] task-0206 - Contribution café 206 https://github.com/example/repo/pull/207 (repo: sample) (kind: ship)",
        "pr_url": "https://github.com/example/repo/pull/207",
        "requires_child_metadata": false,
        "captain_actionable": false,
        "completion": {
          "verb": null,
          "date": null
        },
        "hold_set": null,
        "repo": "sample",
        "hold_reason": null,
        "done": null,
        "title": "Contribution café 206",
        "since": null
      },
      {
        "blocked_reason": null,
        "blocked_by_ids": [],
        "report_path": null,
        "id": "task-0207",
        "state": "queued",
        "priority": null,
        "body_excerpt": null,
        "raw": "- [ ] task-0207 - Contribution café 207 https://github.com/example/repo/pull/208 (repo: sample) (kind: ship)",
        "hold_set": null,
        "captain_actionable": false,
        "completion": {
          "date": null,
          "verb": null
        },
        "repo": "sample",
        "pr_url": "https://github.com/example/repo/pull/208",
        "requires_child_metadata": false,
        "done": null,
        "hold_reason": null,
        "title": "Contribution café 207",
        "since": null,
        "hold_age_days": null,
        "hold_until": null,
        "hold_bucket": null,
        "links": [
          "https://github.com/example/repo/pull/208"
        ],
        "unresolved_blocker_ids": [],
        "blocked_by": null,
        "local_note": null,
        "reported": null,
        "body_lines": [],
        "current_role": "queued",
        "kind": "ship",
        "checked": false,
        "order": 208,
        "structured": true,
        "hold_kind": null,
        "merged": null
      },
      {
        "priority": null,
        "state": "queued",
        "id": "task-0208",
        "report_path": null,
        "blocked_reason": null,
        "blocked_by_ids": [],
        "raw": "- [ ] task-0208 - Contribution café 208 https://github.com/example/repo/pull/209 (repo: sample) (kind: ship)",
        "body_excerpt": null,
        "requires_child_metadata": false,
        "pr_url": "https://github.com/example/repo/pull/209",
        "repo": "sample",
        "captain_actionable": false,
        "hold_set": null,
        "completion": {
          "date": null,
          "verb": null
        },
        "title": "Contribution café 208",
        "since": null,
        "done": null,
        "hold_reason": null,
        "hold_bucket": null,
        "hold_until": null,
        "hold_age_days": null,
        "links": [
          "https://github.com/example/repo/pull/209"
        ],
        "reported": null,
        "local_note": null,
        "blocked_by": null,
        "unresolved_blocker_ids": [],
        "merged": null,
        "order": 209,
        "structured": true,
        "hold_kind": null,
        "checked": false,
        "kind": "ship",
        "current_role": "queued",
        "body_lines": []
      },
      {
        "done": null,
        "hold_reason": null,
        "since": null,
        "title": "Contribution café 209",
        "repo": "sample",
        "hold_set": null,
        "captain_actionable": false,
        "completion": {
          "verb": null,
          "date": null
        },
        "pr_url": "https://github.com/example/repo/pull/210",
        "requires_child_metadata": false,
        "body_excerpt": null,
        "raw": "- [ ] task-0209 - Contribution café 209 https://github.com/example/repo/pull/210 (repo: sample) (kind: ship)",
        "report_path": null,
        "blocked_by_ids": [],
        "blocked_reason": null,
        "id": "task-0209",
        "state": "queued",
        "priority": null,
        "body_lines": [],
        "checked": false,
        "kind": "ship",
        "current_role": "queued",
        "merged": null,
        "hold_kind": null,
        "order": 210,
        "structured": true,
        "blocked_by": null,
        "unresolved_blocker_ids": [],
        "reported": null,
        "local_note": null,
        "links": [
          "https://github.com/example/repo/pull/210"
        ],
        "hold_age_days": null,
        "hold_until": null,
        "hold_bucket": null
      },
      {
        "blocked_by": null,
        "unresolved_blocker_ids": [],
        "reported": null,
        "local_note": null,
        "order": 211,
        "hold_kind": null,
        "structured": true,
        "merged": null,
        "body_lines": [],
        "kind": "ship",
        "current_role": "queued",
        "checked": false,
        "hold_until": null,
        "hold_bucket": null,
        "hold_age_days": null,
        "links": [
          "https://github.com/example/repo/pull/211"
        ],
        "pr_url": "https://github.com/example/repo/pull/211",
        "requires_child_metadata": false,
        "captain_actionable": false,
        "completion": {
          "verb": null,
          "date": null
        },
        "hold_set": null,
        "repo": "sample",
        "hold_reason": null,
        "done": null,
        "since": null,
        "title": "Contribution café 210",
        "state": "queued",
        "priority": null,
        "blocked_by_ids": [],
        "blocked_reason": null,
        "report_path": null,
        "id": "task-0210",
        "body_excerpt": null,
        "raw": "- [ ] task-0210 - Contribution café 210 https://github.com/example/repo/pull/211 (repo: sample) (kind: ship)"
      },
      {
        "hold_set": null,
        "captain_actionable": false,
        "completion": {
          "date": null,
          "verb": null
        },
        "repo": "sample",
        "pr_url": "https://github.com/example/repo/pull/212",
        "requires_child_metadata": false,
        "done": null,
        "hold_reason": null,
        "since": null,
        "title": "Contribution café 211",
        "blocked_by_ids": [],
        "blocked_reason": null,
        "report_path": null,
        "id": "task-0211",
        "state": "queued",
        "priority": null,
        "body_excerpt": null,
        "raw": "- [ ] task-0211 - Contribution café 211 https://github.com/example/repo/pull/212 (repo: sample) (kind: ship)",
        "blocked_by": null,
        "unresolved_blocker_ids": [],
        "reported": null,
        "local_note": null,
        "body_lines": [],
        "current_role": "queued",
        "kind": "ship",
        "checked": false,
        "order": 212,
        "hold_kind": null,
        "structured": true,
        "merged": null,
        "hold_age_days": null,
        "hold_until": null,
        "hold_bucket": null,
        "links": [
          "https://github.com/example/repo/pull/212"
        ]
      },
      {
        "repo": "sample",
        "hold_set": null,
        "captain_actionable": false,
        "completion": {
          "date": null,
          "verb": null
        },
        "requires_child_metadata": false,
        "pr_url": "https://github.com/example/repo/pull/213",
        "since": null,
        "title": "Contribution café 212",
        "hold_reason": null,
        "done": null,
        "id": "task-0212",
        "report_path": null,
        "blocked_by_ids": [],
        "blocked_reason": null,
        "priority": null,
        "state": "queued",
        "raw": "- [ ] task-0212 - Contribution café 212 https://github.com/example/repo/pull/213 (repo: sample) (kind: ship)",
        "body_excerpt": null,
        "reported": null,
        "local_note": null,
        "unresolved_blocker_ids": [],
        "blocked_by": null,
        "checked": false,
        "kind": "ship",
        "current_role": "queued",
        "body_lines": [],
        "merged": null,
        "structured": true,
        "order": 213,
        "hold_kind": null,
        "hold_age_days": null,
        "hold_bucket": null,
        "hold_until": null,
        "links": [
          "https://github.com/example/repo/pull/213"
        ]
      },
      {
        "priority": null,
        "state": "queued",
        "id": "task-0213",
        "report_path": null,
        "blocked_by_ids": [],
        "blocked_reason": null,
        "raw": "- [ ] task-0213 - Contribution café 213 https://github.com/example/repo/pull/214 (repo: sample) (kind: ship)",
        "body_excerpt": null,
        "requires_child_metadata": false,
        "pr_url": "https://github.com/example/repo/pull/214",
        "repo": "sample",
        "captain_actionable": false,
        "hold_set": null,
        "completion": {
          "date": null,
          "verb": null
        },
        "title": "Contribution café 213",
        "since": null,
        "done": null,
        "hold_reason": null,
        "hold_bucket": null,
        "hold_until": null,
        "hold_age_days": null,
        "links": [
          "https://github.com/example/repo/pull/214"
        ],
        "local_note": null,
        "reported": null,
        "unresolved_blocker_ids": [],
        "blocked_by": null,
        "merged": null,
        "hold_kind": null,
        "order": 214,
        "structured": true,
        "checked": false,
        "kind": "ship",
        "current_role": "queued",
        "body_lines": []
      },
      {
        "body_excerpt": null,
        "raw": "- [ ] task-0214 - Contribution café 214 https://github.com/example/repo/pull/215 (repo: sample) (kind: ship)",
        "report_path": null,
        "blocked_reason": null,
        "blocked_by_ids": [],
        "id": "task-0214",
        "state": "queued",
        "priority": null,
        "done": null,
        "hold_reason": null,
        "since": null,
        "title": "Contribution café 214",
        "repo": "sample",
        "completion": {
          "date": null,
          "verb": null
        },
        "captain_actionable": false,
        "hold_set": null,
        "pr_url": "https://github.com/example/repo/pull/215",
        "requires_child_metadata": false,
        "links": [
          "https://github.com/example/repo/pull/215"
        ],
        "hold_age_days": null,
        "hold_until": null,
        "hold_bucket": null,
        "body_lines": [],
        "checked": false,
        "kind": "ship",
        "current_role": "queued",
        "merged": null,
        "hold_kind": null,
        "order": 215,
        "structured": true,
        "unresolved_blocker_ids": [],
        "blocked_by": null,
        "reported": null,
        "local_note": null
      },
      {
        "requires_child_metadata": false,
        "pr_url": "https://github.com/example/repo/pull/216",
        "repo": "sample",
        "completion": {
          "date": null,
          "verb": null
        },
        "captain_actionable": false,
        "hold_set": null,
        "since": null,
        "title": "Contribution café 215",
        "done": null,
        "hold_reason": null,
        "priority": null,
        "state": "queued",
        "id": "task-0215",
        "report_path": null,
        "blocked_reason": null,
        "blocked_by_ids": [],
        "raw": "- [ ] task-0215 - Contribution café 215 https://github.com/example/repo/pull/216 (repo: sample) (kind: ship)",
        "body_excerpt": null,
        "local_note": null,
        "reported": null,
        "unresolved_blocker_ids": [],
        "blocked_by": null,
        "merged": null,
        "hold_kind": null,
        "order": 216,
        "structured": true,
        "checked": false,
        "current_role": "queued",
        "kind": "ship",
        "body_lines": [],
        "hold_bucket": null,
        "hold_until": null,
        "hold_age_days": null,
        "links": [
          "https://github.com/example/repo/pull/216"
        ]
      },
      {
        "hold_until": null,
        "hold_bucket": null,
        "hold_age_days": null,
        "links": [
          "https://github.com/example/repo/pull/217"
        ],
        "blocked_by": null,
        "unresolved_blocker_ids": [],
        "local_note": null,
        "reported": null,
        "merged": null,
        "structured": true,
        "order": 217,
        "hold_kind": null,
        "body_lines": [],
        "checked": false,
        "kind": "ship",
        "current_role": "queued",
        "state": "queued",
        "priority": null,
        "report_path": null,
        "blocked_reason": null,
        "blocked_by_ids": [],
        "id": "task-0216",
        "body_excerpt": null,
        "raw": "- [ ] task-0216 - Contribution café 216 https://github.com/example/repo/pull/217 (repo: sample) (kind: ship)",
        "pr_url": "https://github.com/example/repo/pull/217",
        "requires_child_metadata": false,
        "repo": "sample",
        "captain_actionable": false,
        "hold_set": null,
        "completion": {
          "date": null,
          "verb": null
        },
        "hold_reason": null,
        "done": null,
        "since": null,
        "title": "Contribution café 216"
      },
      {
        "pr_url": "https://github.com/example/repo/pull/218",
        "requires_child_metadata": false,
        "completion": {
          "verb": null,
          "date": null
        },
        "captain_actionable": false,
        "hold_set": null,
        "repo": "sample",
        "done": null,
        "hold_reason": null,
        "title": "Contribution café 217",
        "since": null,
        "state": "queued",
        "priority": null,
        "blocked_by_ids": [],
        "blocked_reason": null,
        "report_path": null,
        "id": "task-0217",
        "body_excerpt": null,
        "raw": "- [ ] task-0217 - Contribution café 217 https://github.com/example/repo/pull/218 (repo: sample) (kind: ship)",
        "unresolved_blocker_ids": [],
        "blocked_by": null,
        "local_note": null,
        "reported": null,
        "order": 218,
        "hold_kind": null,
        "structured": true,
        "merged": null,
        "body_lines": [],
        "kind": "ship",
        "current_role": "queued",
        "checked": false,
        "hold_until": null,
        "hold_bucket": null,
        "hold_age_days": null,
        "links": [
          "https://github.com/example/repo/pull/218"
        ]
      },
      {
        "report_path": null,
        "blocked_by_ids": [],
        "blocked_reason": null,
        "id": "task-0218",
        "state": "queued",
        "priority": null,
        "body_excerpt": null,
        "raw": "- [ ] task-0218 - Contribution café 218 https://github.com/example/repo/pull/219 (repo: sample) (kind: ship)",
        "repo": "sample",
        "captain_actionable": false,
        "hold_set": null,
        "completion": {
          "verb": null,
          "date": null
        },
        "pr_url": "https://github.com/example/repo/pull/219",
        "requires_child_metadata": false,
        "hold_reason": null,
        "done": null,
        "title": "Contribution café 218",
        "since": null,
        "hold_age_days": null,
        "hold_until": null,
        "hold_bucket": null,
        "links": [
          "https://github.com/example/repo/pull/219"
        ],
        "unresolved_blocker_ids": [],
        "blocked_by": null,
        "local_note": null,
        "reported": null,
        "body_lines": [],
        "checked": false,
        "kind": "ship",
        "current_role": "queued",
        "merged": null,
        "structured": true,
        "hold_kind": null,
        "order": 219
      },
      {
        "links": [
          "https://github.com/example/repo/pull/220"
        ],
        "hold_bucket": null,
        "hold_until": null,
        "hold_age_days": null,
        "merged": null,
        "hold_kind": null,
        "structured": true,
        "order": 220,
        "checked": false,
        "current_role": "queued",
        "kind": "ship",
        "body_lines": [],
        "reported": null,
        "local_note": null,
        "blocked_by": null,
        "unresolved_blocker_ids": [],
        "raw": "- [ ] task-0219 - Contribution café 219 https://github.com/example/repo/pull/220 (repo: sample) (kind: ship)",
        "body_excerpt": null,
        "priority": null,
        "state": "queued",
        "id": "task-0219",
        "report_path": null,
        "blocked_by_ids": [],
        "blocked_reason": null,
        "since": null,
        "title": "Contribution café 219",
        "done": null,
        "hold_reason": null,
        "requires_child_metadata": false,
        "pr_url": "https://github.com/example/repo/pull/220",
        "repo": "sample",
        "captain_actionable": false,
        "completion": {
          "date": null,
          "verb": null
        },
        "hold_set": null
      },
      {
        "done": null,
        "hold_reason": null,
        "since": null,
        "title": "Contribution café 220",
        "pr_url": "https://github.com/example/repo/pull/221",
        "requires_child_metadata": false,
        "repo": "sample",
        "captain_actionable": false,
        "hold_set": null,
        "completion": {
          "date": null,
          "verb": null
        },
        "body_excerpt": null,
        "raw": "- [ ] task-0220 - Contribution café 220 https://github.com/example/repo/pull/221 (repo: sample) (kind: ship)",
        "state": "queued",
        "priority": null,
        "report_path": null,
        "blocked_by_ids": [],
        "blocked_reason": null,
        "id": "task-0220",
        "merged": null,
        "structured": true,
        "order": 221,
        "hold_kind": null,
        "body_lines": [],
        "checked": false,
        "current_role": "queued",
        "kind": "ship",
        "blocked_by": null,
        "unresolved_blocker_ids": [],
        "local_note": null,
        "reported": null,
        "links": [
          "https://github.com/example/repo/pull/221"
        ],
        "hold_until": null,
        "hold_bucket": null,
        "hold_age_days": null
      },
      {
        "body_excerpt": null,
        "raw": "- [ ] task-0221 - Contribution café 221 https://github.com/example/repo/pull/222 (repo: sample) (kind: ship)",
        "blocked_reason": null,
        "blocked_by_ids": [],
        "report_path": null,
        "id": "task-0221",
        "state": "queued",
        "priority": null,
        "done": null,
        "hold_reason": null,
        "since": null,
        "title": "Contribution café 221",
        "captain_actionable": false,
        "completion": {
          "verb": null,
          "date": null
        },
        "hold_set": null,
        "repo": "sample",
        "pr_url": "https://github.com/example/repo/pull/222",
        "requires_child_metadata": false,
        "links": [
          "https://github.com/example/repo/pull/222"
        ],
        "hold_age_days": null,
        "hold_until": null,
        "hold_bucket": null,
        "body_lines": [],
        "kind": "ship",
        "current_role": "queued",
        "checked": false,
        "structured": true,
        "order": 222,
        "hold_kind": null,
        "merged": null,
        "unresolved_blocker_ids": [],
        "blocked_by": null,
        "reported": null,
        "local_note": null
      },
      {
        "hold_until": null,
        "hold_bucket": null,
        "hold_age_days": null,
        "links": [
          "https://github.com/example/repo/pull/223"
        ],
        "unresolved_blocker_ids": [],
        "blocked_by": null,
        "reported": null,
        "local_note": null,
        "merged": null,
        "order": 223,
        "structured": true,
        "hold_kind": null,
        "body_lines": [],
        "checked": false,
        "kind": "ship",
        "current_role": "queued",
        "state": "queued",
        "priority": null,
        "report_path": null,
        "blocked_by_ids": [],
        "blocked_reason": null,
        "id": "task-0222",
        "body_excerpt": null,
        "raw": "- [ ] task-0222 - Contribution café 222 https://github.com/example/repo/pull/223 (repo: sample) (kind: ship)",
        "pr_url": "https://github.com/example/repo/pull/223",
        "requires_child_metadata": false,
        "repo": "sample",
        "captain_actionable": false,
        "hold_set": null,
        "completion": {
          "verb": null,
          "date": null
        },
        "done": null,
        "hold_reason": null,
        "title": "Contribution café 222",
        "since": null
      },
      {
        "links": [
          "https://github.com/example/repo/pull/224"
        ],
        "hold_bucket": null,
        "hold_until": null,
        "hold_age_days": null,
        "merged": null,
        "order": 224,
        "structured": true,
        "hold_kind": null,
        "checked": false,
        "kind": "ship",
        "current_role": "queued",
        "body_lines": [],
        "reported": null,
        "local_note": null,
        "unresolved_blocker_ids": [],
        "blocked_by": null,
        "raw": "- [ ] task-0223 - Contribution café 223 https://github.com/example/repo/pull/224 (repo: sample) (kind: ship)",
        "body_excerpt": null,
        "priority": null,
        "state": "queued",
        "id": "task-0223",
        "report_path": null,
        "blocked_by_ids": [],
        "blocked_reason": null,
        "since": null,
        "title": "Contribution café 223",
        "hold_reason": null,
        "done": null,
        "requires_child_metadata": false,
        "pr_url": "https://github.com/example/repo/pull/224",
        "repo": "sample",
        "completion": {
          "date": null,
          "verb": null
        },
        "captain_actionable": false,
        "hold_set": null
      },
      {
        "title": "Contribution café 224",
        "since": null,
        "done": null,
        "hold_reason": null,
        "repo": "sample",
        "hold_set": null,
        "captain_actionable": false,
        "completion": {
          "date": null,
          "verb": null
        },
        "requires_child_metadata": false,
        "pr_url": "https://github.com/example/repo/pull/225",
        "raw": "- [ ] task-0224 - Contribution café 224 https://github.com/example/repo/pull/225 (repo: sample) (kind: ship)",
        "body_excerpt": null,
        "id": "task-0224",
        "report_path": null,
        "blocked_reason": null,
        "blocked_by_ids": [],
        "priority": null,
        "state": "queued",
        "checked": false,
        "current_role": "queued",
        "kind": "ship",
        "body_lines": [],
        "merged": null,
        "structured": true,
        "hold_kind": null,
        "order": 225,
        "local_note": null,
        "reported": null,
        "unresolved_blocker_ids": [],
        "blocked_by": null,
        "links": [
          "https://github.com/example/repo/pull/225"
        ],
        "hold_age_days": null,
        "hold_bucket": null,
        "hold_until": null
      },
      {
        "id": "task-0225",
        "report_path": null,
        "blocked_by_ids": [],
        "blocked_reason": null,
        "priority": null,
        "state": "queued",
        "raw": "- [ ] task-0225 - Contribution café 225 https://github.com/example/repo/pull/226 (repo: sample) (kind: ship)",
        "body_excerpt": null,
        "repo": "sample",
        "captain_actionable": false,
        "completion": {
          "date": null,
          "verb": null
        },
        "hold_set": null,
        "requires_child_metadata": false,
        "pr_url": "https://github.com/example/repo/pull/226",
        "since": null,
        "title": "Contribution café 225",
        "done": null,
        "hold_reason": null,
        "hold_age_days": null,
        "hold_bucket": null,
        "hold_until": null,
        "links": [
          "https://github.com/example/repo/pull/226"
        ],
        "reported": null,
        "local_note": null,
        "blocked_by": null,
        "unresolved_blocker_ids": [],
        "checked": false,
        "current_role": "queued",
        "kind": "ship",
        "body_lines": [],
        "merged": null,
        "structured": true,
        "hold_kind": null,
        "order": 226
      },
      {
        "local_note": null,
        "reported": null,
        "blocked_by": null,
        "unresolved_blocker_ids": [],
        "kind": "ship",
        "current_role": "queued",
        "checked": false,
        "body_lines": [],
        "order": 227,
        "structured": true,
        "hold_kind": null,
        "merged": null,
        "hold_age_days": null,
        "hold_bucket": null,
        "hold_until": null,
        "links": [
          "https://github.com/example/repo/pull/227"
        ],
        "captain_actionable": false,
        "completion": {
          "verb": null,
          "date": null
        },
        "hold_set": null,
        "repo": "sample",
        "requires_child_metadata": false,
        "pr_url": "https://github.com/example/repo/pull/227",
        "since": null,
        "title": "Contribution café 226",
        "done": null,
        "hold_reason": null,
        "id": "task-0226",
        "blocked_by_ids": [],
        "blocked_reason": null,
        "report_path": null,
        "priority": null,
        "state": "queued",
        "raw": "- [ ] task-0226 - Contribution café 226 https://github.com/example/repo/pull/227 (repo: sample) (kind: ship)",
        "body_excerpt": null
      },
      {
        "requires_child_metadata": false,
        "pr_url": "https://github.com/example/repo/pull/228",
        "hold_set": null,
        "captain_actionable": false,
        "completion": {
          "date": null,
          "verb": null
        },
        "repo": "sample",
        "since": null,
        "title": "Contribution café 227",
        "done": null,
        "hold_reason": null,
        "priority": null,
        "state": "queued",
        "id": "task-0227",
        "blocked_by_ids": [],
        "blocked_reason": null,
        "report_path": null,
        "raw": "- [ ] task-0227 - Contribution café 227 https://github.com/example/repo/pull/228 (repo: sample) (kind: ship)",
        "body_excerpt": null,
        "local_note": null,
        "reported": null,
        "blocked_by": null,
        "unresolved_blocker_ids": [],
        "structured": true,
        "order": 228,
        "hold_kind": null,
        "merged": null,
        "kind": "ship",
        "current_role": "queued",
        "checked": false,
        "body_lines": [],
        "hold_bucket": null,
        "hold_until": null,
        "hold_age_days": null,
        "links": [
          "https://github.com/example/repo/pull/228"
        ]
      },
      {
        "pr_url": "https://github.com/example/repo/pull/229",
        "requires_child_metadata": false,
        "repo": "sample",
        "hold_set": null,
        "captain_actionable": false,
        "completion": {
          "verb": null,
          "date": null
        },
        "done": null,
        "hold_reason": null,
        "title": "Contribution café 228",
        "since": null,
        "state": "queued",
        "priority": null,
        "report_path": null,
        "blocked_reason": null,
        "blocked_by_ids": [],
        "id": "task-0228",
        "body_excerpt": null,
        "raw": "- [ ] task-0228 - Contribution café 228 https://github.com/example/repo/pull/229 (repo: sample) (kind: ship)",
        "blocked_by": null,
        "unresolved_blocker_ids": [],
        "local_note": null,
        "reported": null,
        "merged": null,
        "order": 229,
        "structured": true,
        "hold_kind": null,
        "body_lines": [],
        "checked": false,
        "current_role": "queued",
        "kind": "ship",
        "hold_until": null,
        "hold_bucket": null,
        "hold_age_days": null,
        "links": [
          "https://github.com/example/repo/pull/229"
        ]
      },
      {
        "title": "Contribution café 229",
        "since": null,
        "done": null,
        "hold_reason": null,
        "requires_child_metadata": false,
        "pr_url": "https://github.com/example/repo/pull/230",
        "repo": "sample",
        "captain_actionable": false,
        "hold_set": null,
        "completion": {
          "date": null,
          "verb": null
        },
        "raw": "- [ ] task-0229 - Contribution café 229 https://github.com/example/repo/pull/230 (repo: sample) (kind: ship)",
        "body_excerpt": null,
        "priority": null,
        "state": "queued",
        "id": "task-0229",
        "report_path": null,
        "blocked_by_ids": [],
        "blocked_reason": null,
        "merged": null,
        "structured": true,
        "order": 230,
        "hold_kind": null,
        "checked": false,
        "kind": "ship",
        "current_role": "queued",
        "body_lines": [],
        "local_note": null,
        "reported": null,
        "unresolved_blocker_ids": [],
        "blocked_by": null,
        "links": [
          "https://github.com/example/repo/pull/230"
        ],
        "hold_bucket": null,
        "hold_until": null,
        "hold_age_days": null
      },
      {
        "checked": false,
        "current_role": "queued",
        "kind": "ship",
        "body_lines": [],
        "merged": null,
        "order": 231,
        "structured": true,
        "hold_kind": null,
        "local_note": null,
        "reported": null,
        "unresolved_blocker_ids": [],
        "blocked_by": null,
        "links": [
          "https://github.com/example/repo/pull/231"
        ],
        "hold_age_days": null,
        "hold_bucket": null,
        "hold_until": null,
        "title": "Contribution café 230",
        "since": null,
        "done": null,
        "hold_reason": null,
        "repo": "sample",
        "hold_set": null,
        "captain_actionable": false,
        "completion": {
          "date": null,
          "verb": null
        },
        "requires_child_metadata": false,
        "pr_url": "https://github.com/example/repo/pull/231",
        "raw": "- [ ] task-0230 - Contribution café 230 https://github.com/example/repo/pull/231 (repo: sample) (kind: ship)",
        "body_excerpt": null,
        "id": "task-0230",
        "report_path": null,
        "blocked_by_ids": [],
        "blocked_reason": null,
        "priority": null,
        "state": "queued"
      },
      {
        "repo": "sample",
        "hold_set": null,
        "captain_actionable": false,
        "completion": {
          "date": null,
          "verb": null
        },
        "requires_child_metadata": false,
        "pr_url": "https://github.com/example/repo/pull/232",
        "title": "Contribution café 231",
        "since": null,
        "done": null,
        "hold_reason": null,
        "id": "task-0231",
        "report_path": null,
        "blocked_by_ids": [],
        "blocked_reason": null,
        "priority": null,
        "state": "queued",
        "raw": "- [ ] task-0231 - Contribution café 231 https://github.com/example/repo/pull/232 (repo: sample) (kind: ship)",
        "body_excerpt": null,
        "reported": null,
        "local_note": null,
        "unresolved_blocker_ids": [],
        "blocked_by": null,
        "checked": false,
        "current_role": "queued",
        "kind": "ship",
        "body_lines": [],
        "merged": null,
        "hold_kind": null,
        "structured": true,
        "order": 232,
        "hold_age_days": null,
        "hold_bucket": null,
        "hold_until": null,
        "links": [
          "https://github.com/example/repo/pull/232"
        ]
      },
      {
        "local_note": null,
        "reported": null,
        "blocked_by": null,
        "unresolved_blocker_ids": [],
        "kind": "ship",
        "current_role": "queued",
        "checked": false,
        "body_lines": [],
        "order": 233,
        "structured": true,
        "hold_kind": null,
        "merged": null,
        "hold_age_days": null,
        "hold_bucket": null,
        "hold_until": null,
        "links": [
          "https://github.com/example/repo/pull/233"
        ],
        "captain_actionable": false,
        "completion": {
          "date": null,
          "verb": null
        },
        "hold_set": null,
        "repo": "sample",
        "requires_child_metadata": false,
        "pr_url": "https://github.com/example/repo/pull/233",
        "since": null,
        "title": "Contribution café 232",
        "done": null,
        "hold_reason": null,
        "id": "task-0232",
        "blocked_reason": null,
        "blocked_by_ids": [],
        "report_path": null,
        "priority": null,
        "state": "queued",
        "raw": "- [ ] task-0232 - Contribution café 232 https://github.com/example/repo/pull/233 (repo: sample) (kind: ship)",
        "body_excerpt": null
      },
      {
        "raw": "- [ ] task-0233 - Contribution café 233 https://github.com/example/repo/pull/234 (repo: sample) (kind: ship)",
        "body_excerpt": null,
        "priority": null,
        "state": "queued",
        "id": "task-0233",
        "blocked_reason": null,
        "blocked_by_ids": [],
        "report_path": null,
        "title": "Contribution café 233",
        "since": null,
        "done": null,
        "hold_reason": null,
        "requires_child_metadata": false,
        "pr_url": "https://github.com/example/repo/pull/234",
        "captain_actionable": false,
        "hold_set": null,
        "completion": {
          "verb": null,
          "date": null
        },
        "repo": "sample",
        "links": [
          "https://github.com/example/repo/pull/234"
        ],
        "hold_bucket": null,
        "hold_until": null,
        "hold_age_days": null,
        "structured": true,
        "order": 234,
        "hold_kind": null,
        "merged": null,
        "kind": "ship",
        "current_role": "queued",
        "checked": false,
        "body_lines": [],
        "reported": null,
        "local_note": null,
        "blocked_by": null,
        "unresolved_blocker_ids": []
      },
      {
        "priority": null,
        "state": "queued",
        "id": "task-0234",
        "blocked_reason": null,
        "blocked_by_ids": [],
        "report_path": null,
        "raw": "- [ ] task-0234 - Contribution café 234 https://github.com/example/repo/pull/235 (repo: sample) (kind: ship)",
        "body_excerpt": null,
        "requires_child_metadata": false,
        "pr_url": "https://github.com/example/repo/pull/235",
        "completion": {
          "date": null,
          "verb": null
        },
        "captain_actionable": false,
        "hold_set": null,
        "repo": "sample",
        "title": "Contribution café 234",
        "since": null,
        "done": null,
        "hold_reason": null,
        "hold_bucket": null,
        "hold_until": null,
        "hold_age_days": null,
        "links": [
          "https://github.com/example/repo/pull/235"
        ],
        "reported": null,
        "local_note": null,
        "blocked_by": null,
        "unresolved_blocker_ids": [],
        "order": 235,
        "structured": true,
        "hold_kind": null,
        "merged": null,
        "kind": "ship",
        "current_role": "queued",
        "checked": false,
        "body_lines": []
      },
      {
        "requires_child_metadata": false,
        "pr_url": "https://github.com/example/repo/pull/236",
        "repo": "sample",
        "captain_actionable": false,
        "hold_set": null,
        "completion": {
          "date": null,
          "verb": null
        },
        "title": "Contribution café 235",
        "since": null,
        "done": null,
        "hold_reason": null,
        "priority": null,
        "state": "queued",
        "id": "task-0235",
        "report_path": null,
        "blocked_reason": null,
        "blocked_by_ids": [],
        "raw": "- [ ] task-0235 - Contribution café 235 https://github.com/example/repo/pull/236 (repo: sample) (kind: ship)",
        "body_excerpt": null,
        "local_note": null,
        "reported": null,
        "unresolved_blocker_ids": [],
        "blocked_by": null,
        "merged": null,
        "order": 236,
        "structured": true,
        "hold_kind": null,
        "checked": false,
        "kind": "ship",
        "current_role": "queued",
        "body_lines": [],
        "hold_bucket": null,
        "hold_until": null,
        "hold_age_days": null,
        "links": [
          "https://github.com/example/repo/pull/236"
        ]
      },
      {
        "links": [
          "https://github.com/example/repo/pull/237"
        ],
        "hold_age_days": null,
        "hold_until": null,
        "hold_bucket": null,
        "body_lines": [],
        "current_role": "queued",
        "kind": "ship",
        "checked": false,
        "order": 237,
        "hold_kind": null,
        "structured": true,
        "merged": null,
        "blocked_by": null,
        "unresolved_blocker_ids": [],
        "local_note": null,
        "reported": null,
        "body_excerpt": null,
        "raw": "- [ ] task-0236 - Contribution café 236 https://github.com/example/repo/pull/237 (repo: sample) (kind: ship)",
        "blocked_reason": null,
        "blocked_by_ids": [],
        "report_path": null,
        "id": "task-0236",
        "state": "queued",
        "priority": null,
        "done": null,
        "hold_reason": null,
        "since": null,
        "title": "Contribution café 236",
        "captain_actionable": false,
        "hold_set": null,
        "completion": {
          "date": null,
          "verb": null
        },
        "repo": "sample",
        "pr_url": "https://github.com/example/repo/pull/237",
        "requires_child_metadata": false
      },
      {
        "body_excerpt": null,
        "raw": "- [ ] task-0237 - Contribution café 237 https://github.com/example/repo/pull/238 (repo: sample) (kind: ship)",
        "state": "queued",
        "priority": null,
        "report_path": null,
        "blocked_reason": null,
        "blocked_by_ids": [],
        "id": "task-0237",
        "hold_reason": null,
        "done": null,
        "since": null,
        "title": "Contribution café 237",
        "pr_url": "https://github.com/example/repo/pull/238",
        "requires_child_metadata": false,
        "repo": "sample",
        "hold_set": null,
        "captain_actionable": false,
        "completion": {
          "date": null,
          "verb": null
        },
        "links": [
          "https://github.com/example/repo/pull/238"
        ],
        "hold_until": null,
        "hold_bucket": null,
        "hold_age_days": null,
        "merged": null,
        "hold_kind": null,
        "order": 238,
        "structured": true,
        "body_lines": [],
        "checked": false,
        "current_role": "queued",
        "kind": "ship",
        "blocked_by": null,
        "unresolved_blocker_ids": [],
        "local_note": null,
        "reported": null
      },
      {
        "body_excerpt": null,
        "raw": "- [ ] task-0238 - Contribution café 238 https://github.com/example/repo/pull/239 (repo: sample) (kind: ship)",
        "state": "queued",
        "priority": null,
        "report_path": null,
        "blocked_by_ids": [],
        "blocked_reason": null,
        "id": "task-0238",
        "done": null,
        "hold_reason": null,
        "since": null,
        "title": "Contribution café 238",
        "pr_url": "https://github.com/example/repo/pull/239",
        "requires_child_metadata": false,
        "repo": "sample",
        "completion": {
          "verb": null,
          "date": null
        },
        "captain_actionable": false,
        "hold_set": null,
        "links": [
          "https://github.com/example/repo/pull/239"
        ],
        "hold_until": null,
        "hold_bucket": null,
        "hold_age_days": null,
        "merged": null,
        "structured": true,
        "order": 239,
        "hold_kind": null,
        "body_lines": [],
        "checked": false,
        "kind": "ship",
        "current_role": "queued",
        "blocked_by": null,
        "unresolved_blocker_ids": [],
        "local_note": null,
        "reported": null
      },
      {
        "hold_age_days": null,
        "hold_until": null,
        "hold_bucket": null,
        "links": [
          "https://github.com/example/repo/pull/240"
        ],
        "blocked_by": null,
        "unresolved_blocker_ids": [],
        "local_note": null,
        "reported": null,
        "body_lines": [],
        "kind": "ship",
        "current_role": "queued",
        "checked": false,
        "order": 240,
        "structured": true,
        "hold_kind": null,
        "merged": null,
        "blocked_by_ids": [],
        "blocked_reason": null,
        "report_path": null,
        "id": "task-0239",
        "state": "queued",
        "priority": null,
        "body_excerpt": null,
        "raw": "- [ ] task-0239 - Contribution café 239 https://github.com/example/repo/pull/240 (repo: sample) (kind: ship)",
        "captain_actionable": false,
        "completion": {
          "verb": null,
          "date": null
        },
        "hold_set": null,
        "repo": "sample",
        "pr_url": "https://github.com/example/repo/pull/240",
        "requires_child_metadata": false,
        "done": null,
        "hold_reason": null,
        "title": "Contribution café 239",
        "since": null
      },
      {
        "since": null,
        "title": "Contribution café 240",
        "done": null,
        "hold_reason": null,
        "requires_child_metadata": false,
        "pr_url": "https://github.com/example/repo/pull/241",
        "repo": "sample",
        "hold_set": null,
        "captain_actionable": false,
        "completion": {
          "date": null,
          "verb": null
        },
        "raw": "- [ ] task-0240 - Contribution café 240 https://github.com/example/repo/pull/241 (repo: sample) (kind: ship)",
        "body_excerpt": null,
        "priority": null,
        "state": "queued",
        "id": "task-0240",
        "report_path": null,
        "blocked_by_ids": [],
        "blocked_reason": null,
        "merged": null,
        "structured": true,
        "order": 241,
        "hold_kind": null,
        "checked": false,
        "kind": "ship",
        "current_role": "queued",
        "body_lines": [],
        "reported": null,
        "local_note": null,
        "blocked_by": null,
        "unresolved_blocker_ids": [],
        "links": [
          "https://github.com/example/repo/pull/241"
        ],
        "hold_bucket": null,
        "hold_until": null,
        "hold_age_days": null
      },
      {
        "repo": "sample",
        "captain_actionable": false,
        "completion": {
          "verb": null,
          "date": null
        },
        "hold_set": null,
        "pr_url": "https://github.com/example/repo/pull/242",
        "requires_child_metadata": false,
        "done": null,
        "hold_reason": null,
        "since": null,
        "title": "Contribution café 241",
        "report_path": null,
        "blocked_by_ids": [],
        "blocked_reason": null,
        "id": "task-0241",
        "state": "queued",
        "priority": null,
        "body_excerpt": null,
        "raw": "- [ ] task-0241 - Contribution café 241 https://github.com/example/repo/pull/242 (repo: sample) (kind: ship)",
        "unresolved_blocker_ids": [],
        "blocked_by": null,
        "reported": null,
        "local_note": null,
        "body_lines": [],
        "checked": false,
        "kind": "ship",
        "current_role": "queued",
        "merged": null,
        "hold_kind": null,
        "order": 242,
        "structured": true,
        "hold_age_days": null,
        "hold_until": null,
        "hold_bucket": null,
        "links": [
          "https://github.com/example/repo/pull/242"
        ]
      },
      {
        "completion": {
          "date": null,
          "verb": null
        },
        "captain_actionable": false,
        "hold_set": null,
        "repo": "sample",
        "requires_child_metadata": false,
        "pr_url": "https://github.com/example/repo/pull/243",
        "title": "Contribution café 242",
        "since": null,
        "done": null,
        "hold_reason": null,
        "id": "task-0242",
        "blocked_by_ids": [],
        "blocked_reason": null,
        "report_path": null,
        "priority": null,
        "state": "queued",
        "raw": "- [ ] task-0242 - Contribution café 242 https://github.com/example/repo/pull/243 (repo: sample) (kind: ship)",
        "body_excerpt": null,
        "reported": null,
        "local_note": null,
        "blocked_by": null,
        "unresolved_blocker_ids": [],
        "current_role": "queued",
        "kind": "ship",
        "checked": false,
        "body_lines": [],
        "hold_kind": null,
        "order": 243,
        "structured": true,
        "merged": null,
        "hold_age_days": null,
        "hold_bucket": null,
        "hold_until": null,
        "links": [
          "https://github.com/example/repo/pull/243"
        ]
      },
      {
        "hold_reason": null,
        "done": null,
        "title": "Contribution café 243",
        "since": null,
        "pr_url": "https://github.com/example/repo/pull/244",
        "requires_child_metadata": false,
        "repo": "sample",
        "hold_set": null,
        "captain_actionable": false,
        "completion": {
          "verb": null,
          "date": null
        },
        "body_excerpt": null,
        "raw": "- [ ] task-0243 - Contribution café 243 https://github.com/example/repo/pull/244 (repo: sample) (kind: ship)",
        "state": "queued",
        "priority": null,
        "report_path": null,
        "blocked_reason": null,
        "blocked_by_ids": [],
        "id": "task-0243",
        "merged": null,
        "structured": true,
        "order": 244,
        "hold_kind": null,
        "body_lines": [],
        "checked": false,
        "current_role": "queued",
        "kind": "ship",
        "blocked_by": null,
        "unresolved_blocker_ids": [],
        "local_note": null,
        "reported": null,
        "links": [
          "https://github.com/example/repo/pull/244"
        ],
        "hold_until": null,
        "hold_bucket": null,
        "hold_age_days": null
      },
      {
        "hold_age_days": null,
        "hold_until": null,
        "hold_bucket": null,
        "links": [
          "https://github.com/example/repo/pull/245"
        ],
        "unresolved_blocker_ids": [],
        "blocked_by": null,
        "local_note": null,
        "reported": null,
        "body_lines": [],
        "kind": "ship",
        "current_role": "queued",
        "checked": false,
        "hold_kind": null,
        "order": 245,
        "structured": true,
        "merged": null,
        "blocked_reason": null,
        "blocked_by_ids": [],
        "report_path": null,
        "id": "task-0244",
        "state": "queued",
        "priority": null,
        "body_excerpt": null,
        "raw": "- [ ] task-0244 - Contribution café 244 https://github.com/example/repo/pull/245 (repo: sample) (kind: ship)",
        "captain_actionable": false,
        "completion": {
          "verb": null,
          "date": null
        },
        "hold_set": null,
        "repo": "sample",
        "pr_url": "https://github.com/example/repo/pull/245",
        "requires_child_metadata": false,
        "done": null,
        "hold_reason": null,
        "since": null,
        "title": "Contribution café 244"
      },
      {
        "blocked_reason": null,
        "blocked_by_ids": [],
        "report_path": null,
        "id": "task-0245",
        "state": "queued",
        "priority": null,
        "body_excerpt": null,
        "raw": "- [ ] task-0245 - Contribution café 245 https://github.com/example/repo/pull/246 (repo: sample) (kind: ship)",
        "completion": {
          "verb": null,
          "date": null
        },
        "captain_actionable": false,
        "hold_set": null,
        "repo": "sample",
        "pr_url": "https://github.com/example/repo/pull/246",
        "requires_child_metadata": false,
        "done": null,
        "hold_reason": null,
        "title": "Contribution café 245",
        "since": null,
        "hold_age_days": null,
        "hold_until": null,
        "hold_bucket": null,
        "links": [
          "https://github.com/example/repo/pull/246"
        ],
        "unresolved_blocker_ids": [],
        "blocked_by": null,
        "reported": null,
        "local_note": null,
        "body_lines": [],
        "kind": "ship",
        "current_role": "queued",
        "checked": false,
        "structured": true,
        "order": 246,
        "hold_kind": null,
        "merged": null
      },
      {
        "captain_actionable": false,
        "hold_set": null,
        "completion": {
          "date": null,
          "verb": null
        },
        "repo": "sample",
        "pr_url": "https://github.com/example/repo/pull/247",
        "requires_child_metadata": false,
        "done": null,
        "hold_reason": null,
        "since": null,
        "title": "Contribution café 246",
        "blocked_reason": null,
        "blocked_by_ids": [],
        "report_path": null,
        "id": "task-0246",
        "state": "queued",
        "priority": null,
        "body_excerpt": null,
        "raw": "- [ ] task-0246 - Contribution café 246 https://github.com/example/repo/pull/247 (repo: sample) (kind: ship)",
        "blocked_by": null,
        "unresolved_blocker_ids": [],
        "reported": null,
        "local_note": null,
        "body_lines": [],
        "current_role": "queued",
        "kind": "ship",
        "checked": false,
        "hold_kind": null,
        "order": 247,
        "structured": true,
        "merged": null,
        "hold_age_days": null,
        "hold_until": null,
        "hold_bucket": null,
        "links": [
          "https://github.com/example/repo/pull/247"
        ]
      },
      {
        "id": "task-0247",
        "blocked_reason": null,
        "blocked_by_ids": [],
        "report_path": null,
        "priority": null,
        "state": "queued",
        "raw": "- [ ] task-0247 - Contribution café 247 https://github.com/example/repo/pull/248 (repo: sample) (kind: ship)",
        "body_excerpt": null,
        "captain_actionable": false,
        "hold_set": null,
        "completion": {
          "verb": null,
          "date": null
        },
        "repo": "sample",
        "requires_child_metadata": false,
        "pr_url": "https://github.com/example/repo/pull/248",
        "title": "Contribution café 247",
        "since": null,
        "done": null,
        "hold_reason": null,
        "hold_age_days": null,
        "hold_bucket": null,
        "hold_until": null,
        "links": [
          "https://github.com/example/repo/pull/248"
        ],
        "local_note": null,
        "reported": null,
        "unresolved_blocker_ids": [],
        "blocked_by": null,
        "kind": "ship",
        "current_role": "queued",
        "checked": false,
        "body_lines": [],
        "order": 248,
        "structured": true,
        "hold_kind": null,
        "merged": null
      },
      {
        "id": "task-0248",
        "report_path": null,
        "blocked_by_ids": [],
        "blocked_reason": null,
        "priority": null,
        "state": "queued",
        "raw": "- [ ] task-0248 - Contribution café 248 https://github.com/example/repo/pull/249 (repo: sample) (kind: ship)",
        "body_excerpt": null,
        "repo": "sample",
        "captain_actionable": false,
        "hold_set": null,
        "completion": {
          "verb": null,
          "date": null
        },
        "requires_child_metadata": false,
        "pr_url": "https://github.com/example/repo/pull/249",
        "since": null,
        "title": "Contribution café 248",
        "done": null,
        "hold_reason": null,
        "hold_age_days": null,
        "hold_bucket": null,
        "hold_until": null,
        "links": [
          "https://github.com/example/repo/pull/249"
        ],
        "reported": null,
        "local_note": null,
        "unresolved_blocker_ids": [],
        "blocked_by": null,
        "checked": false,
        "kind": "ship",
        "current_role": "queued",
        "body_lines": [],
        "merged": null,
        "order": 249,
        "structured": true,
        "hold_kind": null
      },
      {
        "body_lines": [],
        "current_role": "queued",
        "kind": "ship",
        "checked": false,
        "hold_kind": null,
        "order": 250,
        "structured": true,
        "merged": null,
        "unresolved_blocker_ids": [],
        "blocked_by": null,
        "reported": null,
        "local_note": null,
        "links": [
          "https://github.com/example/repo/pull/250"
        ],
        "hold_age_days": null,
        "hold_until": null,
        "hold_bucket": null,
        "done": null,
        "hold_reason": null,
        "since": null,
        "title": "Contribution café 249",
        "hold_set": null,
        "captain_actionable": false,
        "completion": {
          "date": null,
          "verb": null
        },
        "repo": "sample",
        "pr_url": "https://github.com/example/repo/pull/250",
        "requires_child_metadata": false,
        "body_excerpt": null,
        "raw": "- [ ] task-0249 - Contribution café 249 https://github.com/example/repo/pull/250 (repo: sample) (kind: ship)",
        "blocked_by_ids": [],
        "blocked_reason": null,
        "report_path": null,
        "id": "task-0249",
        "state": "queued",
        "priority": null
      },
      {
        "state": "queued",
        "priority": null,
        "report_path": null,
        "blocked_by_ids": [],
        "blocked_reason": null,
        "id": "task-0250",
        "body_excerpt": null,
        "raw": "- [ ] task-0250 - Contribution café 250 https://github.com/example/repo/pull/251 (repo: sample) (kind: ship)",
        "pr_url": "https://github.com/example/repo/pull/251",
        "requires_child_metadata": false,
        "repo": "sample",
        "captain_actionable": false,
        "hold_set": null,
        "completion": {
          "date": null,
          "verb": null
        },
        "done": null,
        "hold_reason": null,
        "since": null,
        "title": "Contribution café 250",
        "hold_until": null,
        "hold_bucket": null,
        "hold_age_days": null,
        "links": [
          "https://github.com/example/repo/pull/251"
        ],
        "unresolved_blocker_ids": [],
        "blocked_by": null,
        "reported": null,
        "local_note": null,
        "merged": null,
        "hold_kind": null,
        "structured": true,
        "order": 251,
        "body_lines": [],
        "checked": false,
        "kind": "ship",
        "current_role": "queued"
      },
      {
        "reported": null,
        "local_note": null,
        "blocked_by": null,
        "unresolved_blocker_ids": [],
        "order": 252,
        "structured": true,
        "hold_kind": null,
        "merged": null,
        "kind": "ship",
        "current_role": "queued",
        "checked": false,
        "body_lines": [],
        "hold_bucket": null,
        "hold_until": null,
        "hold_age_days": null,
        "links": [
          "https://github.com/example/repo/pull/252"
        ],
        "requires_child_metadata": false,
        "pr_url": "https://github.com/example/repo/pull/252",
        "completion": {
          "date": null,
          "verb": null
        },
        "captain_actionable": false,
        "hold_set": null,
        "repo": "sample",
        "title": "Contribution café 251",
        "since": null,
        "done": null,
        "hold_reason": null,
        "priority": null,
        "state": "queued",
        "id": "task-0251",
        "blocked_reason": null,
        "blocked_by_ids": [],
        "report_path": null,
        "raw": "- [ ] task-0251 - Contribution café 251 https://github.com/example/repo/pull/252 (repo: sample) (kind: ship)",
        "body_excerpt": null
      },
      {
        "state": "queued",
        "priority": null,
        "report_path": null,
        "blocked_reason": null,
        "blocked_by_ids": [],
        "id": "task-0252",
        "body_excerpt": null,
        "raw": "- [ ] task-0252 - Contribution café 252 https://github.com/example/repo/pull/253 (repo: sample) (kind: ship)",
        "pr_url": "https://github.com/example/repo/pull/253",
        "requires_child_metadata": false,
        "repo": "sample",
        "captain_actionable": false,
        "completion": {
          "date": null,
          "verb": null
        },
        "hold_set": null,
        "done": null,
        "hold_reason": null,
        "title": "Contribution café 252",
        "since": null,
        "hold_until": null,
        "hold_bucket": null,
        "hold_age_days": null,
        "links": [
          "https://github.com/example/repo/pull/253"
        ],
        "unresolved_blocker_ids": [],
        "blocked_by": null,
        "reported": null,
        "local_note": null,
        "merged": null,
        "order": 253,
        "structured": true,
        "hold_kind": null,
        "body_lines": [],
        "checked": false,
        "current_role": "queued",
        "kind": "ship"
      },
      {
        "links": [
          "https://github.com/example/repo/pull/254"
        ],
        "hold_until": null,
        "hold_bucket": null,
        "hold_age_days": null,
        "merged": null,
        "structured": true,
        "hold_kind": null,
        "order": 254,
        "body_lines": [],
        "checked": false,
        "kind": "ship",
        "current_role": "queued",
        "unresolved_blocker_ids": [],
        "blocked_by": null,
        "local_note": null,
        "reported": null,
        "body_excerpt": null,
        "raw": "- [ ] task-0253 - Contribution café 253 https://github.com/example/repo/pull/254 (repo: sample) (kind: ship)",
        "state": "queued",
        "priority": null,
        "report_path": null,
        "blocked_reason": null,
        "blocked_by_ids": [],
        "id": "task-0253",
        "hold_reason": null,
        "done": null,
        "since": null,
        "title": "Contribution café 253",
        "pr_url": "https://github.com/example/repo/pull/254",
        "requires_child_metadata": false,
        "repo": "sample",
        "captain_actionable": false,
        "completion": {
          "verb": null,
          "date": null
        },
        "hold_set": null
      },
      {
        "raw": "- [ ] task-0254 - Contribution café 254 https://github.com/example/repo/pull/255 (repo: sample) (kind: ship)",
        "body_excerpt": null,
        "id": "task-0254",
        "blocked_by_ids": [],
        "blocked_reason": null,
        "report_path": null,
        "priority": null,
        "state": "queued",
        "since": null,
        "title": "Contribution café 254",
        "hold_reason": null,
        "done": null,
        "captain_actionable": false,
        "completion": {
          "verb": null,
          "date": null
        },
        "hold_set": null,
        "repo": "sample",
        "requires_child_metadata": false,
        "pr_url": "https://github.com/example/repo/pull/255",
        "links": [
          "https://github.com/example/repo/pull/255"
        ],
        "hold_age_days": null,
        "hold_bucket": null,
        "hold_until": null,
        "current_role": "queued",
        "kind": "ship",
        "checked": false,
        "body_lines": [],
        "order": 255,
        "hold_kind": null,
        "structured": true,
        "merged": null,
        "local_note": null,
        "reported": null,
        "blocked_by": null,
        "unresolved_blocker_ids": []
      },
      {
        "captain_actionable": false,
        "completion": {
          "date": null,
          "verb": null
        },
        "hold_set": null,
        "repo": "sample",
        "requires_child_metadata": false,
        "pr_url": "https://github.com/example/repo/pull/256",
        "title": "Contribution café 255",
        "since": null,
        "done": null,
        "hold_reason": null,
        "id": "task-0255",
        "blocked_by_ids": [],
        "blocked_reason": null,
        "report_path": null,
        "priority": null,
        "state": "queued",
        "raw": "- [ ] task-0255 - Contribution café 255 https://github.com/example/repo/pull/256 (repo: sample) (kind: ship)",
        "body_excerpt": null,
        "reported": null,
        "local_note": null,
        "unresolved_blocker_ids": [],
        "blocked_by": null,
        "current_role": "queued",
        "kind": "ship",
        "checked": false,
        "body_lines": [],
        "structured": true,
        "hold_kind": null,
        "order": 256,
        "merged": null,
        "hold_age_days": null,
        "hold_bucket": null,
        "hold_until": null,
        "links": [
          "https://github.com/example/repo/pull/256"
        ]
      },
      {
        "hold_until": null,
        "hold_bucket": null,
        "hold_age_days": null,
        "links": [
          "https://github.com/example/repo/pull/257"
        ],
        "unresolved_blocker_ids": [],
        "blocked_by": null,
        "local_note": null,
        "reported": null,
        "merged": null,
        "order": 257,
        "structured": true,
        "hold_kind": null,
        "body_lines": [],
        "checked": false,
        "kind": "ship",
        "current_role": "queued",
        "state": "queued",
        "priority": null,
        "report_path": null,
        "blocked_by_ids": [],
        "blocked_reason": null,
        "id": "task-0256",
        "body_excerpt": null,
        "raw": "- [ ] task-0256 - Contribution café 256 https://github.com/example/repo/pull/257 (repo: sample) (kind: ship)",
        "pr_url": "https://github.com/example/repo/pull/257",
        "requires_child_metadata": false,
        "repo": "sample",
        "completion": {
          "date": null,
          "verb": null
        },
        "captain_actionable": false,
        "hold_set": null,
        "done": null,
        "hold_reason": null,
        "title": "Contribution café 256",
        "since": null
      },
      {
        "report_path": null,
        "blocked_by_ids": [],
        "blocked_reason": null,
        "id": "task-0257",
        "state": "queued",
        "priority": null,
        "body_excerpt": null,
        "raw": "- [ ] task-0257 - Contribution café 257 https://github.com/example/repo/pull/258 (repo: sample) (kind: ship)",
        "repo": "sample",
        "completion": {
          "date": null,
          "verb": null
        },
        "captain_actionable": false,
        "hold_set": null,
        "pr_url": "https://github.com/example/repo/pull/258",
        "requires_child_metadata": false,
        "done": null,
        "hold_reason": null,
        "title": "Contribution café 257",
        "since": null,
        "hold_age_days": null,
        "hold_until": null,
        "hold_bucket": null,
        "links": [
          "https://github.com/example/repo/pull/258"
        ],
        "blocked_by": null,
        "unresolved_blocker_ids": [],
        "local_note": null,
        "reported": null,
        "body_lines": [],
        "checked": false,
        "current_role": "queued",
        "kind": "ship",
        "merged": null,
        "structured": true,
        "order": 258,
        "hold_kind": null
      },
      {
        "reported": null,
        "local_note": null,
        "unresolved_blocker_ids": [],
        "blocked_by": null,
        "checked": false,
        "kind": "ship",
        "current_role": "queued",
        "body_lines": [],
        "merged": null,
        "order": 259,
        "structured": true,
        "hold_kind": null,
        "hold_age_days": null,
        "hold_bucket": null,
        "hold_until": null,
        "links": [
          "https://github.com/example/repo/pull/259"
        ],
        "repo": "sample",
        "completion": {
          "verb": null,
          "date": null
        },
        "captain_actionable": false,
        "hold_set": null,
        "requires_child_metadata": false,
        "pr_url": "https://github.com/example/repo/pull/259",
        "since": null,
        "title": "Contribution café 258",
        "hold_reason": null,
        "done": null,
        "id": "task-0258",
        "report_path": null,
        "blocked_by_ids": [],
        "blocked_reason": null,
        "priority": null,
        "state": "queued",
        "raw": "- [ ] task-0258 - Contribution café 258 https://github.com/example/repo/pull/259 (repo: sample) (kind: ship)",
        "body_excerpt": null
      },
      {
        "body_excerpt": null,
        "raw": "- [ ] task-0259 - Contribution café 259 https://github.com/example/repo/pull/260 (repo: sample) (kind: ship)",
        "report_path": null,
        "blocked_reason": null,
        "blocked_by_ids": [],
        "id": "task-0259",
        "state": "queued",
        "priority": null,
        "done": null,
        "hold_reason": null,
        "title": "Contribution café 259",
        "since": null,
        "repo": "sample",
        "completion": {
          "date": null,
          "verb": null
        },
        "captain_actionable": false,
        "hold_set": null,
        "pr_url": "https://github.com/example/repo/pull/260",
        "requires_child_metadata": false,
        "links": [
          "https://github.com/example/repo/pull/260"
        ],
        "hold_age_days": null,
        "hold_until": null,
        "hold_bucket": null,
        "body_lines": [],
        "checked": false,
        "kind": "ship",
        "current_role": "queued",
        "merged": null,
        "order": 260,
        "structured": true,
        "hold_kind": null,
        "unresolved_blocker_ids": [],
        "blocked_by": null,
        "local_note": null,
        "reported": null
      },
      {
        "hold_until": null,
        "hold_bucket": null,
        "hold_age_days": null,
        "links": [
          "https://github.com/example/repo/pull/261"
        ],
        "unresolved_blocker_ids": [],
        "blocked_by": null,
        "reported": null,
        "local_note": null,
        "structured": true,
        "hold_kind": null,
        "order": 261,
        "merged": null,
        "body_lines": [],
        "current_role": "queued",
        "kind": "ship",
        "checked": false,
        "state": "queued",
        "priority": null,
        "blocked_by_ids": [],
        "blocked_reason": null,
        "report_path": null,
        "id": "task-0260",
        "body_excerpt": null,
        "raw": "- [ ] task-0260 - Contribution café 260 https://github.com/example/repo/pull/261 (repo: sample) (kind: ship)",
        "pr_url": "https://github.com/example/repo/pull/261",
        "requires_child_metadata": false,
        "captain_actionable": false,
        "hold_set": null,
        "completion": {
          "verb": null,
          "date": null
        },
        "repo": "sample",
        "done": null,
        "hold_reason": null,
        "since": null,
        "title": "Contribution café 260"
      },
      {
        "unresolved_blocker_ids": [],
        "blocked_by": null,
        "local_note": null,
        "reported": null,
        "merged": null,
        "structured": true,
        "order": 262,
        "hold_kind": null,
        "body_lines": [],
        "checked": false,
        "kind": "ship",
        "current_role": "queued",
        "hold_until": null,
        "hold_bucket": null,
        "hold_age_days": null,
        "links": [
          "https://github.com/example/repo/pull/262"
        ],
        "pr_url": "https://github.com/example/repo/pull/262",
        "requires_child_metadata": false,
        "repo": "sample",
        "hold_set": null,
        "captain_actionable": false,
        "completion": {
          "date": null,
          "verb": null
        },
        "done": null,
        "hold_reason": null,
        "since": null,
        "title": "Contribution café 261",
        "state": "queued",
        "priority": null,
        "report_path": null,
        "blocked_reason": null,
        "blocked_by_ids": [],
        "id": "task-0261",
        "body_excerpt": null,
        "raw": "- [ ] task-0261 - Contribution café 261 https://github.com/example/repo/pull/262 (repo: sample) (kind: ship)"
      },
      {
        "hold_until": null,
        "hold_bucket": null,
        "hold_age_days": null,
        "links": [
          "https://github.com/example/repo/pull/263"
        ],
        "unresolved_blocker_ids": [],
        "blocked_by": null,
        "reported": null,
        "local_note": null,
        "merged": null,
        "order": 263,
        "hold_kind": null,
        "structured": true,
        "body_lines": [],
        "checked": false,
        "kind": "ship",
        "current_role": "queued",
        "state": "queued",
        "priority": null,
        "report_path": null,
        "blocked_reason": null,
        "blocked_by_ids": [],
        "id": "task-0262",
        "body_excerpt": null,
        "raw": "- [ ] task-0262 - Contribution café 262 https://github.com/example/repo/pull/263 (repo: sample) (kind: ship)",
        "pr_url": "https://github.com/example/repo/pull/263",
        "requires_child_metadata": false,
        "repo": "sample",
        "captain_actionable": false,
        "hold_set": null,
        "completion": {
          "date": null,
          "verb": null
        },
        "hold_reason": null,
        "done": null,
        "title": "Contribution café 262",
        "since": null
      },
      {
        "body_excerpt": null,
        "raw": "- [ ] task-0263 - Contribution café 263 https://github.com/example/repo/pull/264 (repo: sample) (kind: ship)",
        "state": "queued",
        "priority": null,
        "report_path": null,
        "blocked_by_ids": [],
        "blocked_reason": null,
        "id": "task-0263",
        "done": null,
        "hold_reason": null,
        "title": "Contribution café 263",
        "since": null,
        "pr_url": "https://github.com/example/repo/pull/264",
        "requires_child_metadata": false,
        "repo": "sample",
        "hold_set": null,
        "captain_actionable": false,
        "completion": {
          "date": null,
          "verb": null
        },
        "links": [
          "https://github.com/example/repo/pull/264"
        ],
        "hold_until": null,
        "hold_bucket": null,
        "hold_age_days": null,
        "merged": null,
        "structured": true,
        "order": 264,
        "hold_kind": null,
        "body_lines": [],
        "checked": false,
        "current_role": "queued",
        "kind": "ship",
        "unresolved_blocker_ids": [],
        "blocked_by": null,
        "reported": null,
        "local_note": null
      },
      {
        "requires_child_metadata": false,
        "pr_url": "https://github.com/example/repo/pull/265",
        "repo": "sample",
        "captain_actionable": false,
        "completion": {
          "verb": null,
          "date": null
        },
        "hold_set": null,
        "title": "Contribution café 264",
        "since": null,
        "done": null,
        "hold_reason": null,
        "priority": null,
        "state": "queued",
        "id": "task-0264",
        "report_path": null,
        "blocked_by_ids": [],
        "blocked_reason": null,
        "raw": "- [ ] task-0264 - Contribution café 264 https://github.com/example/repo/pull/265 (repo: sample) (kind: ship)",
        "body_excerpt": null,
        "local_note": null,
        "reported": null,
        "unresolved_blocker_ids": [],
        "blocked_by": null,
        "merged": null,
        "hold_kind": null,
        "order": 265,
        "structured": true,
        "checked": false,
        "current_role": "queued",
        "kind": "ship",
        "body_lines": [],
        "hold_bucket": null,
        "hold_until": null,
        "hold_age_days": null,
        "links": [
          "https://github.com/example/repo/pull/265"
        ]
      },
      {
        "hold_age_days": null,
        "hold_until": null,
        "hold_bucket": null,
        "links": [
          "https://github.com/example/repo/pull/266"
        ],
        "blocked_by": null,
        "unresolved_blocker_ids": [],
        "local_note": null,
        "reported": null,
        "body_lines": [],
        "kind": "ship",
        "current_role": "queued",
        "checked": false,
        "hold_kind": null,
        "order": 266,
        "structured": true,
        "merged": null,
        "blocked_by_ids": [],
        "blocked_reason": null,
        "report_path": null,
        "id": "task-0265",
        "state": "queued",
        "priority": null,
        "body_excerpt": null,
        "raw": "- [ ] task-0265 - Contribution café 265 https://github.com/example/repo/pull/266 (repo: sample) (kind: ship)",
        "completion": {
          "verb": null,
          "date": null
        },
        "captain_actionable": false,
        "hold_set": null,
        "repo": "sample",
        "pr_url": "https://github.com/example/repo/pull/266",
        "requires_child_metadata": false,
        "done": null,
        "hold_reason": null,
        "since": null,
        "title": "Contribution café 265"
      },
      {
        "hold_bucket": null,
        "hold_until": null,
        "hold_age_days": null,
        "links": [
          "https://github.com/example/repo/pull/267"
        ],
        "local_note": null,
        "reported": null,
        "unresolved_blocker_ids": [],
        "blocked_by": null,
        "merged": null,
        "order": 267,
        "hold_kind": null,
        "structured": true,
        "checked": false,
        "current_role": "queued",
        "kind": "ship",
        "body_lines": [],
        "priority": null,
        "state": "queued",
        "id": "task-0266",
        "report_path": null,
        "blocked_reason": null,
        "blocked_by_ids": [],
        "raw": "- [ ] task-0266 - Contribution café 266 https://github.com/example/repo/pull/267 (repo: sample) (kind: ship)",
        "body_excerpt": null,
        "requires_child_metadata": false,
        "pr_url": "https://github.com/example/repo/pull/267",
        "repo": "sample",
        "completion": {
          "verb": null,
          "date": null
        },
        "captain_actionable": false,
        "hold_set": null,
        "since": null,
        "title": "Contribution café 266",
        "done": null,
        "hold_reason": null
      },
      {
        "merged": null,
        "order": 268,
        "hold_kind": null,
        "structured": true,
        "checked": false,
        "kind": "ship",
        "current_role": "queued",
        "body_lines": [],
        "reported": null,
        "local_note": null,
        "blocked_by": null,
        "unresolved_blocker_ids": [],
        "links": [
          "https://github.com/example/repo/pull/268"
        ],
        "hold_bucket": null,
        "hold_until": null,
        "hold_age_days": null,
        "title": "Contribution café 267",
        "since": null,
        "done": null,
        "hold_reason": null,
        "requires_child_metadata": false,
        "pr_url": "https://github.com/example/repo/pull/268",
        "repo": "sample",
        "captain_actionable": false,
        "completion": {
          "date": null,
          "verb": null
        },
        "hold_set": null,
        "raw": "- [ ] task-0267 - Contribution café 267 https://github.com/example/repo/pull/268 (repo: sample) (kind: ship)",
        "body_excerpt": null,
        "priority": null,
        "state": "queued",
        "id": "task-0267",
        "report_path": null,
        "blocked_by_ids": [],
        "blocked_reason": null
      },
      {
        "links": [
          "https://github.com/example/repo/pull/269"
        ],
        "hold_age_days": null,
        "hold_until": null,
        "hold_bucket": null,
        "body_lines": [],
        "checked": false,
        "kind": "ship",
        "current_role": "queued",
        "merged": null,
        "order": 269,
        "structured": true,
        "hold_kind": null,
        "blocked_by": null,
        "unresolved_blocker_ids": [],
        "local_note": null,
        "reported": null,
        "body_excerpt": null,
        "raw": "- [ ] task-0268 - Contribution café 268 https://github.com/example/repo/pull/269 (repo: sample) (kind: ship)",
        "report_path": null,
        "blocked_reason": null,
        "blocked_by_ids": [],
        "id": "task-0268",
        "state": "queued",
        "priority": null,
        "done": null,
        "hold_reason": null,
        "since": null,
        "title": "Contribution café 268",
        "repo": "sample",
        "captain_actionable": false,
        "hold_set": null,
        "completion": {
          "date": null,
          "verb": null
        },
        "pr_url": "https://github.com/example/repo/pull/269",
        "requires_child_metadata": false
      },
      {
        "body_excerpt": null,
        "raw": "- [ ] task-0269 - Contribution café 269 https://github.com/example/repo/pull/270 (repo: sample) (kind: ship)",
        "state": "queued",
        "priority": null,
        "report_path": null,
        "blocked_reason": null,
        "blocked_by_ids": [],
        "id": "task-0269",
        "done": null,
        "hold_reason": null,
        "since": null,
        "title": "Contribution café 269",
        "pr_url": "https://github.com/example/repo/pull/270",
        "requires_child_metadata": false,
        "repo": "sample",
        "captain_actionable": false,
        "hold_set": null,
        "completion": {
          "date": null,
          "verb": null
        },
        "links": [
          "https://github.com/example/repo/pull/270"
        ],
        "hold_until": null,
        "hold_bucket": null,
        "hold_age_days": null,
        "merged": null,
        "structured": true,
        "order": 270,
        "hold_kind": null,
        "body_lines": [],
        "checked": false,
        "kind": "ship",
        "current_role": "queued",
        "blocked_by": null,
        "unresolved_blocker_ids": [],
        "reported": null,
        "local_note": null
      },
      {
        "done": null,
        "hold_reason": null,
        "title": "Contribution café 270",
        "since": null,
        "pr_url": "https://github.com/example/repo/pull/271",
        "requires_child_metadata": false,
        "hold_set": null,
        "captain_actionable": false,
        "completion": {
          "verb": null,
          "date": null
        },
        "repo": "sample",
        "body_excerpt": null,
        "raw": "- [ ] task-0270 - Contribution café 270 https://github.com/example/repo/pull/271 (repo: sample) (kind: ship)",
        "state": "queued",
        "priority": null,
        "blocked_reason": null,
        "blocked_by_ids": [],
        "report_path": null,
        "id": "task-0270",
        "order": 271,
        "structured": true,
        "hold_kind": null,
        "merged": null,
        "body_lines": [],
        "kind": "ship",
        "current_role": "queued",
        "checked": false,
        "blocked_by": null,
        "unresolved_blocker_ids": [],
        "local_note": null,
        "reported": null,
        "links": [
          "https://github.com/example/repo/pull/271"
        ],
        "hold_until": null,
        "hold_bucket": null,
        "hold_age_days": null
      },
      {
        "priority": null,
        "state": "queued",
        "id": "task-0271",
        "blocked_by_ids": [],
        "blocked_reason": null,
        "report_path": null,
        "raw": "- [ ] task-0271 - Contribution café 271 https://github.com/example/repo/pull/272 (repo: sample) (kind: ship)",
        "body_excerpt": null,
        "requires_child_metadata": false,
        "pr_url": "https://github.com/example/repo/pull/272",
        "captain_actionable": false,
        "hold_set": null,
        "completion": {
          "date": null,
          "verb": null
        },
        "repo": "sample",
        "since": null,
        "title": "Contribution café 271",
        "hold_reason": null,
        "done": null,
        "hold_bucket": null,
        "hold_until": null,
        "hold_age_days": null,
        "links": [
          "https://github.com/example/repo/pull/272"
        ],
        "reported": null,
        "local_note": null,
        "unresolved_blocker_ids": [],
        "blocked_by": null,
        "order": 272,
        "structured": true,
        "hold_kind": null,
        "merged": null,
        "kind": "ship",
        "current_role": "queued",
        "checked": false,
        "body_lines": []
      },
      {
        "title": "Contribution café 272",
        "since": null,
        "done": null,
        "hold_reason": null,
        "requires_child_metadata": false,
        "pr_url": "https://github.com/example/repo/pull/273",
        "captain_actionable": false,
        "completion": {
          "verb": null,
          "date": null
        },
        "hold_set": null,
        "repo": "sample",
        "raw": "- [ ] task-0272 - Contribution café 272 https://github.com/example/repo/pull/273 (repo: sample) (kind: ship)",
        "body_excerpt": null,
        "priority": null,
        "state": "queued",
        "id": "task-0272",
        "blocked_reason": null,
        "blocked_by_ids": [],
        "report_path": null,
        "order": 273,
        "structured": true,
        "hold_kind": null,
        "merged": null,
        "kind": "ship",
        "current_role": "queued",
        "checked": false,
        "body_lines": [],
        "local_note": null,
        "reported": null,
        "blocked_by": null,
        "unresolved_blocker_ids": [],
        "links": [
          "https://github.com/example/repo/pull/273"
        ],
        "hold_bucket": null,
        "hold_until": null,
        "hold_age_days": null
      },
      {
        "hold_set": null,
        "captain_actionable": false,
        "completion": {
          "verb": null,
          "date": null
        },
        "repo": "sample",
        "requires_child_metadata": false,
        "pr_url": "https://github.com/example/repo/pull/274",
        "title": "Contribution café 273",
        "since": null,
        "done": null,
        "hold_reason": null,
        "id": "task-0273",
        "blocked_by_ids": [],
        "blocked_reason": null,
        "report_path": null,
        "priority": null,
        "state": "queued",
        "raw": "- [ ] task-0273 - Contribution café 273 https://github.com/example/repo/pull/274 (repo: sample) (kind: ship)",
        "body_excerpt": null,
        "local_note": null,
        "reported": null,
        "blocked_by": null,
        "unresolved_blocker_ids": [],
        "current_role": "queued",
        "kind": "ship",
        "checked": false,
        "body_lines": [],
        "structured": true,
        "order": 274,
        "hold_kind": null,
        "merged": null,
        "hold_age_days": null,
        "hold_bucket": null,
        "hold_until": null,
        "links": [
          "https://github.com/example/repo/pull/274"
        ]
      },
      {
        "title": "Contribution café 274",
        "since": null,
        "hold_reason": null,
        "done": null,
        "requires_child_metadata": false,
        "pr_url": "https://github.com/example/repo/pull/275",
        "completion": {
          "date": null,
          "verb": null
        },
        "captain_actionable": false,
        "hold_set": null,
        "repo": "sample",
        "raw": "- [ ] task-0274 - Contribution café 274 https://github.com/example/repo/pull/275 (repo: sample) (kind: ship)",
        "body_excerpt": null,
        "priority": null,
        "state": "queued",
        "id": "task-0274",
        "blocked_reason": null,
        "blocked_by_ids": [],
        "report_path": null,
        "structured": true,
        "order": 275,
        "hold_kind": null,
        "merged": null,
        "kind": "ship",
        "current_role": "queued",
        "checked": false,
        "body_lines": [],
        "local_note": null,
        "reported": null,
        "blocked_by": null,
        "unresolved_blocker_ids": [],
        "links": [
          "https://github.com/example/repo/pull/275"
        ],
        "hold_bucket": null,
        "hold_until": null,
        "hold_age_days": null
      },
      {
        "merged": null,
        "structured": true,
        "hold_kind": null,
        "order": 276,
        "checked": false,
        "kind": "ship",
        "current_role": "queued",
        "body_lines": [],
        "reported": null,
        "local_note": null,
        "blocked_by": null,
        "unresolved_blocker_ids": [],
        "links": [
          "https://github.com/example/repo/pull/276"
        ],
        "hold_bucket": null,
        "hold_until": null,
        "hold_age_days": null,
        "title": "Contribution café 275",
        "since": null,
        "done": null,
        "hold_reason": null,
        "requires_child_metadata": false,
        "pr_url": "https://github.com/example/repo/pull/276",
        "repo": "sample",
        "completion": {
          "verb": null,
          "date": null
        },
        "captain_actionable": false,
        "hold_set": null,
        "raw": "- [ ] task-0275 - Contribution café 275 https://github.com/example/repo/pull/276 (repo: sample) (kind: ship)",
        "body_excerpt": null,
        "priority": null,
        "state": "queued",
        "id": "task-0275",
        "report_path": null,
        "blocked_reason": null,
        "blocked_by_ids": []
      },
      {
        "body_lines": [],
        "current_role": "queued",
        "kind": "ship",
        "checked": false,
        "structured": true,
        "order": 277,
        "hold_kind": null,
        "merged": null,
        "blocked_by": null,
        "unresolved_blocker_ids": [],
        "local_note": null,
        "reported": null,
        "links": [
          "https://github.com/example/repo/pull/277"
        ],
        "hold_age_days": null,
        "hold_until": null,
        "hold_bucket": null,
        "done": null,
        "hold_reason": null,
        "title": "Contribution café 276",
        "since": null,
        "hold_set": null,
        "captain_actionable": false,
        "completion": {
          "date": null,
          "verb": null
        },
        "repo": "sample",
        "pr_url": "https://github.com/example/repo/pull/277",
        "requires_child_metadata": false,
        "body_excerpt": null,
        "raw": "- [ ] task-0276 - Contribution café 276 https://github.com/example/repo/pull/277 (repo: sample) (kind: ship)",
        "blocked_reason": null,
        "blocked_by_ids": [],
        "report_path": null,
        "id": "task-0276",
        "state": "queued",
        "priority": null
      },
      {
        "order": 278,
        "structured": true,
        "hold_kind": null,
        "merged": null,
        "body_lines": [],
        "current_role": "queued",
        "kind": "ship",
        "checked": false,
        "blocked_by": null,
        "unresolved_blocker_ids": [],
        "reported": null,
        "local_note": null,
        "links": [
          "https://github.com/example/repo/pull/278"
        ],
        "hold_until": null,
        "hold_bucket": null,
        "hold_age_days": null,
        "done": null,
        "hold_reason": null,
        "since": null,
        "title": "Contribution café 277",
        "pr_url": "https://github.com/example/repo/pull/278",
        "requires_child_metadata": false,
        "captain_actionable": false,
        "completion": {
          "verb": null,
          "date": null
        },
        "hold_set": null,
        "repo": "sample",
        "body_excerpt": null,
        "raw": "- [ ] task-0277 - Contribution café 277 https://github.com/example/repo/pull/278 (repo: sample) (kind: ship)",
        "state": "queued",
        "priority": null,
        "blocked_reason": null,
        "blocked_by_ids": [],
        "report_path": null,
        "id": "task-0277"
      },
      {
        "merged": null,
        "structured": true,
        "order": 279,
        "hold_kind": null,
        "checked": false,
        "current_role": "queued",
        "kind": "ship",
        "body_lines": [],
        "reported": null,
        "local_note": null,
        "unresolved_blocker_ids": [],
        "blocked_by": null,
        "links": [
          "https://github.com/example/repo/pull/279"
        ],
        "hold_bucket": null,
        "hold_until": null,
        "hold_age_days": null,
        "since": null,
        "title": "Contribution café 278",
        "done": null,
        "hold_reason": null,
        "requires_child_metadata": false,
        "pr_url": "https://github.com/example/repo/pull/279",
        "repo": "sample",
        "hold_set": null,
        "captain_actionable": false,
        "completion": {
          "verb": null,
          "date": null
        },
        "raw": "- [ ] task-0278 - Contribution café 278 https://github.com/example/repo/pull/279 (repo: sample) (kind: ship)",
        "body_excerpt": null,
        "priority": null,
        "state": "queued",
        "id": "task-0278",
        "report_path": null,
        "blocked_reason": null,
        "blocked_by_ids": []
      },
      {
        "report_path": null,
        "blocked_reason": null,
        "blocked_by_ids": [],
        "id": "task-0279",
        "state": "queued",
        "priority": null,
        "body_excerpt": null,
        "raw": "- [ ] task-0279 - Contribution café 279 https://github.com/example/repo/pull/280 (repo: sample) (kind: ship)",
        "repo": "sample",
        "completion": {
          "date": null,
          "verb": null
        },
        "captain_actionable": false,
        "hold_set": null,
        "pr_url": "https://github.com/example/repo/pull/280",
        "requires_child_metadata": false,
        "done": null,
        "hold_reason": null,
        "title": "Contribution café 279",
        "since": null,
        "hold_age_days": null,
        "hold_until": null,
        "hold_bucket": null,
        "links": [
          "https://github.com/example/repo/pull/280"
        ],
        "blocked_by": null,
        "unresolved_blocker_ids": [],
        "reported": null,
        "local_note": null,
        "body_lines": [],
        "checked": false,
        "current_role": "queued",
        "kind": "ship",
        "merged": null,
        "structured": true,
        "order": 280,
        "hold_kind": null
      },
      {
        "done": null,
        "hold_reason": null,
        "title": "Contribution café 280",
        "since": null,
        "pr_url": "https://github.com/example/repo/pull/281",
        "requires_child_metadata": false,
        "hold_set": null,
        "captain_actionable": false,
        "completion": {
          "verb": null,
          "date": null
        },
        "repo": "sample",
        "body_excerpt": null,
        "raw": "- [ ] task-0280 - Contribution café 280 https://github.com/example/repo/pull/281 (repo: sample) (kind: ship)",
        "state": "queued",
        "priority": null,
        "blocked_by_ids": [],
        "blocked_reason": null,
        "report_path": null,
        "id": "task-0280",
        "structured": true,
        "hold_kind": null,
        "order": 281,
        "merged": null,
        "body_lines": [],
        "current_role": "queued",
        "kind": "ship",
        "checked": false,
        "blocked_by": null,
        "unresolved_blocker_ids": [],
        "reported": null,
        "local_note": null,
        "links": [
          "https://github.com/example/repo/pull/281"
        ],
        "hold_until": null,
        "hold_bucket": null,
        "hold_age_days": null
      },
      {
        "hold_until": null,
        "hold_bucket": null,
        "hold_age_days": null,
        "links": [
          "https://github.com/example/repo/pull/282"
        ],
        "unresolved_blocker_ids": [],
        "blocked_by": null,
        "local_note": null,
        "reported": null,
        "order": 282,
        "structured": true,
        "hold_kind": null,
        "merged": null,
        "body_lines": [],
        "kind": "ship",
        "current_role": "queued",
        "checked": false,
        "state": "queued",
        "priority": null,
        "blocked_by_ids": [],
        "blocked_reason": null,
        "report_path": null,
        "id": "task-0281",
        "body_excerpt": null,
        "raw": "- [ ] task-0281 - Contribution café 281 https://github.com/example/repo/pull/282 (repo: sample) (kind: ship)",
        "pr_url": "https://github.com/example/repo/pull/282",
        "requires_child_metadata": false,
        "captain_actionable": false,
        "hold_set": null,
        "completion": {
          "verb": null,
          "date": null
        },
        "repo": "sample",
        "done": null,
        "hold_reason": null,
        "title": "Contribution café 281",
        "since": null
      },
      {
        "hold_age_days": null,
        "hold_until": null,
        "hold_bucket": null,
        "links": [
          "https://github.com/example/repo/pull/283"
        ],
        "unresolved_blocker_ids": [],
        "blocked_by": null,
        "local_note": null,
        "reported": null,
        "body_lines": [],
        "checked": false,
        "kind": "ship",
        "current_role": "queued",
        "merged": null,
        "hold_kind": null,
        "order": 283,
        "structured": true,
        "report_path": null,
        "blocked_by_ids": [],
        "blocked_reason": null,
        "id": "task-0282",
        "state": "queued",
        "priority": null,
        "body_excerpt": null,
        "raw": "- [ ] task-0282 - Contribution café 282 https://github.com/example/repo/pull/283 (repo: sample) (kind: ship)",
        "repo": "sample",
        "captain_actionable": false,
        "hold_set": null,
        "completion": {
          "date": null,
          "verb": null
        },
        "pr_url": "https://github.com/example/repo/pull/283",
        "requires_child_metadata": false,
        "done": null,
        "hold_reason": null,
        "title": "Contribution café 282",
        "since": null
      },
      {
        "raw": "- [ ] task-0283 - Contribution café 283 https://github.com/example/repo/pull/284 (repo: sample) (kind: ship)",
        "body_excerpt": null,
        "priority": null,
        "state": "queued",
        "id": "task-0283",
        "report_path": null,
        "blocked_by_ids": [],
        "blocked_reason": null,
        "since": null,
        "title": "Contribution café 283",
        "done": null,
        "hold_reason": null,
        "requires_child_metadata": false,
        "pr_url": "https://github.com/example/repo/pull/284",
        "repo": "sample",
        "captain_actionable": false,
        "hold_set": null,
        "completion": {
          "verb": null,
          "date": null
        },
        "links": [
          "https://github.com/example/repo/pull/284"
        ],
        "hold_bucket": null,
        "hold_until": null,
        "hold_age_days": null,
        "merged": null,
        "structured": true,
        "order": 284,
        "hold_kind": null,
        "checked": false,
        "kind": "ship",
        "current_role": "queued",
        "body_lines": [],
        "reported": null,
        "local_note": null,
        "unresolved_blocker_ids": [],
        "blocked_by": null
      },
      {
        "hold_bucket": null,
        "hold_until": null,
        "hold_age_days": null,
        "links": [
          "https://github.com/example/repo/pull/285"
        ],
        "reported": null,
        "local_note": null,
        "unresolved_blocker_ids": [],
        "blocked_by": null,
        "merged": null,
        "structured": true,
        "order": 285,
        "hold_kind": null,
        "checked": false,
        "current_role": "queued",
        "kind": "ship",
        "body_lines": [],
        "priority": null,
        "state": "queued",
        "id": "task-0284",
        "report_path": null,
        "blocked_by_ids": [],
        "blocked_reason": null,
        "raw": "- [ ] task-0284 - Contribution café 284 https://github.com/example/repo/pull/285 (repo: sample) (kind: ship)",
        "body_excerpt": null,
        "requires_child_metadata": false,
        "pr_url": "https://github.com/example/repo/pull/285",
        "repo": "sample",
        "captain_actionable": false,
        "completion": {
          "verb": null,
          "date": null
        },
        "hold_set": null,
        "since": null,
        "title": "Contribution café 284",
        "done": null,
        "hold_reason": null
      },
      {
        "links": [
          "https://github.com/example/repo/pull/286"
        ],
        "hold_age_days": null,
        "hold_bucket": null,
        "hold_until": null,
        "checked": false,
        "kind": "ship",
        "current_role": "queued",
        "body_lines": [],
        "merged": null,
        "hold_kind": null,
        "order": 286,
        "structured": true,
        "local_note": null,
        "reported": null,
        "blocked_by": null,
        "unresolved_blocker_ids": [],
        "raw": "- [ ] task-0285 - Contribution café 285 https://github.com/example/repo/pull/286 (repo: sample) (kind: ship)",
        "body_excerpt": null,
        "id": "task-0285",
        "report_path": null,
        "blocked_reason": null,
        "blocked_by_ids": [],
        "priority": null,
        "state": "queued",
        "title": "Contribution café 285",
        "since": null,
        "done": null,
        "hold_reason": null,
        "repo": "sample",
        "hold_set": null,
        "captain_actionable": false,
        "completion": {
          "date": null,
          "verb": null
        },
        "requires_child_metadata": false,
        "pr_url": "https://github.com/example/repo/pull/286"
      },
      {
        "current_role": "queued",
        "kind": "ship",
        "checked": false,
        "body_lines": [],
        "order": 287,
        "structured": true,
        "hold_kind": null,
        "merged": null,
        "reported": null,
        "local_note": null,
        "unresolved_blocker_ids": [],
        "blocked_by": null,
        "links": [
          "https://github.com/example/repo/pull/287"
        ],
        "hold_age_days": null,
        "hold_bucket": null,
        "hold_until": null,
        "title": "Contribution café 286",
        "since": null,
        "hold_reason": null,
        "done": null,
        "completion": {
          "date": null,
          "verb": null
        },
        "captain_actionable": false,
        "hold_set": null,
        "repo": "sample",
        "requires_child_metadata": false,
        "pr_url": "https://github.com/example/repo/pull/287",
        "raw": "- [ ] task-0286 - Contribution café 286 https://github.com/example/repo/pull/287 (repo: sample) (kind: ship)",
        "body_excerpt": null,
        "id": "task-0286",
        "blocked_reason": null,
        "blocked_by_ids": [],
        "report_path": null,
        "priority": null,
        "state": "queued"
      },
      {
        "hold_age_days": null,
        "hold_bucket": null,
        "hold_until": null,
        "links": [
          "https://github.com/example/repo/pull/288"
        ],
        "local_note": null,
        "reported": null,
        "unresolved_blocker_ids": [],
        "blocked_by": null,
        "checked": false,
        "current_role": "queued",
        "kind": "ship",
        "body_lines": [],
        "merged": null,
        "hold_kind": null,
        "structured": true,
        "order": 288,
        "id": "task-0287",
        "report_path": null,
        "blocked_reason": null,
        "blocked_by_ids": [],
        "priority": null,
        "state": "queued",
        "raw": "- [ ] task-0287 - Contribution café 287 https://github.com/example/repo/pull/288 (repo: sample) (kind: ship)",
        "body_excerpt": null,
        "repo": "sample",
        "hold_set": null,
        "captain_actionable": false,
        "completion": {
          "verb": null,
          "date": null
        },
        "requires_child_metadata": false,
        "pr_url": "https://github.com/example/repo/pull/288",
        "title": "Contribution café 287",
        "since": null,
        "done": null,
        "hold_reason": null
      },
      {
        "body_excerpt": null,
        "raw": "- [ ] task-0288 - Contribution café 288 https://github.com/example/repo/pull/289 (repo: sample) (kind: ship)",
        "report_path": null,
        "blocked_by_ids": [],
        "blocked_reason": null,
        "id": "task-0288",
        "state": "queued",
        "priority": null,
        "done": null,
        "hold_reason": null,
        "title": "Contribution café 288",
        "since": null,
        "repo": "sample",
        "completion": {
          "verb": null,
          "date": null
        },
        "captain_actionable": false,
        "hold_set": null,
        "pr_url": "https://github.com/example/repo/pull/289",
        "requires_child_metadata": false,
        "links": [
          "https://github.com/example/repo/pull/289"
        ],
        "hold_age_days": null,
        "hold_until": null,
        "hold_bucket": null,
        "body_lines": [],
        "checked": false,
        "current_role": "queued",
        "kind": "ship",
        "merged": null,
        "order": 289,
        "structured": true,
        "hold_kind": null,
        "unresolved_blocker_ids": [],
        "blocked_by": null,
        "reported": null,
        "local_note": null
      },
      {
        "hold_bucket": null,
        "hold_until": null,
        "hold_age_days": null,
        "links": [
          "https://github.com/example/repo/pull/290"
        ],
        "reported": null,
        "local_note": null,
        "blocked_by": null,
        "unresolved_blocker_ids": [],
        "merged": null,
        "structured": true,
        "hold_kind": null,
        "order": 290,
        "checked": false,
        "kind": "ship",
        "current_role": "queued",
        "body_lines": [],
        "priority": null,
        "state": "queued",
        "id": "task-0289",
        "report_path": null,
        "blocked_reason": null,
        "blocked_by_ids": [],
        "raw": "- [ ] task-0289 - Contribution café 289 https://github.com/example/repo/pull/290 (repo: sample) (kind: ship)",
        "body_excerpt": null,
        "requires_child_metadata": false,
        "pr_url": "https://github.com/example/repo/pull/290",
        "repo": "sample",
        "completion": {
          "verb": null,
          "date": null
        },
        "captain_actionable": false,
        "hold_set": null,
        "title": "Contribution café 289",
        "since": null,
        "hold_reason": null,
        "done": null
      },
      {
        "hold_until": null,
        "hold_bucket": null,
        "hold_age_days": null,
        "links": [
          "https://github.com/example/repo/pull/291"
        ],
        "unresolved_blocker_ids": [],
        "blocked_by": null,
        "local_note": null,
        "reported": null,
        "order": 291,
        "hold_kind": null,
        "structured": true,
        "merged": null,
        "body_lines": [],
        "kind": "ship",
        "current_role": "queued",
        "checked": false,
        "state": "queued",
        "priority": null,
        "blocked_reason": null,
        "blocked_by_ids": [],
        "report_path": null,
        "id": "task-0290",
        "body_excerpt": null,
        "raw": "- [ ] task-0290 - Contribution café 290 https://github.com/example/repo/pull/291 (repo: sample) (kind: ship)",
        "pr_url": "https://github.com/example/repo/pull/291",
        "requires_child_metadata": false,
        "completion": {
          "date": null,
          "verb": null
        },
        "captain_actionable": false,
        "hold_set": null,
        "repo": "sample",
        "done": null,
        "hold_reason": null,
        "since": null,
        "title": "Contribution café 290"
      },
      {
        "links": [
          "https://github.com/example/repo/pull/292"
        ],
        "hold_bucket": null,
        "hold_until": null,
        "hold_age_days": null,
        "merged": null,
        "hold_kind": null,
        "order": 292,
        "structured": true,
        "checked": false,
        "kind": "ship",
        "current_role": "queued",
        "body_lines": [],
        "reported": null,
        "local_note": null,
        "unresolved_blocker_ids": [],
        "blocked_by": null,
        "raw": "- [ ] task-0291 - Contribution café 291 https://github.com/example/repo/pull/292 (repo: sample) (kind: ship)",
        "body_excerpt": null,
        "priority": null,
        "state": "queued",
        "id": "task-0291",
        "report_path": null,
        "blocked_by_ids": [],
        "blocked_reason": null,
        "title": "Contribution café 291",
        "since": null,
        "done": null,
        "hold_reason": null,
        "requires_child_metadata": false,
        "pr_url": "https://github.com/example/repo/pull/292",
        "repo": "sample",
        "completion": {
          "verb": null,
          "date": null
        },
        "captain_actionable": false,
        "hold_set": null
      },
      {
        "links": [
          "https://github.com/example/repo/pull/293"
        ],
        "hold_age_days": null,
        "hold_until": null,
        "hold_bucket": null,
        "body_lines": [],
        "checked": false,
        "current_role": "queued",
        "kind": "ship",
        "merged": null,
        "structured": true,
        "order": 293,
        "hold_kind": null,
        "blocked_by": null,
        "unresolved_blocker_ids": [],
        "reported": null,
        "local_note": null,
        "body_excerpt": null,
        "raw": "- [ ] task-0292 - Contribution café 292 https://github.com/example/repo/pull/293 (repo: sample) (kind: ship)",
        "report_path": null,
        "blocked_reason": null,
        "blocked_by_ids": [],
        "id": "task-0292",
        "state": "queued",
        "priority": null,
        "done": null,
        "hold_reason": null,
        "since": null,
        "title": "Contribution café 292",
        "repo": "sample",
        "captain_actionable": false,
        "completion": {
          "date": null,
          "verb": null
        },
        "hold_set": null,
        "pr_url": "https://github.com/example/repo/pull/293",
        "requires_child_metadata": false
      },
      {
        "title": "Contribution café 293",
        "since": null,
        "done": null,
        "hold_reason": null,
        "requires_child_metadata": false,
        "pr_url": "https://github.com/example/repo/pull/294",
        "captain_actionable": false,
        "hold_set": null,
        "completion": {
          "date": null,
          "verb": null
        },
        "repo": "sample",
        "raw": "- [ ] task-0293 - Contribution café 293 https://github.com/example/repo/pull/294 (repo: sample) (kind: ship)",
        "body_excerpt": null,
        "priority": null,
        "state": "queued",
        "id": "task-0293",
        "blocked_by_ids": [],
        "blocked_reason": null,
        "report_path": null,
        "structured": true,
        "hold_kind": null,
        "order": 294,
        "merged": null,
        "kind": "ship",
        "current_role": "queued",
        "checked": false,
        "body_lines": [],
        "reported": null,
        "local_note": null,
        "blocked_by": null,
        "unresolved_blocker_ids": [],
        "links": [
          "https://github.com/example/repo/pull/294"
        ],
        "hold_bucket": null,
        "hold_until": null,
        "hold_age_days": null
      },
      {
        "requires_child_metadata": false,
        "pr_url": "https://github.com/example/repo/pull/295",
        "repo": "sample",
        "captain_actionable": false,
        "completion": {
          "date": null,
          "verb": null
        },
        "hold_set": null,
        "title": "Contribution café 294",
        "since": null,
        "done": null,
        "hold_reason": null,
        "priority": null,
        "state": "queued",
        "id": "task-0294",
        "report_path": null,
        "blocked_by_ids": [],
        "blocked_reason": null,
        "raw": "- [ ] task-0294 - Contribution café 294 https://github.com/example/repo/pull/295 (repo: sample) (kind: ship)",
        "body_excerpt": null,
        "local_note": null,
        "reported": null,
        "blocked_by": null,
        "unresolved_blocker_ids": [],
        "merged": null,
        "hold_kind": null,
        "structured": true,
        "order": 295,
        "checked": false,
        "current_role": "queued",
        "kind": "ship",
        "body_lines": [],
        "hold_bucket": null,
        "hold_until": null,
        "hold_age_days": null,
        "links": [
          "https://github.com/example/repo/pull/295"
        ]
      },
      {
        "body_excerpt": null,
        "raw": "- [ ] task-0295 - Contribution café 295 https://github.com/example/repo/pull/296 (repo: sample) (kind: ship)",
        "state": "queued",
        "priority": null,
        "report_path": null,
        "blocked_by_ids": [],
        "blocked_reason": null,
        "id": "task-0295",
        "hold_reason": null,
        "done": null,
        "since": null,
        "title": "Contribution café 295",
        "pr_url": "https://github.com/example/repo/pull/296",
        "requires_child_metadata": false,
        "repo": "sample",
        "captain_actionable": false,
        "completion": {
          "date": null,
          "verb": null
        },
        "hold_set": null,
        "links": [
          "https://github.com/example/repo/pull/296"
        ],
        "hold_until": null,
        "hold_bucket": null,
        "hold_age_days": null,
        "merged": null,
        "order": 296,
        "hold_kind": null,
        "structured": true,
        "body_lines": [],
        "checked": false,
        "current_role": "queued",
        "kind": "ship",
        "blocked_by": null,
        "unresolved_blocker_ids": [],
        "local_note": null,
        "reported": null
      },
      {
        "links": [
          "https://github.com/example/repo/pull/297"
        ],
        "hold_age_days": null,
        "hold_bucket": null,
        "hold_until": null,
        "kind": "ship",
        "current_role": "queued",
        "checked": false,
        "body_lines": [],
        "order": 297,
        "hold_kind": null,
        "structured": true,
        "merged": null,
        "local_note": null,
        "reported": null,
        "unresolved_blocker_ids": [],
        "blocked_by": null,
        "raw": "- [ ] task-0296 - Contribution café 296 https://github.com/example/repo/pull/297 (repo: sample) (kind: ship)",
        "body_excerpt": null,
        "id": "task-0296",
        "blocked_by_ids": [],
        "blocked_reason": null,
        "report_path": null,
        "priority": null,
        "state": "queued",
        "since": null,
        "title": "Contribution café 296",
        "done": null,
        "hold_reason": null,
        "captain_actionable": false,
        "completion": {
          "verb": null,
          "date": null
        },
        "hold_set": null,
        "repo": "sample",
        "requires_child_metadata": false,
        "pr_url": "https://github.com/example/repo/pull/297"
      },
      {
        "since": null,
        "title": "Contribution café 297",
        "done": null,
        "hold_reason": null,
        "hold_set": null,
        "captain_actionable": false,
        "completion": {
          "verb": null,
          "date": null
        },
        "repo": "sample",
        "requires_child_metadata": false,
        "pr_url": "https://github.com/example/repo/pull/298",
        "raw": "- [ ] task-0297 - Contribution café 297 https://github.com/example/repo/pull/298 (repo: sample) (kind: ship)",
        "body_excerpt": null,
        "id": "task-0297",
        "blocked_reason": null,
        "blocked_by_ids": [],
        "report_path": null,
        "priority": null,
        "state": "queued",
        "current_role": "queued",
        "kind": "ship",
        "checked": false,
        "body_lines": [],
        "hold_kind": null,
        "structured": true,
        "order": 298,
        "merged": null,
        "reported": null,
        "local_note": null,
        "blocked_by": null,
        "unresolved_blocker_ids": [],
        "links": [
          "https://github.com/example/repo/pull/298"
        ],
        "hold_age_days": null,
        "hold_bucket": null,
        "hold_until": null
      },
      {
        "repo": "sample",
        "captain_actionable": false,
        "hold_set": null,
        "completion": {
          "date": null,
          "verb": null
        },
        "requires_child_metadata": false,
        "pr_url": "https://github.com/example/repo/pull/299",
        "title": "Contribution café 298",
        "since": null,
        "done": null,
        "hold_reason": null,
        "id": "task-0298",
        "report_path": null,
        "blocked_by_ids": [],
        "blocked_reason": null,
        "priority": null,
        "state": "queued",
        "raw": "- [ ] task-0298 - Contribution café 298 https://github.com/example/repo/pull/299 (repo: sample) (kind: ship)",
        "body_excerpt": null,
        "reported": null,
        "local_note": null,
        "blocked_by": null,
        "unresolved_blocker_ids": [],
        "checked": false,
        "current_role": "queued",
        "kind": "ship",
        "body_lines": [],
        "merged": null,
        "structured": true,
        "order": 299,
        "hold_kind": null,
        "hold_age_days": null,
        "hold_bucket": null,
        "hold_until": null,
        "links": [
          "https://github.com/example/repo/pull/299"
        ]
      },
      {
        "links": [
          "https://github.com/example/repo/pull/300"
        ],
        "hold_age_days": null,
        "hold_bucket": null,
        "hold_until": null,
        "current_role": "queued",
        "kind": "ship",
        "checked": false,
        "body_lines": [],
        "order": 300,
        "hold_kind": null,
        "structured": true,
        "merged": null,
        "reported": null,
        "local_note": null,
        "unresolved_blocker_ids": [],
        "blocked_by": null,
        "raw": "- [ ] task-0299 - Contribution café 299 https://github.com/example/repo/pull/300 (repo: sample) (kind: ship)",
        "body_excerpt": null,
        "id": "task-0299",
        "blocked_reason": null,
        "blocked_by_ids": [],
        "report_path": null,
        "priority": null,
        "state": "queued",
        "title": "Contribution café 299",
        "since": null,
        "done": null,
        "hold_reason": null,
        "hold_set": null,
        "captain_actionable": false,
        "completion": {
          "date": null,
          "verb": null
        },
        "repo": "sample",
        "requires_child_metadata": false,
        "pr_url": "https://github.com/example/repo/pull/300"
      },
      {
        "links": [
          "https://github.com/example/repo/pull/301"
        ],
        "hold_age_days": null,
        "hold_until": null,
        "hold_bucket": null,
        "body_lines": [],
        "current_role": "queued",
        "kind": "ship",
        "checked": false,
        "structured": true,
        "order": 301,
        "hold_kind": null,
        "merged": null,
        "blocked_by": null,
        "unresolved_blocker_ids": [],
        "local_note": null,
        "reported": null,
        "body_excerpt": null,
        "raw": "- [ ] task-0300 - Contribution café 300 https://github.com/example/repo/pull/301 (repo: sample) (kind: ship)",
        "blocked_reason": null,
        "blocked_by_ids": [],
        "report_path": null,
        "id": "task-0300",
        "state": "queued",
        "priority": null,
        "done": null,
        "hold_reason": null,
        "title": "Contribution café 300",
        "since": null,
        "captain_actionable": false,
        "hold_set": null,
        "completion": {
          "verb": null,
          "date": null
        },
        "repo": "sample",
        "pr_url": "https://github.com/example/repo/pull/301",
        "requires_child_metadata": false
      },
      {
        "body_excerpt": null,
        "raw": "- [ ] task-0301 - Contribution café 301 https://github.com/example/repo/pull/302 (repo: sample) (kind: ship)",
        "report_path": null,
        "blocked_reason": null,
        "blocked_by_ids": [],
        "id": "task-0301",
        "state": "queued",
        "priority": null,
        "done": null,
        "hold_reason": null,
        "title": "Contribution café 301",
        "since": null,
        "repo": "sample",
        "completion": {
          "verb": null,
          "date": null
        },
        "captain_actionable": false,
        "hold_set": null,
        "pr_url": "https://github.com/example/repo/pull/302",
        "requires_child_metadata": false,
        "links": [
          "https://github.com/example/repo/pull/302"
        ],
        "hold_age_days": null,
        "hold_until": null,
        "hold_bucket": null,
        "body_lines": [],
        "checked": false,
        "kind": "ship",
        "current_role": "queued",
        "merged": null,
        "structured": true,
        "hold_kind": null,
        "order": 302,
        "blocked_by": null,
        "unresolved_blocker_ids": [],
        "local_note": null,
        "reported": null
      },
      {
        "body_lines": [],
        "checked": false,
        "kind": "ship",
        "current_role": "queued",
        "merged": null,
        "structured": true,
        "order": 303,
        "hold_kind": null,
        "blocked_by": null,
        "unresolved_blocker_ids": [],
        "local_note": null,
        "reported": null,
        "links": [
          "https://github.com/example/repo/pull/303"
        ],
        "hold_age_days": null,
        "hold_until": null,
        "hold_bucket": null,
        "done": null,
        "hold_reason": null,
        "since": null,
        "title": "Contribution café 302",
        "repo": "sample",
        "captain_actionable": false,
        "hold_set": null,
        "completion": {
          "verb": null,
          "date": null
        },
        "pr_url": "https://github.com/example/repo/pull/303",
        "requires_child_metadata": false,
        "body_excerpt": null,
        "raw": "- [ ] task-0302 - Contribution café 302 https://github.com/example/repo/pull/303 (repo: sample) (kind: ship)",
        "report_path": null,
        "blocked_by_ids": [],
        "blocked_reason": null,
        "id": "task-0302",
        "state": "queued",
        "priority": null
      },
      {
        "report_path": null,
        "blocked_by_ids": [],
        "blocked_reason": null,
        "id": "task-0303",
        "state": "queued",
        "priority": null,
        "body_excerpt": null,
        "raw": "- [ ] task-0303 - Contribution café 303 https://github.com/example/repo/pull/304 (repo: sample) (kind: ship)",
        "repo": "sample",
        "hold_set": null,
        "captain_actionable": false,
        "completion": {
          "date": null,
          "verb": null
        },
        "pr_url": "https://github.com/example/repo/pull/304",
        "requires_child_metadata": false,
        "done": null,
        "hold_reason": null,
        "since": null,
        "title": "Contribution café 303",
        "hold_age_days": null,
        "hold_until": null,
        "hold_bucket": null,
        "links": [
          "https://github.com/example/repo/pull/304"
        ],
        "blocked_by": null,
        "unresolved_blocker_ids": [],
        "reported": null,
        "local_note": null,
        "body_lines": [],
        "checked": false,
        "current_role": "queued",
        "kind": "ship",
        "merged": null,
        "structured": true,
        "order": 304,
        "hold_kind": null
      },
      {
        "body_excerpt": null,
        "raw": "- [ ] task-0304 - Contribution café 304 https://github.com/example/repo/pull/305 (repo: sample) (kind: ship)",
        "blocked_by_ids": [],
        "blocked_reason": null,
        "report_path": null,
        "id": "task-0304",
        "state": "queued",
        "priority": null,
        "done": null,
        "hold_reason": null,
        "since": null,
        "title": "Contribution café 304",
        "captain_actionable": false,
        "completion": {
          "verb": null,
          "date": null
        },
        "hold_set": null,
        "repo": "sample",
        "pr_url": "https://github.com/example/repo/pull/305",
        "requires_child_metadata": false,
        "links": [
          "https://github.com/example/repo/pull/305"
        ],
        "hold_age_days": null,
        "hold_until": null,
        "hold_bucket": null,
        "body_lines": [],
        "current_role": "queued",
        "kind": "ship",
        "checked": false,
        "order": 305,
        "hold_kind": null,
        "structured": true,
        "merged": null,
        "blocked_by": null,
        "unresolved_blocker_ids": [],
        "local_note": null,
        "reported": null
      },
      {
        "structured": true,
        "hold_kind": null,
        "order": 306,
        "merged": null,
        "body_lines": [],
        "current_role": "queued",
        "kind": "ship",
        "checked": false,
        "blocked_by": null,
        "unresolved_blocker_ids": [],
        "local_note": null,
        "reported": null,
        "links": [
          "https://github.com/example/repo/pull/306"
        ],
        "hold_until": null,
        "hold_bucket": null,
        "hold_age_days": null,
        "done": null,
        "hold_reason": null,
        "since": null,
        "title": "Contribution café 305",
        "pr_url": "https://github.com/example/repo/pull/306",
        "requires_child_metadata": false,
        "captain_actionable": false,
        "completion": {
          "verb": null,
          "date": null
        },
        "hold_set": null,
        "repo": "sample",
        "body_excerpt": null,
        "raw": "- [ ] task-0305 - Contribution café 305 https://github.com/example/repo/pull/306 (repo: sample) (kind: ship)",
        "state": "queued",
        "priority": null,
        "blocked_reason": null,
        "blocked_by_ids": [],
        "report_path": null,
        "id": "task-0305"
      },
      {
        "merged": null,
        "order": 307,
        "structured": true,
        "hold_kind": null,
        "body_lines": [],
        "checked": false,
        "current_role": "queued",
        "kind": "ship",
        "unresolved_blocker_ids": [],
        "blocked_by": null,
        "local_note": null,
        "reported": null,
        "links": [
          "https://github.com/example/repo/pull/307"
        ],
        "hold_until": null,
        "hold_bucket": null,
        "hold_age_days": null,
        "hold_reason": null,
        "done": null,
        "title": "Contribution café 306",
        "since": null,
        "pr_url": "https://github.com/example/repo/pull/307",
        "requires_child_metadata": false,
        "repo": "sample",
        "completion": {
          "verb": null,
          "date": null
        },
        "captain_actionable": false,
        "hold_set": null,
        "body_excerpt": null,
        "raw": "- [ ] task-0306 - Contribution café 306 https://github.com/example/repo/pull/307 (repo: sample) (kind: ship)",
        "state": "queued",
        "priority": null,
        "report_path": null,
        "blocked_by_ids": [],
        "blocked_reason": null,
        "id": "task-0306"
      },
      {
        "priority": null,
        "state": "queued",
        "id": "task-0307",
        "blocked_by_ids": [],
        "blocked_reason": null,
        "report_path": null,
        "raw": "- [ ] task-0307 - Contribution café 307 https://github.com/example/repo/pull/308 (repo: sample) (kind: ship)",
        "body_excerpt": null,
        "requires_child_metadata": false,
        "pr_url": "https://github.com/example/repo/pull/308",
        "captain_actionable": false,
        "hold_set": null,
        "completion": {
          "date": null,
          "verb": null
        },
        "repo": "sample",
        "title": "Contribution café 307",
        "since": null,
        "done": null,
        "hold_reason": null,
        "hold_bucket": null,
        "hold_until": null,
        "hold_age_days": null,
        "links": [
          "https://github.com/example/repo/pull/308"
        ],
        "local_note": null,
        "reported": null,
        "blocked_by": null,
        "unresolved_blocker_ids": [],
        "structured": true,
        "order": 308,
        "hold_kind": null,
        "merged": null,
        "current_role": "queued",
        "kind": "ship",
        "checked": false,
        "body_lines": []
      },
      {
        "local_note": null,
        "reported": null,
        "blocked_by": null,
        "unresolved_blocker_ids": [],
        "structured": true,
        "order": 309,
        "hold_kind": null,
        "merged": null,
        "current_role": "queued",
        "kind": "ship",
        "checked": false,
        "body_lines": [],
        "hold_bucket": null,
        "hold_until": null,
        "hold_age_days": null,
        "links": [
          "https://github.com/example/repo/pull/309"
        ],
        "requires_child_metadata": false,
        "pr_url": "https://github.com/example/repo/pull/309",
        "captain_actionable": false,
        "hold_set": null,
        "completion": {
          "date": null,
          "verb": null
        },
        "repo": "sample",
        "title": "Contribution café 308",
        "since": null,
        "done": null,
        "hold_reason": null,
        "priority": null,
        "state": "queued",
        "id": "task-0308",
        "blocked_by_ids": [],
        "blocked_reason": null,
        "report_path": null,
        "raw": "- [ ] task-0308 - Contribution café 308 https://github.com/example/repo/pull/309 (repo: sample) (kind: ship)",
        "body_excerpt": null
      },
      {
        "title": "Contribution café 309",
        "since": null,
        "hold_reason": null,
        "done": null,
        "requires_child_metadata": false,
        "pr_url": "https://github.com/example/repo/pull/310",
        "completion": {
          "verb": null,
          "date": null
        },
        "captain_actionable": false,
        "hold_set": null,
        "repo": "sample",
        "raw": "- [ ] task-0309 - Contribution café 309 https://github.com/example/repo/pull/310 (repo: sample) (kind: ship)",
        "body_excerpt": null,
        "priority": null,
        "state": "queued",
        "id": "task-0309",
        "blocked_by_ids": [],
        "blocked_reason": null,
        "report_path": null,
        "hold_kind": null,
        "order": 310,
        "structured": true,
        "merged": null,
        "current_role": "queued",
        "kind": "ship",
        "checked": false,
        "body_lines": [],
        "reported": null,
        "local_note": null,
        "blocked_by": null,
        "unresolved_blocker_ids": [],
        "links": [
          "https://github.com/example/repo/pull/310"
        ],
        "hold_bucket": null,
        "hold_until": null,
        "hold_age_days": null
      },
      {
        "hold_age_days": null,
        "hold_until": null,
        "hold_bucket": null,
        "links": [
          "https://github.com/example/repo/pull/311"
        ],
        "blocked_by": null,
        "unresolved_blocker_ids": [],
        "local_note": null,
        "reported": null,
        "body_lines": [],
        "current_role": "queued",
        "kind": "ship",
        "checked": false,
        "structured": true,
        "hold_kind": null,
        "order": 311,
        "merged": null,
        "blocked_by_ids": [],
        "blocked_reason": null,
        "report_path": null,
        "id": "task-0310",
        "state": "queued",
        "priority": null,
        "body_excerpt": null,
        "raw": "- [ ] task-0310 - Contribution café 310 https://github.com/example/repo/pull/311 (repo: sample) (kind: ship)",
        "hold_set": null,
        "captain_actionable": false,
        "completion": {
          "date": null,
          "verb": null
        },
        "repo": "sample",
        "pr_url": "https://github.com/example/repo/pull/311",
        "requires_child_metadata": false,
        "done": null,
        "hold_reason": null,
        "since": null,
        "title": "Contribution café 310"
      },
      {
        "priority": null,
        "state": "queued",
        "id": "task-0311",
        "blocked_reason": null,
        "blocked_by_ids": [],
        "report_path": null,
        "raw": "- [ ] task-0311 - Contribution café 311 https://github.com/example/repo/pull/312 (repo: sample) (kind: ship)",
        "body_excerpt": null,
        "requires_child_metadata": false,
        "pr_url": "https://github.com/example/repo/pull/312",
        "captain_actionable": false,
        "completion": {
          "verb": null,
          "date": null
        },
        "hold_set": null,
        "repo": "sample",
        "title": "Contribution café 311",
        "since": null,
        "done": null,
        "hold_reason": null,
        "hold_bucket": null,
        "hold_until": null,
        "hold_age_days": null,
        "links": [
          "https://github.com/example/repo/pull/312"
        ],
        "local_note": null,
        "reported": null,
        "blocked_by": null,
        "unresolved_blocker_ids": [],
        "structured": true,
        "hold_kind": null,
        "order": 312,
        "merged": null,
        "kind": "ship",
        "current_role": "queued",
        "checked": false,
        "body_lines": []
      },
      {
        "hold_age_days": null,
        "hold_until": null,
        "hold_bucket": null,
        "links": [
          "https://github.com/example/repo/pull/313"
        ],
        "blocked_by": null,
        "unresolved_blocker_ids": [],
        "reported": null,
        "local_note": null,
        "body_lines": [],
        "current_role": "queued",
        "kind": "ship",
        "checked": false,
        "structured": true,
        "hold_kind": null,
        "order": 313,
        "merged": null,
        "blocked_by_ids": [],
        "blocked_reason": null,
        "report_path": null,
        "id": "task-0312",
        "state": "queued",
        "priority": null,
        "body_excerpt": null,
        "raw": "- [ ] task-0312 - Contribution café 312 https://github.com/example/repo/pull/313 (repo: sample) (kind: ship)",
        "captain_actionable": false,
        "completion": {
          "verb": null,
          "date": null
        },
        "hold_set": null,
        "repo": "sample",
        "pr_url": "https://github.com/example/repo/pull/313",
        "requires_child_metadata": false,
        "done": null,
        "hold_reason": null,
        "title": "Contribution café 312",
        "since": null
      },
      {
        "raw": "- [ ] task-0313 - Contribution café 313 https://github.com/example/repo/pull/314 (repo: sample) (kind: ship)",
        "body_excerpt": null,
        "priority": null,
        "state": "queued",
        "id": "task-0313",
        "blocked_by_ids": [],
        "blocked_reason": null,
        "report_path": null,
        "since": null,
        "title": "Contribution café 313",
        "done": null,
        "hold_reason": null,
        "requires_child_metadata": false,
        "pr_url": "https://github.com/example/repo/pull/314",
        "captain_actionable": false,
        "completion": {
          "verb": null,
          "date": null
        },
        "hold_set": null,
        "repo": "sample",
        "links": [
          "https://github.com/example/repo/pull/314"
        ],
        "hold_bucket": null,
        "hold_until": null,
        "hold_age_days": null,
        "order": 314,
        "structured": true,
        "hold_kind": null,
        "merged": null,
        "kind": "ship",
        "current_role": "queued",
        "checked": false,
        "body_lines": [],
        "reported": null,
        "local_note": null,
        "blocked_by": null,
        "unresolved_blocker_ids": []
      },
      {
        "hold_bucket": null,
        "hold_until": null,
        "hold_age_days": null,
        "links": [
          "https://github.com/example/repo/pull/315"
        ],
        "local_note": null,
        "reported": null,
        "blocked_by": null,
        "unresolved_blocker_ids": [],
        "structured": true,
        "hold_kind": null,
        "order": 315,
        "merged": null,
        "current_role": "queued",
        "kind": "ship",
        "checked": false,
        "body_lines": [],
        "priority": null,
        "state": "queued",
        "id": "task-0314",
        "blocked_by_ids": [],
        "blocked_reason": null,
        "report_path": null,
        "raw": "- [ ] task-0314 - Contribution café 314 https://github.com/example/repo/pull/315 (repo: sample) (kind: ship)",
        "body_excerpt": null,
        "requires_child_metadata": false,
        "pr_url": "https://github.com/example/repo/pull/315",
        "captain_actionable": false,
        "hold_set": null,
        "completion": {
          "date": null,
          "verb": null
        },
        "repo": "sample",
        "title": "Contribution café 314",
        "since": null,
        "done": null,
        "hold_reason": null
      },
      {
        "hold_age_days": null,
        "hold_bucket": null,
        "hold_until": null,
        "links": [
          "https://github.com/example/repo/pull/316"
        ],
        "reported": null,
        "local_note": null,
        "blocked_by": null,
        "unresolved_blocker_ids": [],
        "checked": false,
        "current_role": "queued",
        "kind": "ship",
        "body_lines": [],
        "merged": null,
        "hold_kind": null,
        "order": 316,
        "structured": true,
        "id": "task-0315",
        "report_path": null,
        "blocked_reason": null,
        "blocked_by_ids": [],
        "priority": null,
        "state": "queued",
        "raw": "- [ ] task-0315 - Contribution café 315 https://github.com/example/repo/pull/316 (repo: sample) (kind: ship)",
        "body_excerpt": null,
        "repo": "sample",
        "captain_actionable": false,
        "completion": {
          "date": null,
          "verb": null
        },
        "hold_set": null,
        "requires_child_metadata": false,
        "pr_url": "https://github.com/example/repo/pull/316",
        "title": "Contribution café 315",
        "since": null,
        "done": null,
        "hold_reason": null
      },
      {
        "title": "Contribution café 316",
        "since": null,
        "hold_reason": null,
        "done": null,
        "requires_child_metadata": false,
        "pr_url": "https://github.com/example/repo/pull/317",
        "hold_set": null,
        "captain_actionable": false,
        "completion": {
          "date": null,
          "verb": null
        },
        "repo": "sample",
        "raw": "- [ ] task-0316 - Contribution café 316 https://github.com/example/repo/pull/317 (repo: sample) (kind: ship)",
        "body_excerpt": null,
        "priority": null,
        "state": "queued",
        "id": "task-0316",
        "blocked_reason": null,
        "blocked_by_ids": [],
        "report_path": null,
        "structured": true,
        "hold_kind": null,
        "order": 317,
        "merged": null,
        "current_role": "queued",
        "kind": "ship",
        "checked": false,
        "body_lines": [],
        "reported": null,
        "local_note": null,
        "unresolved_blocker_ids": [],
        "blocked_by": null,
        "links": [
          "https://github.com/example/repo/pull/317"
        ],
        "hold_bucket": null,
        "hold_until": null,
        "hold_age_days": null
      },
      {
        "hold_bucket": null,
        "hold_until": null,
        "hold_age_days": null,
        "links": [
          "https://github.com/example/repo/pull/318"
        ],
        "local_note": null,
        "reported": null,
        "unresolved_blocker_ids": [],
        "blocked_by": null,
        "merged": null,
        "order": 318,
        "structured": true,
        "hold_kind": null,
        "checked": false,
        "current_role": "queued",
        "kind": "ship",
        "body_lines": [],
        "priority": null,
        "state": "queued",
        "id": "task-0317",
        "report_path": null,
        "blocked_reason": null,
        "blocked_by_ids": [],
        "raw": "- [ ] task-0317 - Contribution café 317 https://github.com/example/repo/pull/318 (repo: sample) (kind: ship)",
        "body_excerpt": null,
        "requires_child_metadata": false,
        "pr_url": "https://github.com/example/repo/pull/318",
        "repo": "sample",
        "captain_actionable": false,
        "completion": {
          "date": null,
          "verb": null
        },
        "hold_set": null,
        "title": "Contribution café 317",
        "since": null,
        "done": null,
        "hold_reason": null
      },
      {
        "id": "task-0318",
        "report_path": null,
        "blocked_reason": null,
        "blocked_by_ids": [],
        "priority": null,
        "state": "queued",
        "raw": "- [ ] task-0318 - Contribution café 318 https://github.com/example/repo/pull/319 (repo: sample) (kind: ship)",
        "body_excerpt": null,
        "repo": "sample",
        "completion": {
          "verb": null,
          "date": null
        },
        "captain_actionable": false,
        "hold_set": null,
        "requires_child_metadata": false,
        "pr_url": "https://github.com/example/repo/pull/319",
        "since": null,
        "title": "Contribution café 318",
        "done": null,
        "hold_reason": null,
        "hold_age_days": null,
        "hold_bucket": null,
        "hold_until": null,
        "links": [
          "https://github.com/example/repo/pull/319"
        ],
        "local_note": null,
        "reported": null,
        "unresolved_blocker_ids": [],
        "blocked_by": null,
        "checked": false,
        "kind": "ship",
        "current_role": "queued",
        "body_lines": [],
        "merged": null,
        "hold_kind": null,
        "order": 319,
        "structured": true
      },
      {
        "hold_until": null,
        "hold_bucket": null,
        "hold_age_days": null,
        "links": [
          "https://github.com/example/repo/pull/320"
        ],
        "blocked_by": null,
        "unresolved_blocker_ids": [],
        "local_note": null,
        "reported": null,
        "merged": null,
        "hold_kind": null,
        "structured": true,
        "order": 320,
        "body_lines": [],
        "checked": false,
        "kind": "ship",
        "current_role": "queued",
        "state": "queued",
        "priority": null,
        "report_path": null,
        "blocked_reason": null,
        "blocked_by_ids": [],
        "id": "task-0319",
        "body_excerpt": null,
        "raw": "- [ ] task-0319 - Contribution café 319 https://github.com/example/repo/pull/320 (repo: sample) (kind: ship)",
        "pr_url": "https://github.com/example/repo/pull/320",
        "requires_child_metadata": false,
        "repo": "sample",
        "captain_actionable": false,
        "hold_set": null,
        "completion": {
          "verb": null,
          "date": null
        },
        "done": null,
        "hold_reason": null,
        "title": "Contribution café 319",
        "since": null
      },
      {
        "checked": false,
        "kind": "ship",
        "current_role": "queued",
        "body_lines": [],
        "merged": null,
        "order": 321,
        "structured": true,
        "hold_kind": null,
        "reported": null,
        "local_note": null,
        "blocked_by": null,
        "unresolved_blocker_ids": [],
        "links": [
          "https://github.com/example/repo/pull/321"
        ],
        "hold_age_days": null,
        "hold_bucket": null,
        "hold_until": null,
        "since": null,
        "title": "Contribution café 320",
        "done": null,
        "hold_reason": null,
        "repo": "sample",
        "hold_set": null,
        "captain_actionable": false,
        "completion": {
          "verb": null,
          "date": null
        },
        "requires_child_metadata": false,
        "pr_url": "https://github.com/example/repo/pull/321",
        "raw": "- [ ] task-0320 - Contribution café 320 https://github.com/example/repo/pull/321 (repo: sample) (kind: ship)",
        "body_excerpt": null,
        "id": "task-0320",
        "report_path": null,
        "blocked_by_ids": [],
        "blocked_reason": null,
        "priority": null,
        "state": "queued"
      },
      {
        "done": null,
        "hold_reason": null,
        "since": null,
        "title": "Contribution café 321",
        "pr_url": "https://github.com/example/repo/pull/322",
        "requires_child_metadata": false,
        "repo": "sample",
        "captain_actionable": false,
        "completion": {
          "verb": null,
          "date": null
        },
        "hold_set": null,
        "body_excerpt": null,
        "raw": "- [ ] task-0321 - Contribution café 321 https://github.com/example/repo/pull/322 (repo: sample) (kind: ship)",
        "state": "queued",
        "priority": null,
        "report_path": null,
        "blocked_by_ids": [],
        "blocked_reason": null,
        "id": "task-0321",
        "merged": null,
        "structured": true,
        "order": 322,
        "hold_kind": null,
        "body_lines": [],
        "checked": false,
        "current_role": "queued",
        "kind": "ship",
        "blocked_by": null,
        "unresolved_blocker_ids": [],
        "reported": null,
        "local_note": null,
        "links": [
          "https://github.com/example/repo/pull/322"
        ],
        "hold_until": null,
        "hold_bucket": null,
        "hold_age_days": null
      },
      {
        "id": "task-0322",
        "blocked_by_ids": [],
        "blocked_reason": null,
        "report_path": null,
        "priority": null,
        "state": "queued",
        "raw": "- [ ] task-0322 - Contribution café 322 https://github.com/example/repo/pull/323 (repo: sample) (kind: ship)",
        "body_excerpt": null,
        "captain_actionable": false,
        "hold_set": null,
        "completion": {
          "date": null,
          "verb": null
        },
        "repo": "sample",
        "requires_child_metadata": false,
        "pr_url": "https://github.com/example/repo/pull/323",
        "since": null,
        "title": "Contribution café 322",
        "done": null,
        "hold_reason": null,
        "hold_age_days": null,
        "hold_bucket": null,
        "hold_until": null,
        "links": [
          "https://github.com/example/repo/pull/323"
        ],
        "reported": null,
        "local_note": null,
        "unresolved_blocker_ids": [],
        "blocked_by": null,
        "current_role": "queued",
        "kind": "ship",
        "checked": false,
        "body_lines": [],
        "hold_kind": null,
        "structured": true,
        "order": 323,
        "merged": null
      },
      {
        "structured": true,
        "hold_kind": null,
        "order": 324,
        "merged": null,
        "body_lines": [],
        "current_role": "queued",
        "kind": "ship",
        "checked": false,
        "blocked_by": null,
        "unresolved_blocker_ids": [],
        "reported": null,
        "local_note": null,
        "links": [
          "https://github.com/example/repo/pull/324"
        ],
        "hold_until": null,
        "hold_bucket": null,
        "hold_age_days": null,
        "done": null,
        "hold_reason": null,
        "title": "Contribution café 323",
        "since": null,
        "pr_url": "https://github.com/example/repo/pull/324",
        "requires_child_metadata": false,
        "hold_set": null,
        "captain_actionable": false,
        "completion": {
          "verb": null,
          "date": null
        },
        "repo": "sample",
        "body_excerpt": null,
        "raw": "- [ ] task-0323 - Contribution café 323 https://github.com/example/repo/pull/324 (repo: sample) (kind: ship)",
        "state": "queued",
        "priority": null,
        "blocked_reason": null,
        "blocked_by_ids": [],
        "report_path": null,
        "id": "task-0323"
      },
      {
        "title": "Contribution café 324",
        "since": null,
        "done": null,
        "hold_reason": null,
        "repo": "sample",
        "hold_set": null,
        "captain_actionable": false,
        "completion": {
          "verb": null,
          "date": null
        },
        "requires_child_metadata": false,
        "pr_url": "https://github.com/example/repo/pull/325",
        "raw": "- [ ] task-0324 - Contribution café 324 https://github.com/example/repo/pull/325 (repo: sample) (kind: ship)",
        "body_excerpt": null,
        "id": "task-0324",
        "report_path": null,
        "blocked_reason": null,
        "blocked_by_ids": [],
        "priority": null,
        "state": "queued",
        "checked": false,
        "kind": "ship",
        "current_role": "queued",
        "body_lines": [],
        "merged": null,
        "structured": true,
        "hold_kind": null,
        "order": 325,
        "reported": null,
        "local_note": null,
        "blocked_by": null,
        "unresolved_blocker_ids": [],
        "links": [
          "https://github.com/example/repo/pull/325"
        ],
        "hold_age_days": null,
        "hold_bucket": null,
        "hold_until": null
      },
      {
        "reported": null,
        "local_note": null,
        "unresolved_blocker_ids": [],
        "blocked_by": null,
        "checked": false,
        "kind": "ship",
        "current_role": "queued",
        "body_lines": [],
        "merged": null,
        "order": 326,
        "structured": true,
        "hold_kind": null,
        "hold_age_days": null,
        "hold_bucket": null,
        "hold_until": null,
        "links": [
          "https://github.com/example/repo/pull/326"
        ],
        "repo": "sample",
        "completion": {
          "date": null,
          "verb": null
        },
        "captain_actionable": false,
        "hold_set": null,
        "requires_child_metadata": false,
        "pr_url": "https://github.com/example/repo/pull/326",
        "since": null,
        "title": "Contribution café 325",
        "done": null,
        "hold_reason": null,
        "id": "task-0325",
        "report_path": null,
        "blocked_by_ids": [],
        "blocked_reason": null,
        "priority": null,
        "state": "queued",
        "raw": "- [ ] task-0325 - Contribution café 325 https://github.com/example/repo/pull/326 (repo: sample) (kind: ship)",
        "body_excerpt": null
      },
      {
        "body_excerpt": null,
        "raw": "- [ ] task-0326 - Contribution café 326 https://github.com/example/repo/pull/327 (repo: sample) (kind: ship)",
        "report_path": null,
        "blocked_by_ids": [],
        "blocked_reason": null,
        "id": "task-0326",
        "state": "queued",
        "priority": null,
        "done": null,
        "hold_reason": null,
        "title": "Contribution café 326",
        "since": null,
        "repo": "sample",
        "captain_actionable": false,
        "hold_set": null,
        "completion": {
          "verb": null,
          "date": null
        },
        "pr_url": "https://github.com/example/repo/pull/327",
        "requires_child_metadata": false,
        "links": [
          "https://github.com/example/repo/pull/327"
        ],
        "hold_age_days": null,
        "hold_until": null,
        "hold_bucket": null,
        "body_lines": [],
        "checked": false,
        "current_role": "queued",
        "kind": "ship",
        "merged": null,
        "order": 327,
        "structured": true,
        "hold_kind": null,
        "blocked_by": null,
        "unresolved_blocker_ids": [],
        "reported": null,
        "local_note": null
      },
      {
        "body_excerpt": null,
        "raw": "- [ ] task-0327 - Contribution café 327 https://github.com/example/repo/pull/328 (repo: sample) (kind: ship)",
        "report_path": null,
        "blocked_reason": null,
        "blocked_by_ids": [],
        "id": "task-0327",
        "state": "queued",
        "priority": null,
        "done": null,
        "hold_reason": null,
        "since": null,
        "title": "Contribution café 327",
        "repo": "sample",
        "captain_actionable": false,
        "hold_set": null,
        "completion": {
          "date": null,
          "verb": null
        },
        "pr_url": "https://github.com/example/repo/pull/328",
        "requires_child_metadata": false,
        "links": [
          "https://github.com/example/repo/pull/328"
        ],
        "hold_age_days": null,
        "hold_until": null,
        "hold_bucket": null,
        "body_lines": [],
        "checked": false,
        "current_role": "queued",
        "kind": "ship",
        "merged": null,
        "order": 328,
        "structured": true,
        "hold_kind": null,
        "unresolved_blocker_ids": [],
        "blocked_by": null,
        "local_note": null,
        "reported": null
      },
      {
        "raw": "- [ ] task-0328 - Contribution café 328 https://github.com/example/repo/pull/329 (repo: sample) (kind: ship)",
        "body_excerpt": null,
        "id": "task-0328",
        "blocked_reason": null,
        "blocked_by_ids": [],
        "report_path": null,
        "priority": null,
        "state": "queued",
        "since": null,
        "title": "Contribution café 328",
        "done": null,
        "hold_reason": null,
        "captain_actionable": false,
        "hold_set": null,
        "completion": {
          "date": null,
          "verb": null
        },
        "repo": "sample",
        "requires_child_metadata": false,
        "pr_url": "https://github.com/example/repo/pull/329",
        "links": [
          "https://github.com/example/repo/pull/329"
        ],
        "hold_age_days": null,
        "hold_bucket": null,
        "hold_until": null,
        "current_role": "queued",
        "kind": "ship",
        "checked": false,
        "body_lines": [],
        "structured": true,
        "hold_kind": null,
        "order": 329,
        "merged": null,
        "local_note": null,
        "reported": null,
        "blocked_by": null,
        "unresolved_blocker_ids": []
      },
      {
        "checked": false,
        "current_role": "queued",
        "kind": "ship",
        "body_lines": [],
        "merged": null,
        "structured": true,
        "order": 330,
        "hold_kind": null,
        "reported": null,
        "local_note": null,
        "unresolved_blocker_ids": [],
        "blocked_by": null,
        "links": [
          "https://github.com/example/repo/pull/330"
        ],
        "hold_age_days": null,
        "hold_bucket": null,
        "hold_until": null,
        "title": "Contribution café 329",
        "since": null,
        "done": null,
        "hold_reason": null,
        "repo": "sample",
        "captain_actionable": false,
        "hold_set": null,
        "completion": {
          "date": null,
          "verb": null
        },
        "requires_child_metadata": false,
        "pr_url": "https://github.com/example/repo/pull/330",
        "raw": "- [ ] task-0329 - Contribution café 329 https://github.com/example/repo/pull/330 (repo: sample) (kind: ship)",
        "body_excerpt": null,
        "id": "task-0329",
        "report_path": null,
        "blocked_reason": null,
        "blocked_by_ids": [],
        "priority": null,
        "state": "queued"
      },
      {
        "hold_until": null,
        "hold_bucket": null,
        "hold_age_days": null,
        "links": [
          "https://github.com/example/repo/pull/331"
        ],
        "blocked_by": null,
        "unresolved_blocker_ids": [],
        "reported": null,
        "local_note": null,
        "merged": null,
        "order": 331,
        "structured": true,
        "hold_kind": null,
        "body_lines": [],
        "checked": false,
        "current_role": "queued",
        "kind": "ship",
        "state": "queued",
        "priority": null,
        "report_path": null,
        "blocked_reason": null,
        "blocked_by_ids": [],
        "id": "task-0330",
        "body_excerpt": null,
        "raw": "- [ ] task-0330 - Contribution café 330 https://github.com/example/repo/pull/331 (repo: sample) (kind: ship)",
        "pr_url": "https://github.com/example/repo/pull/331",
        "requires_child_metadata": false,
        "repo": "sample",
        "completion": {
          "verb": null,
          "date": null
        },
        "captain_actionable": false,
        "hold_set": null,
        "hold_reason": null,
        "done": null,
        "title": "Contribution café 330",
        "since": null
      },
      {
        "repo": "sample",
        "captain_actionable": false,
        "hold_set": null,
        "completion": {
          "date": null,
          "verb": null
        },
        "requires_child_metadata": false,
        "pr_url": "https://github.com/example/repo/pull/332",
        "since": null,
        "title": "Contribution café 331",
        "done": null,
        "hold_reason": null,
        "id": "task-0331",
        "report_path": null,
        "blocked_by_ids": [],
        "blocked_reason": null,
        "priority": null,
        "state": "queued",
        "raw": "- [ ] task-0331 - Contribution café 331 https://github.com/example/repo/pull/332 (repo: sample) (kind: ship)",
        "body_excerpt": null,
        "local_note": null,
        "reported": null,
        "unresolved_blocker_ids": [],
        "blocked_by": null,
        "checked": false,
        "current_role": "queued",
        "kind": "ship",
        "body_lines": [],
        "merged": null,
        "hold_kind": null,
        "order": 332,
        "structured": true,
        "hold_age_days": null,
        "hold_bucket": null,
        "hold_until": null,
        "links": [
          "https://github.com/example/repo/pull/332"
        ]
      },
      {
        "hold_until": null,
        "hold_bucket": null,
        "hold_age_days": null,
        "links": [
          "https://github.com/example/repo/pull/333"
        ],
        "unresolved_blocker_ids": [],
        "blocked_by": null,
        "local_note": null,
        "reported": null,
        "order": 333,
        "structured": true,
        "hold_kind": null,
        "merged": null,
        "body_lines": [],
        "current_role": "queued",
        "kind": "ship",
        "checked": false,
        "state": "queued",
        "priority": null,
        "blocked_by_ids": [],
        "blocked_reason": null,
        "report_path": null,
        "id": "task-0332",
        "body_excerpt": null,
        "raw": "- [ ] task-0332 - Contribution café 332 https://github.com/example/repo/pull/333 (repo: sample) (kind: ship)",
        "pr_url": "https://github.com/example/repo/pull/333",
        "requires_child_metadata": false,
        "hold_set": null,
        "captain_actionable": false,
        "completion": {
          "date": null,
          "verb": null
        },
        "repo": "sample",
        "done": null,
        "hold_reason": null,
        "since": null,
        "title": "Contribution café 332"
      },
      {
        "links": [
          "https://github.com/example/repo/pull/334"
        ],
        "hold_age_days": null,
        "hold_until": null,
        "hold_bucket": null,
        "body_lines": [],
        "checked": false,
        "current_role": "queued",
        "kind": "ship",
        "merged": null,
        "hold_kind": null,
        "order": 334,
        "structured": true,
        "unresolved_blocker_ids": [],
        "blocked_by": null,
        "reported": null,
        "local_note": null,
        "body_excerpt": null,
        "raw": "- [ ] task-0333 - Contribution café 333 https://github.com/example/repo/pull/334 (repo: sample) (kind: ship)",
        "report_path": null,
        "blocked_by_ids": [],
        "blocked_reason": null,
        "id": "task-0333",
        "state": "queued",
        "priority": null,
        "done": null,
        "hold_reason": null,
        "title": "Contribution café 333",
        "since": null,
        "repo": "sample",
        "hold_set": null,
        "captain_actionable": false,
        "completion": {
          "verb": null,
          "date": null
        },
        "pr_url": "https://github.com/example/repo/pull/334",
        "requires_child_metadata": false
      },
      {
        "hold_bucket": null,
        "hold_until": null,
        "hold_age_days": null,
        "links": [
          "https://github.com/example/repo/pull/335"
        ],
        "local_note": null,
        "reported": null,
        "blocked_by": null,
        "unresolved_blocker_ids": [],
        "merged": null,
        "structured": true,
        "hold_kind": null,
        "order": 335,
        "checked": false,
        "current_role": "queued",
        "kind": "ship",
        "body_lines": [],
        "priority": null,
        "state": "queued",
        "id": "task-0334",
        "report_path": null,
        "blocked_reason": null,
        "blocked_by_ids": [],
        "raw": "- [ ] task-0334 - Contribution café 334 https://github.com/example/repo/pull/335 (repo: sample) (kind: ship)",
        "body_excerpt": null,
        "requires_child_metadata": false,
        "pr_url": "https://github.com/example/repo/pull/335",
        "repo": "sample",
        "captain_actionable": false,
        "hold_set": null,
        "completion": {
          "date": null,
          "verb": null
        },
        "since": null,
        "title": "Contribution café 334",
        "done": null,
        "hold_reason": null
      },
      {
        "title": "Contribution café 335",
        "since": null,
        "done": null,
        "hold_reason": null,
        "repo": "sample",
        "hold_set": null,
        "captain_actionable": false,
        "completion": {
          "date": null,
          "verb": null
        },
        "requires_child_metadata": false,
        "pr_url": "https://github.com/example/repo/pull/336",
        "raw": "- [ ] task-0335 - Contribution café 335 https://github.com/example/repo/pull/336 (repo: sample) (kind: ship)",
        "body_excerpt": null,
        "id": "task-0335",
        "report_path": null,
        "blocked_by_ids": [],
        "blocked_reason": null,
        "priority": null,
        "state": "queued",
        "checked": false,
        "kind": "ship",
        "current_role": "queued",
        "body_lines": [],
        "merged": null,
        "structured": true,
        "hold_kind": null,
        "order": 336,
        "reported": null,
        "local_note": null,
        "unresolved_blocker_ids": [],
        "blocked_by": null,
        "links": [
          "https://github.com/example/repo/pull/336"
        ],
        "hold_age_days": null,
        "hold_bucket": null,
        "hold_until": null
      },
      {
        "body_excerpt": null,
        "raw": "- [ ] task-0336 - Contribution café 336 https://github.com/example/repo/pull/337 (repo: sample) (kind: ship)",
        "state": "queued",
        "priority": null,
        "report_path": null,
        "blocked_by_ids": [],
        "blocked_reason": null,
        "id": "task-0336",
        "done": null,
        "hold_reason": null,
        "title": "Contribution café 336",
        "since": null,
        "pr_url": "https://github.com/example/repo/pull/337",
        "requires_child_metadata": false,
        "repo": "sample",
        "hold_set": null,
        "captain_actionable": false,
        "completion": {
          "verb": null,
          "date": null
        },
        "links": [
          "https://github.com/example/repo/pull/337"
        ],
        "hold_until": null,
        "hold_bucket": null,
        "hold_age_days": null,
        "merged": null,
        "hold_kind": null,
        "order": 337,
        "structured": true,
        "body_lines": [],
        "checked": false,
        "kind": "ship",
        "current_role": "queued",
        "blocked_by": null,
        "unresolved_blocker_ids": [],
        "reported": null,
        "local_note": null
      },
      {
        "unresolved_blocker_ids": [],
        "blocked_by": null,
        "local_note": null,
        "reported": null,
        "body_lines": [],
        "kind": "ship",
        "current_role": "queued",
        "checked": false,
        "order": 338,
        "structured": true,
        "hold_kind": null,
        "merged": null,
        "hold_age_days": null,
        "hold_until": null,
        "hold_bucket": null,
        "links": [
          "https://github.com/example/repo/pull/338"
        ],
        "captain_actionable": false,
        "hold_set": null,
        "completion": {
          "date": null,
          "verb": null
        },
        "repo": "sample",
        "pr_url": "https://github.com/example/repo/pull/338",
        "requires_child_metadata": false,
        "done": null,
        "hold_reason": null,
        "title": "Contribution café 337",
        "since": null,
        "blocked_reason": null,
        "blocked_by_ids": [],
        "report_path": null,
        "id": "task-0337",
        "state": "queued",
        "priority": null,
        "body_excerpt": null,
        "raw": "- [ ] task-0337 - Contribution café 337 https://github.com/example/repo/pull/338 (repo: sample) (kind: ship)"
      },
      {
        "structured": true,
        "order": 339,
        "hold_kind": null,
        "merged": null,
        "current_role": "queued",
        "kind": "ship",
        "checked": false,
        "body_lines": [],
        "local_note": null,
        "reported": null,
        "unresolved_blocker_ids": [],
        "blocked_by": null,
        "links": [
          "https://github.com/example/repo/pull/339"
        ],
        "hold_bucket": null,
        "hold_until": null,
        "hold_age_days": null,
        "since": null,
        "title": "Contribution café 338",
        "done": null,
        "hold_reason": null,
        "requires_child_metadata": false,
        "pr_url": "https://github.com/example/repo/pull/339",
        "captain_actionable": false,
        "completion": {
          "date": null,
          "verb": null
        },
        "hold_set": null,
        "repo": "sample",
        "raw": "- [ ] task-0338 - Contribution café 338 https://github.com/example/repo/pull/339 (repo: sample) (kind: ship)",
        "body_excerpt": null,
        "priority": null,
        "state": "queued",
        "id": "task-0338",
        "blocked_by_ids": [],
        "blocked_reason": null,
        "report_path": null
      },
      {
        "id": "task-0339",
        "report_path": null,
        "blocked_reason": null,
        "blocked_by_ids": [],
        "priority": null,
        "state": "queued",
        "raw": "- [ ] task-0339 - Contribution café 339 https://github.com/example/repo/pull/340 (repo: sample) (kind: ship)",
        "body_excerpt": null,
        "repo": "sample",
        "completion": {
          "date": null,
          "verb": null
        },
        "captain_actionable": false,
        "hold_set": null,
        "requires_child_metadata": false,
        "pr_url": "https://github.com/example/repo/pull/340",
        "title": "Contribution café 339",
        "since": null,
        "done": null,
        "hold_reason": null,
        "hold_age_days": null,
        "hold_bucket": null,
        "hold_until": null,
        "links": [
          "https://github.com/example/repo/pull/340"
        ],
        "reported": null,
        "local_note": null,
        "unresolved_blocker_ids": [],
        "blocked_by": null,
        "checked": false,
        "current_role": "queued",
        "kind": "ship",
        "body_lines": [],
        "merged": null,
        "structured": true,
        "order": 340,
        "hold_kind": null
      },
      {
        "title": "Contribution café 340",
        "since": null,
        "done": null,
        "hold_reason": null,
        "repo": "sample",
        "hold_set": null,
        "captain_actionable": false,
        "completion": {
          "verb": null,
          "date": null
        },
        "requires_child_metadata": false,
        "pr_url": "https://github.com/example/repo/pull/341",
        "raw": "- [ ] task-0340 - Contribution café 340 https://github.com/example/repo/pull/341 (repo: sample) (kind: ship)",
        "body_excerpt": null,
        "id": "task-0340",
        "report_path": null,
        "blocked_reason": null,
        "blocked_by_ids": [],
        "priority": null,
        "state": "queued",
        "checked": false,
        "kind": "ship",
        "current_role": "queued",
        "body_lines": [],
        "merged": null,
        "hold_kind": null,
        "order": 341,
        "structured": true,
        "reported": null,
        "local_note": null,
        "blocked_by": null,
        "unresolved_blocker_ids": [],
        "links": [
          "https://github.com/example/repo/pull/341"
        ],
        "hold_age_days": null,
        "hold_bucket": null,
        "hold_until": null
      },
      {
        "hold_age_days": null,
        "hold_until": null,
        "hold_bucket": null,
        "links": [
          "https://github.com/example/repo/pull/342"
        ],
        "unresolved_blocker_ids": [],
        "blocked_by": null,
        "local_note": null,
        "reported": null,
        "body_lines": [],
        "checked": false,
        "current_role": "queued",
        "kind": "ship",
        "merged": null,
        "hold_kind": null,
        "structured": true,
        "order": 342,
        "report_path": null,
        "blocked_reason": null,
        "blocked_by_ids": [],
        "id": "task-0341",
        "state": "queued",
        "priority": null,
        "body_excerpt": null,
        "raw": "- [ ] task-0341 - Contribution café 341 https://github.com/example/repo/pull/342 (repo: sample) (kind: ship)",
        "repo": "sample",
        "hold_set": null,
        "captain_actionable": false,
        "completion": {
          "verb": null,
          "date": null
        },
        "pr_url": "https://github.com/example/repo/pull/342",
        "requires_child_metadata": false,
        "done": null,
        "hold_reason": null,
        "since": null,
        "title": "Contribution café 341"
      },
      {
        "links": [
          "https://github.com/example/repo/pull/343"
        ],
        "hold_age_days": null,
        "hold_until": null,
        "hold_bucket": null,
        "body_lines": [],
        "checked": false,
        "current_role": "queued",
        "kind": "ship",
        "merged": null,
        "structured": true,
        "order": 343,
        "hold_kind": null,
        "blocked_by": null,
        "unresolved_blocker_ids": [],
        "local_note": null,
        "reported": null,
        "body_excerpt": null,
        "raw": "- [ ] task-0342 - Contribution café 342 https://github.com/example/repo/pull/343 (repo: sample) (kind: ship)",
        "report_path": null,
        "blocked_by_ids": [],
        "blocked_reason": null,
        "id": "task-0342",
        "state": "queued",
        "priority": null,
        "hold_reason": null,
        "done": null,
        "since": null,
        "title": "Contribution café 342",
        "repo": "sample",
        "completion": {
          "date": null,
          "verb": null
        },
        "captain_actionable": false,
        "hold_set": null,
        "pr_url": "https://github.com/example/repo/pull/343",
        "requires_child_metadata": false
      },
      {
        "local_note": null,
        "reported": null,
        "unresolved_blocker_ids": [],
        "blocked_by": null,
        "checked": false,
        "kind": "ship",
        "current_role": "queued",
        "body_lines": [],
        "merged": null,
        "order": 344,
        "structured": true,
        "hold_kind": null,
        "hold_age_days": null,
        "hold_bucket": null,
        "hold_until": null,
        "links": [
          "https://github.com/example/repo/pull/344"
        ],
        "repo": "sample",
        "captain_actionable": false,
        "completion": {
          "date": null,
          "verb": null
        },
        "hold_set": null,
        "requires_child_metadata": false,
        "pr_url": "https://github.com/example/repo/pull/344",
        "since": null,
        "title": "Contribution café 343",
        "done": null,
        "hold_reason": null,
        "id": "task-0343",
        "report_path": null,
        "blocked_by_ids": [],
        "blocked_reason": null,
        "priority": null,
        "state": "queued",
        "raw": "- [ ] task-0343 - Contribution café 343 https://github.com/example/repo/pull/344 (repo: sample) (kind: ship)",
        "body_excerpt": null
      },
      {
        "body_lines": [],
        "checked": false,
        "kind": "ship",
        "current_role": "queued",
        "merged": null,
        "hold_kind": null,
        "structured": true,
        "order": 345,
        "unresolved_blocker_ids": [],
        "blocked_by": null,
        "reported": null,
        "local_note": null,
        "links": [
          "https://github.com/example/repo/pull/345"
        ],
        "hold_age_days": null,
        "hold_until": null,
        "hold_bucket": null,
        "done": null,
        "hold_reason": null,
        "title": "Contribution café 344",
        "since": null,
        "repo": "sample",
        "completion": {
          "date": null,
          "verb": null
        },
        "captain_actionable": false,
        "hold_set": null,
        "pr_url": "https://github.com/example/repo/pull/345",
        "requires_child_metadata": false,
        "body_excerpt": null,
        "raw": "- [ ] task-0344 - Contribution café 344 https://github.com/example/repo/pull/345 (repo: sample) (kind: ship)",
        "report_path": null,
        "blocked_by_ids": [],
        "blocked_reason": null,
        "id": "task-0344",
        "state": "queued",
        "priority": null
      },
      {
        "completion": {
          "date": null,
          "verb": null
        },
        "captain_actionable": false,
        "hold_set": null,
        "repo": "sample",
        "requires_child_metadata": false,
        "pr_url": "https://github.com/example/repo/pull/346",
        "title": "Contribution café 345",
        "since": null,
        "done": null,
        "hold_reason": null,
        "id": "task-0345",
        "blocked_reason": null,
        "blocked_by_ids": [],
        "report_path": null,
        "priority": null,
        "state": "queued",
        "raw": "- [ ] task-0345 - Contribution café 345 https://github.com/example/repo/pull/346 (repo: sample) (kind: ship)",
        "body_excerpt": null,
        "reported": null,
        "local_note": null,
        "blocked_by": null,
        "unresolved_blocker_ids": [],
        "current_role": "queued",
        "kind": "ship",
        "checked": false,
        "body_lines": [],
        "structured": true,
        "order": 346,
        "hold_kind": null,
        "merged": null,
        "hold_age_days": null,
        "hold_bucket": null,
        "hold_until": null,
        "links": [
          "https://github.com/example/repo/pull/346"
        ]
      },
      {
        "blocked_reason": null,
        "blocked_by_ids": [],
        "report_path": null,
        "id": "task-0346",
        "state": "queued",
        "priority": null,
        "body_excerpt": null,
        "raw": "- [ ] task-0346 - Contribution café 346 https://github.com/example/repo/pull/347 (repo: sample) (kind: ship)",
        "completion": {
          "verb": null,
          "date": null
        },
        "captain_actionable": false,
        "hold_set": null,
        "repo": "sample",
        "pr_url": "https://github.com/example/repo/pull/347",
        "requires_child_metadata": false,
        "done": null,
        "hold_reason": null,
        "title": "Contribution café 346",
        "since": null,
        "hold_age_days": null,
        "hold_until": null,
        "hold_bucket": null,
        "links": [
          "https://github.com/example/repo/pull/347"
        ],
        "unresolved_blocker_ids": [],
        "blocked_by": null,
        "reported": null,
        "local_note": null,
        "body_lines": [],
        "kind": "ship",
        "current_role": "queued",
        "checked": false,
        "structured": true,
        "order": 347,
        "hold_kind": null,
        "merged": null
      },
      {
        "order": 348,
        "structured": true,
        "hold_kind": null,
        "merged": null,
        "kind": "ship",
        "current_role": "queued",
        "checked": false,
        "body_lines": [],
        "local_note": null,
        "reported": null,
        "unresolved_blocker_ids": [],
        "blocked_by": null,
        "links": [
          "https://github.com/example/repo/pull/348"
        ],
        "hold_bucket": null,
        "hold_until": null,
        "hold_age_days": null,
        "title": "Contribution café 347",
        "since": null,
        "done": null,
        "hold_reason": null,
        "requires_child_metadata": false,
        "pr_url": "https://github.com/example/repo/pull/348",
        "hold_set": null,
        "captain_actionable": false,
        "completion": {
          "date": null,
          "verb": null
        },
        "repo": "sample",
        "raw": "- [ ] task-0347 - Contribution café 347 https://github.com/example/repo/pull/348 (repo: sample) (kind: ship)",
        "body_excerpt": null,
        "priority": null,
        "state": "queued",
        "id": "task-0347",
        "blocked_by_ids": [],
        "blocked_reason": null,
        "report_path": null
      },
      {
        "links": [
          "https://github.com/example/repo/pull/349"
        ],
        "hold_bucket": null,
        "hold_until": null,
        "hold_age_days": null,
        "merged": null,
        "order": 349,
        "structured": true,
        "hold_kind": null,
        "checked": false,
        "kind": "ship",
        "current_role": "queued",
        "body_lines": [],
        "local_note": null,
        "reported": null,
        "unresolved_blocker_ids": [],
        "blocked_by": null,
        "raw": "- [ ] task-0348 - Contribution café 348 https://github.com/example/repo/pull/349 (repo: sample) (kind: ship)",
        "body_excerpt": null,
        "priority": null,
        "state": "queued",
        "id": "task-0348",
        "report_path": null,
        "blocked_by_ids": [],
        "blocked_reason": null,
        "title": "Contribution café 348",
        "since": null,
        "done": null,
        "hold_reason": null,
        "requires_child_metadata": false,
        "pr_url": "https://github.com/example/repo/pull/349",
        "repo": "sample",
        "captain_actionable": false,
        "hold_set": null,
        "completion": {
          "date": null,
          "verb": null
        }
      },
      {
        "id": "task-0349",
        "report_path": null,
        "blocked_reason": null,
        "blocked_by_ids": [],
        "priority": null,
        "state": "queued",
        "raw": "- [ ] task-0349 - Contribution café 349 https://github.com/example/repo/pull/350 (repo: sample) (kind: ship)",
        "body_excerpt": null,
        "repo": "sample",
        "hold_set": null,
        "captain_actionable": false,
        "completion": {
          "date": null,
          "verb": null
        },
        "requires_child_metadata": false,
        "pr_url": "https://github.com/example/repo/pull/350",
        "since": null,
        "title": "Contribution café 349",
        "done": null,
        "hold_reason": null,
        "hold_age_days": null,
        "hold_bucket": null,
        "hold_until": null,
        "links": [
          "https://github.com/example/repo/pull/350"
        ],
        "reported": null,
        "local_note": null,
        "unresolved_blocker_ids": [],
        "blocked_by": null,
        "checked": false,
        "current_role": "queued",
        "kind": "ship",
        "body_lines": [],
        "merged": null,
        "structured": true,
        "hold_kind": null,
        "order": 350
      },
      {
        "state": "queued",
        "priority": null,
        "report_path": null,
        "blocked_reason": null,
        "blocked_by_ids": [],
        "id": "task-0350",
        "body_excerpt": null,
        "raw": "- [ ] task-0350 - Contribution café 350 https://github.com/example/repo/pull/351 (repo: sample) (kind: ship)",
        "pr_url": "https://github.com/example/repo/pull/351",
        "requires_child_metadata": false,
        "repo": "sample",
        "captain_actionable": false,
        "completion": {
          "verb": null,
          "date": null
        },
        "hold_set": null,
        "done": null,
        "hold_reason": null,
        "title": "Contribution café 350",
        "since": null,
        "hold_until": null,
        "hold_bucket": null,
        "hold_age_days": null,
        "links": [
          "https://github.com/example/repo/pull/351"
        ],
        "blocked_by": null,
        "unresolved_blocker_ids": [],
        "reported": null,
        "local_note": null,
        "merged": null,
        "hold_kind": null,
        "structured": true,
        "order": 351,
        "body_lines": [],
        "checked": false,
        "kind": "ship",
        "current_role": "queued"
      },
      {
        "captain_actionable": false,
        "hold_set": null,
        "completion": {
          "date": null,
          "verb": null
        },
        "repo": "sample",
        "requires_child_metadata": false,
        "pr_url": "https://github.com/example/repo/pull/352",
        "since": null,
        "title": "Contribution café 351",
        "done": null,
        "hold_reason": null,
        "id": "task-0351",
        "blocked_reason": null,
        "blocked_by_ids": [],
        "report_path": null,
        "priority": null,
        "state": "queued",
        "raw": "- [ ] task-0351 - Contribution café 351 https://github.com/example/repo/pull/352 (repo: sample) (kind: ship)",
        "body_excerpt": null,
        "reported": null,
        "local_note": null,
        "unresolved_blocker_ids": [],
        "blocked_by": null,
        "kind": "ship",
        "current_role": "queued",
        "checked": false,
        "body_lines": [],
        "order": 352,
        "structured": true,
        "hold_kind": null,
        "merged": null,
        "hold_age_days": null,
        "hold_bucket": null,
        "hold_until": null,
        "links": [
          "https://github.com/example/repo/pull/352"
        ]
      },
      {
        "state": "queued",
        "priority": null,
        "report_path": null,
        "blocked_by_ids": [],
        "blocked_reason": null,
        "id": "task-0352",
        "body_excerpt": null,
        "raw": "- [ ] task-0352 - Contribution café 352 https://github.com/example/repo/pull/353 (repo: sample) (kind: ship)",
        "pr_url": "https://github.com/example/repo/pull/353",
        "requires_child_metadata": false,
        "repo": "sample",
        "captain_actionable": false,
        "completion": {
          "date": null,
          "verb": null
        },
        "hold_set": null,
        "done": null,
        "hold_reason": null,
        "since": null,
        "title": "Contribution café 352",
        "hold_until": null,
        "hold_bucket": null,
        "hold_age_days": null,
        "links": [
          "https://github.com/example/repo/pull/353"
        ],
        "unresolved_blocker_ids": [],
        "blocked_by": null,
        "reported": null,
        "local_note": null,
        "merged": null,
        "order": 353,
        "hold_kind": null,
        "structured": true,
        "body_lines": [],
        "checked": false,
        "kind": "ship",
        "current_role": "queued"
      },
      {
        "body_excerpt": null,
        "raw": "- [ ] task-0353 - Contribution café 353 https://github.com/example/repo/pull/354 (repo: sample) (kind: ship)",
        "blocked_by_ids": [],
        "blocked_reason": null,
        "report_path": null,
        "id": "task-0353",
        "state": "queued",
        "priority": null,
        "hold_reason": null,
        "done": null,
        "since": null,
        "title": "Contribution café 353",
        "completion": {
          "verb": null,
          "date": null
        },
        "captain_actionable": false,
        "hold_set": null,
        "repo": "sample",
        "pr_url": "https://github.com/example/repo/pull/354",
        "requires_child_metadata": false,
        "links": [
          "https://github.com/example/repo/pull/354"
        ],
        "hold_age_days": null,
        "hold_until": null,
        "hold_bucket": null,
        "body_lines": [],
        "kind": "ship",
        "current_role": "queued",
        "checked": false,
        "hold_kind": null,
        "structured": true,
        "order": 354,
        "merged": null,
        "unresolved_blocker_ids": [],
        "blocked_by": null,
        "reported": null,
        "local_note": null
      },
      {
        "blocked_by": null,
        "unresolved_blocker_ids": [],
        "local_note": null,
        "reported": null,
        "merged": null,
        "structured": true,
        "hold_kind": null,
        "order": 355,
        "body_lines": [],
        "checked": false,
        "current_role": "queued",
        "kind": "ship",
        "hold_until": null,
        "hold_bucket": null,
        "hold_age_days": null,
        "links": [
          "https://github.com/example/repo/pull/355"
        ],
        "pr_url": "https://github.com/example/repo/pull/355",
        "requires_child_metadata": false,
        "repo": "sample",
        "captain_actionable": false,
        "hold_set": null,
        "completion": {
          "date": null,
          "verb": null
        },
        "done": null,
        "hold_reason": null,
        "since": null,
        "title": "Contribution café 354",
        "state": "queued",
        "priority": null,
        "report_path": null,
        "blocked_by_ids": [],
        "blocked_reason": null,
        "id": "task-0354",
        "body_excerpt": null,
        "raw": "- [ ] task-0354 - Contribution café 354 https://github.com/example/repo/pull/355 (repo: sample) (kind: ship)"
      },
      {
        "title": "Contribution café 355",
        "since": null,
        "done": null,
        "hold_reason": null,
        "requires_child_metadata": false,
        "pr_url": "https://github.com/example/repo/pull/356",
        "hold_set": null,
        "captain_actionable": false,
        "completion": {
          "date": null,
          "verb": null
        },
        "repo": "sample",
        "raw": "- [ ] task-0355 - Contribution café 355 https://github.com/example/repo/pull/356 (repo: sample) (kind: ship)",
        "body_excerpt": null,
        "priority": null,
        "state": "queued",
        "id": "task-0355",
        "blocked_reason": null,
        "blocked_by_ids": [],
        "report_path": null,
        "structured": true,
        "order": 356,
        "hold_kind": null,
        "merged": null,
        "current_role": "queued",
        "kind": "ship",
        "checked": false,
        "body_lines": [],
        "reported": null,
        "local_note": null,
        "unresolved_blocker_ids": [],
        "blocked_by": null,
        "links": [
          "https://github.com/example/repo/pull/356"
        ],
        "hold_bucket": null,
        "hold_until": null,
        "hold_age_days": null
      },
      {
        "raw": "- [ ] task-0356 - Contribution café 356 https://github.com/example/repo/pull/357 (repo: sample) (kind: ship)",
        "body_excerpt": null,
        "id": "task-0356",
        "report_path": null,
        "blocked_by_ids": [],
        "blocked_reason": null,
        "priority": null,
        "state": "queued",
        "since": null,
        "title": "Contribution café 356",
        "done": null,
        "hold_reason": null,
        "repo": "sample",
        "completion": {
          "date": null,
          "verb": null
        },
        "captain_actionable": false,
        "hold_set": null,
        "requires_child_metadata": false,
        "pr_url": "https://github.com/example/repo/pull/357",
        "links": [
          "https://github.com/example/repo/pull/357"
        ],
        "hold_age_days": null,
        "hold_bucket": null,
        "hold_until": null,
        "checked": false,
        "current_role": "queued",
        "kind": "ship",
        "body_lines": [],
        "merged": null,
        "structured": true,
        "hold_kind": null,
        "order": 357,
        "local_note": null,
        "reported": null,
        "unresolved_blocker_ids": [],
        "blocked_by": null
      },
      {
        "requires_child_metadata": false,
        "pr_url": "https://github.com/example/repo/pull/358",
        "captain_actionable": false,
        "completion": {
          "date": null,
          "verb": null
        },
        "hold_set": null,
        "repo": "sample",
        "title": "Contribution café 357",
        "since": null,
        "done": null,
        "hold_reason": null,
        "priority": null,
        "state": "queued",
        "id": "task-0357",
        "blocked_reason": null,
        "blocked_by_ids": [],
        "report_path": null,
        "raw": "- [ ] task-0357 - Contribution café 357 https://github.com/example/repo/pull/358 (repo: sample) (kind: ship)",
        "body_excerpt": null,
        "reported": null,
        "local_note": null,
        "blocked_by": null,
        "unresolved_blocker_ids": [],
        "order": 358,
        "structured": true,
        "hold_kind": null,
        "merged": null,
        "current_role": "queued",
        "kind": "ship",
        "checked": false,
        "body_lines": [],
        "hold_bucket": null,
        "hold_until": null,
        "hold_age_days": null,
        "links": [
          "https://github.com/example/repo/pull/358"
        ]
      },
      {
        "priority": null,
        "state": "queued",
        "id": "task-0358",
        "blocked_reason": null,
        "blocked_by_ids": [],
        "report_path": null,
        "raw": "- [ ] task-0358 - Contribution café 358 https://github.com/example/repo/pull/359 (repo: sample) (kind: ship)",
        "body_excerpt": null,
        "requires_child_metadata": false,
        "pr_url": "https://github.com/example/repo/pull/359",
        "captain_actionable": false,
        "hold_set": null,
        "completion": {
          "verb": null,
          "date": null
        },
        "repo": "sample",
        "title": "Contribution café 358",
        "since": null,
        "hold_reason": null,
        "done": null,
        "hold_bucket": null,
        "hold_until": null,
        "hold_age_days": null,
        "links": [
          "https://github.com/example/repo/pull/359"
        ],
        "local_note": null,
        "reported": null,
        "unresolved_blocker_ids": [],
        "blocked_by": null,
        "hold_kind": null,
        "structured": true,
        "order": 359,
        "merged": null,
        "current_role": "queued",
        "kind": "ship",
        "checked": false,
        "body_lines": []
      },
      {
        "repo": "sample",
        "captain_actionable": false,
        "completion": {
          "verb": null,
          "date": null
        },
        "hold_set": null,
        "requires_child_metadata": false,
        "pr_url": "https://github.com/example/repo/pull/360",
        "since": null,
        "title": "Contribution café 359",
        "done": null,
        "hold_reason": null,
        "id": "task-0359",
        "report_path": null,
        "blocked_by_ids": [],
        "blocked_reason": null,
        "priority": null,
        "state": "queued",
        "raw": "- [ ] task-0359 - Contribution café 359 https://github.com/example/repo/pull/360 (repo: sample) (kind: ship)",
        "body_excerpt": null,
        "local_note": null,
        "reported": null,
        "blocked_by": null,
        "unresolved_blocker_ids": [],
        "checked": false,
        "current_role": "queued",
        "kind": "ship",
        "body_lines": [],
        "merged": null,
        "hold_kind": null,
        "structured": true,
        "order": 360,
        "hold_age_days": null,
        "hold_bucket": null,
        "hold_until": null,
        "links": [
          "https://github.com/example/repo/pull/360"
        ]
      },
      {
        "links": [
          "https://github.com/example/repo/pull/361"
        ],
        "hold_until": null,
        "hold_bucket": null,
        "hold_age_days": null,
        "structured": true,
        "order": 361,
        "hold_kind": null,
        "merged": null,
        "body_lines": [],
        "kind": "ship",
        "current_role": "queued",
        "checked": false,
        "blocked_by": null,
        "unresolved_blocker_ids": [],
        "local_note": null,
        "reported": null,
        "body_excerpt": null,
        "raw": "- [ ] task-0360 - Contribution café 360 https://github.com/example/repo/pull/361 (repo: sample) (kind: ship)",
        "state": "queued",
        "priority": null,
        "blocked_by_ids": [],
        "blocked_reason": null,
        "report_path": null,
        "id": "task-0360",
        "done": null,
        "hold_reason": null,
        "since": null,
        "title": "Contribution café 360",
        "pr_url": "https://github.com/example/repo/pull/361",
        "requires_child_metadata": false,
        "completion": {
          "verb": null,
          "date": null
        },
        "captain_actionable": false,
        "hold_set": null,
        "repo": "sample"
      },
      {
        "reported": null,
        "local_note": null,
        "unresolved_blocker_ids": [],
        "blocked_by": null,
        "merged": null,
        "hold_kind": null,
        "structured": true,
        "order": 362,
        "checked": false,
        "kind": "ship",
        "current_role": "queued",
        "body_lines": [],
        "hold_bucket": null,
        "hold_until": null,
        "hold_age_days": null,
        "links": [
          "https://github.com/example/repo/pull/362"
        ],
        "requires_child_metadata": false,
        "pr_url": "https://github.com/example/repo/pull/362",
        "repo": "sample",
        "captain_actionable": false,
        "hold_set": null,
        "completion": {
          "date": null,
          "verb": null
        },
        "since": null,
        "title": "Contribution café 361",
        "done": null,
        "hold_reason": null,
        "priority": null,
        "state": "queued",
        "id": "task-0361",
        "report_path": null,
        "blocked_by_ids": [],
        "blocked_reason": null,
        "raw": "- [ ] task-0361 - Contribution café 361 https://github.com/example/repo/pull/362 (repo: sample) (kind: ship)",
        "body_excerpt": null
      },
      {
        "repo": "sample",
        "completion": {
          "date": null,
          "verb": null
        },
        "captain_actionable": false,
        "hold_set": null,
        "pr_url": "https://github.com/example/repo/pull/363",
        "requires_child_metadata": false,
        "done": null,
        "hold_reason": null,
        "title": "Contribution café 362",
        "since": null,
        "report_path": null,
        "blocked_by_ids": [],
        "blocked_reason": null,
        "id": "task-0362",
        "state": "queued",
        "priority": null,
        "body_excerpt": null,
        "raw": "- [ ] task-0362 - Contribution café 362 https://github.com/example/repo/pull/363 (repo: sample) (kind: ship)",
        "blocked_by": null,
        "unresolved_blocker_ids": [],
        "reported": null,
        "local_note": null,
        "body_lines": [],
        "checked": false,
        "current_role": "queued",
        "kind": "ship",
        "merged": null,
        "structured": true,
        "hold_kind": null,
        "order": 363,
        "hold_age_days": null,
        "hold_until": null,
        "hold_bucket": null,
        "links": [
          "https://github.com/example/repo/pull/363"
        ]
      },
      {
        "merged": null,
        "structured": true,
        "order": 364,
        "hold_kind": null,
        "checked": false,
        "current_role": "queued",
        "kind": "ship",
        "body_lines": [],
        "local_note": null,
        "reported": null,
        "unresolved_blocker_ids": [],
        "blocked_by": null,
        "links": [
          "https://github.com/example/repo/pull/364"
        ],
        "hold_bucket": null,
        "hold_until": null,
        "hold_age_days": null,
        "since": null,
        "title": "Contribution café 363",
        "done": null,
        "hold_reason": null,
        "requires_child_metadata": false,
        "pr_url": "https://github.com/example/repo/pull/364",
        "repo": "sample",
        "captain_actionable": false,
        "completion": {
          "date": null,
          "verb": null
        },
        "hold_set": null,
        "raw": "- [ ] task-0363 - Contribution café 363 https://github.com/example/repo/pull/364 (repo: sample) (kind: ship)",
        "body_excerpt": null,
        "priority": null,
        "state": "queued",
        "id": "task-0363",
        "report_path": null,
        "blocked_reason": null,
        "blocked_by_ids": []
      },
      {
        "checked": false,
        "current_role": "queued",
        "kind": "ship",
        "body_lines": [],
        "merged": null,
        "structured": true,
        "hold_kind": null,
        "order": 365,
        "local_note": null,
        "reported": null,
        "blocked_by": null,
        "unresolved_blocker_ids": [],
        "links": [
          "https://github.com/example/repo/pull/365"
        ],
        "hold_age_days": null,
        "hold_bucket": null,
        "hold_until": null,
        "title": "Contribution café 364",
        "since": null,
        "done": null,
        "hold_reason": null,
        "repo": "sample",
        "captain_actionable": false,
        "completion": {
          "date": null,
          "verb": null
        },
        "hold_set": null,
        "requires_child_metadata": false,
        "pr_url": "https://github.com/example/repo/pull/365",
        "raw": "- [ ] task-0364 - Contribution café 364 https://github.com/example/repo/pull/365 (repo: sample) (kind: ship)",
        "body_excerpt": null,
        "id": "task-0364",
        "report_path": null,
        "blocked_by_ids": [],
        "blocked_reason": null,
        "priority": null,
        "state": "queued"
      },
      {
        "order": 366,
        "hold_kind": null,
        "structured": true,
        "merged": null,
        "current_role": "queued",
        "kind": "ship",
        "checked": false,
        "body_lines": [],
        "reported": null,
        "local_note": null,
        "unresolved_blocker_ids": [],
        "blocked_by": null,
        "links": [
          "https://github.com/example/repo/pull/366"
        ],
        "hold_bucket": null,
        "hold_until": null,
        "hold_age_days": null,
        "title": "Contribution café 365",
        "since": null,
        "done": null,
        "hold_reason": null,
        "requires_child_metadata": false,
        "pr_url": "https://github.com/example/repo/pull/366",
        "captain_actionable": false,
        "hold_set": null,
        "completion": {
          "date": null,
          "verb": null
        },
        "repo": "sample",
        "raw": "- [ ] task-0365 - Contribution café 365 https://github.com/example/repo/pull/366 (repo: sample) (kind: ship)",
        "body_excerpt": null,
        "priority": null,
        "state": "queued",
        "id": "task-0365",
        "blocked_reason": null,
        "blocked_by_ids": [],
        "report_path": null
      },
      {
        "pr_url": "https://github.com/example/repo/pull/367",
        "requires_child_metadata": false,
        "repo": "sample",
        "completion": {
          "verb": null,
          "date": null
        },
        "captain_actionable": false,
        "hold_set": null,
        "hold_reason": null,
        "done": null,
        "since": null,
        "title": "Contribution café 366",
        "state": "queued",
        "priority": null,
        "report_path": null,
        "blocked_by_ids": [],
        "blocked_reason": null,
        "id": "task-0366",
        "body_excerpt": null,
        "raw": "- [ ] task-0366 - Contribution café 366 https://github.com/example/repo/pull/367 (repo: sample) (kind: ship)",
        "unresolved_blocker_ids": [],
        "blocked_by": null,
        "local_note": null,
        "reported": null,
        "merged": null,
        "order": 367,
        "structured": true,
        "hold_kind": null,
        "body_lines": [],
        "checked": false,
        "current_role": "queued",
        "kind": "ship",
        "hold_until": null,
        "hold_bucket": null,
        "hold_age_days": null,
        "links": [
          "https://github.com/example/repo/pull/367"
        ]
      },
      {
        "merged": null,
        "order": 368,
        "structured": true,
        "hold_kind": null,
        "body_lines": [],
        "checked": false,
        "current_role": "queued",
        "kind": "ship",
        "blocked_by": null,
        "unresolved_blocker_ids": [],
        "reported": null,
        "local_note": null,
        "links": [
          "https://github.com/example/repo/pull/368"
        ],
        "hold_until": null,
        "hold_bucket": null,
        "hold_age_days": null,
        "done": null,
        "hold_reason": null,
        "title": "Contribution café 367",
        "since": null,
        "pr_url": "https://github.com/example/repo/pull/368",
        "requires_child_metadata": false,
        "repo": "sample",
        "captain_actionable": false,
        "hold_set": null,
        "completion": {
          "verb": null,
          "date": null
        },
        "body_excerpt": null,
        "raw": "- [ ] task-0367 - Contribution café 367 https://github.com/example/repo/pull/368 (repo: sample) (kind: ship)",
        "state": "queued",
        "priority": null,
        "report_path": null,
        "blocked_by_ids": [],
        "blocked_reason": null,
        "id": "task-0367"
      },
      {
        "hold_reason": null,
        "done": null,
        "title": "Contribution café 368",
        "since": null,
        "pr_url": "https://github.com/example/repo/pull/369",
        "requires_child_metadata": false,
        "repo": "sample",
        "captain_actionable": false,
        "completion": {
          "verb": null,
          "date": null
        },
        "hold_set": null,
        "body_excerpt": null,
        "raw": "- [ ] task-0368 - Contribution café 368 https://github.com/example/repo/pull/369 (repo: sample) (kind: ship)",
        "state": "queued",
        "priority": null,
        "report_path": null,
        "blocked_by_ids": [],
        "blocked_reason": null,
        "id": "task-0368",
        "merged": null,
        "order": 369,
        "structured": true,
        "hold_kind": null,
        "body_lines": [],
        "checked": false,
        "current_role": "queued",
        "kind": "ship",
        "unresolved_blocker_ids": [],
        "blocked_by": null,
        "reported": null,
        "local_note": null,
        "links": [
          "https://github.com/example/repo/pull/369"
        ],
        "hold_until": null,
        "hold_bucket": null,
        "hold_age_days": null
      },
      {
        "hold_age_days": null,
        "hold_until": null,
        "hold_bucket": null,
        "links": [
          "https://github.com/example/repo/pull/370"
        ],
        "blocked_by": null,
        "unresolved_blocker_ids": [],
        "local_note": null,
        "reported": null,
        "body_lines": [],
        "checked": false,
        "kind": "ship",
        "current_role": "queued",
        "merged": null,
        "hold_kind": null,
        "structured": true,
        "order": 370,
        "report_path": null,
        "blocked_reason": null,
        "blocked_by_ids": [],
        "id": "task-0369",
        "state": "queued",
        "priority": null,
        "body_excerpt": null,
        "raw": "- [ ] task-0369 - Contribution café 369 https://github.com/example/repo/pull/370 (repo: sample) (kind: ship)",
        "repo": "sample",
        "completion": {
          "date": null,
          "verb": null
        },
        "captain_actionable": false,
        "hold_set": null,
        "pr_url": "https://github.com/example/repo/pull/370",
        "requires_child_metadata": false,
        "done": null,
        "hold_reason": null,
        "title": "Contribution café 369",
        "since": null
      },
      {
        "links": [
          "https://github.com/example/repo/pull/371"
        ],
        "hold_age_days": null,
        "hold_until": null,
        "hold_bucket": null,
        "body_lines": [],
        "checked": false,
        "kind": "ship",
        "current_role": "queued",
        "merged": null,
        "order": 371,
        "structured": true,
        "hold_kind": null,
        "unresolved_blocker_ids": [],
        "blocked_by": null,
        "reported": null,
        "local_note": null,
        "body_excerpt": null,
        "raw": "- [ ] task-0370 - Contribution café 370 https://github.com/example/repo/pull/371 (repo: sample) (kind: ship)",
        "report_path": null,
        "blocked_by_ids": [],
        "blocked_reason": null,
        "id": "task-0370",
        "state": "queued",
        "priority": null,
        "done": null,
        "hold_reason": null,
        "since": null,
        "title": "Contribution café 370",
        "repo": "sample",
        "completion": {
          "verb": null,
          "date": null
        },
        "captain_actionable": false,
        "hold_set": null,
        "pr_url": "https://github.com/example/repo/pull/371",
        "requires_child_metadata": false
      },
      {
        "captain_actionable": false,
        "hold_set": null,
        "completion": {
          "verb": null,
          "date": null
        },
        "repo": "sample",
        "requires_child_metadata": false,
        "pr_url": "https://github.com/example/repo/pull/372",
        "title": "Contribution café 371",
        "since": null,
        "done": null,
        "hold_reason": null,
        "id": "task-0371",
        "blocked_by_ids": [],
        "blocked_reason": null,
        "report_path": null,
        "priority": null,
        "state": "queued",
        "raw": "- [ ] task-0371 - Contribution café 371 https://github.com/example/repo/pull/372 (repo: sample) (kind: ship)",
        "body_excerpt": null,
        "local_note": null,
        "reported": null,
        "unresolved_blocker_ids": [],
        "blocked_by": null,
        "kind": "ship",
        "current_role": "queued",
        "checked": false,
        "body_lines": [],
        "order": 372,
        "structured": true,
        "hold_kind": null,
        "merged": null,
        "hold_age_days": null,
        "hold_bucket": null,
        "hold_until": null,
        "links": [
          "https://github.com/example/repo/pull/372"
        ]
      },
      {
        "done": null,
        "hold_reason": null,
        "title": "Contribution café 372",
        "since": null,
        "pr_url": "https://github.com/example/repo/pull/373",
        "requires_child_metadata": false,
        "repo": "sample",
        "hold_set": null,
        "captain_actionable": false,
        "completion": {
          "verb": null,
          "date": null
        },
        "body_excerpt": null,
        "raw": "- [ ] task-0372 - Contribution café 372 https://github.com/example/repo/pull/373 (repo: sample) (kind: ship)",
        "state": "queued",
        "priority": null,
        "report_path": null,
        "blocked_reason": null,
        "blocked_by_ids": [],
        "id": "task-0372",
        "merged": null,
        "order": 373,
        "structured": true,
        "hold_kind": null,
        "body_lines": [],
        "checked": false,
        "kind": "ship",
        "current_role": "queued",
        "blocked_by": null,
        "unresolved_blocker_ids": [],
        "local_note": null,
        "reported": null,
        "links": [
          "https://github.com/example/repo/pull/373"
        ],
        "hold_until": null,
        "hold_bucket": null,
        "hold_age_days": null
      },
      {
        "priority": null,
        "state": "queued",
        "id": "task-0373",
        "report_path": null,
        "blocked_reason": null,
        "blocked_by_ids": [],
        "raw": "- [ ] task-0373 - Contribution café 373 https://github.com/example/repo/pull/374 (repo: sample) (kind: ship)",
        "body_excerpt": null,
        "requires_child_metadata": false,
        "pr_url": "https://github.com/example/repo/pull/374",
        "repo": "sample",
        "hold_set": null,
        "captain_actionable": false,
        "completion": {
          "verb": null,
          "date": null
        },
        "since": null,
        "title": "Contribution café 373",
        "done": null,
        "hold_reason": null,
        "hold_bucket": null,
        "hold_until": null,
        "hold_age_days": null,
        "links": [
          "https://github.com/example/repo/pull/374"
        ],
        "local_note": null,
        "reported": null,
        "unresolved_blocker_ids": [],
        "blocked_by": null,
        "merged": null,
        "order": 374,
        "structured": true,
        "hold_kind": null,
        "checked": false,
        "current_role": "queued",
        "kind": "ship",
        "body_lines": []
      },
      {
        "body_excerpt": null,
        "raw": "- [ ] task-0374 - Contribution café 374 https://github.com/example/repo/pull/375 (repo: sample) (kind: ship)",
        "state": "queued",
        "priority": null,
        "blocked_reason": null,
        "blocked_by_ids": [],
        "report_path": null,
        "id": "task-0374",
        "done": null,
        "hold_reason": null,
        "since": null,
        "title": "Contribution café 374",
        "pr_url": "https://github.com/example/repo/pull/375",
        "requires_child_metadata": false,
        "completion": {
          "verb": null,
          "date": null
        },
        "captain_actionable": false,
        "hold_set": null,
        "repo": "sample",
        "links": [
          "https://github.com/example/repo/pull/375"
        ],
        "hold_until": null,
        "hold_bucket": null,
        "hold_age_days": null,
        "hold_kind": null,
        "order": 375,
        "structured": true,
        "merged": null,
        "body_lines": [],
        "current_role": "queued",
        "kind": "ship",
        "checked": false,
        "blocked_by": null,
        "unresolved_blocker_ids": [],
        "local_note": null,
        "reported": null
      },
      {
        "blocked_by": null,
        "unresolved_blocker_ids": [],
        "local_note": null,
        "reported": null,
        "body_lines": [],
        "kind": "ship",
        "current_role": "queued",
        "checked": false,
        "hold_kind": null,
        "order": 376,
        "structured": true,
        "merged": null,
        "hold_age_days": null,
        "hold_until": null,
        "hold_bucket": null,
        "links": [
          "https://github.com/example/repo/pull/376"
        ],
        "captain_actionable": false,
        "completion": {
          "date": null,
          "verb": null
        },
        "hold_set": null,
        "repo": "sample",
        "pr_url": "https://github.com/example/repo/pull/376",
        "requires_child_metadata": false,
        "hold_reason": null,
        "done": null,
        "title": "Contribution café 375",
        "since": null,
        "blocked_by_ids": [],
        "blocked_reason": null,
        "report_path": null,
        "id": "task-0375",
        "state": "queued",
        "priority": null,
        "body_excerpt": null,
        "raw": "- [ ] task-0375 - Contribution café 375 https://github.com/example/repo/pull/376 (repo: sample) (kind: ship)"
      },
      {
        "title": "Contribution café 376",
        "since": null,
        "done": null,
        "hold_reason": null,
        "requires_child_metadata": false,
        "pr_url": "https://github.com/example/repo/pull/377",
        "repo": "sample",
        "hold_set": null,
        "captain_actionable": false,
        "completion": {
          "date": null,
          "verb": null
        },
        "raw": "- [ ] task-0376 - Contribution café 376 https://github.com/example/repo/pull/377 (repo: sample) (kind: ship)",
        "body_excerpt": null,
        "priority": null,
        "state": "queued",
        "id": "task-0376",
        "report_path": null,
        "blocked_by_ids": [],
        "blocked_reason": null,
        "merged": null,
        "structured": true,
        "order": 377,
        "hold_kind": null,
        "checked": false,
        "kind": "ship",
        "current_role": "queued",
        "body_lines": [],
        "reported": null,
        "local_note": null,
        "unresolved_blocker_ids": [],
        "blocked_by": null,
        "links": [
          "https://github.com/example/repo/pull/377"
        ],
        "hold_bucket": null,
        "hold_until": null,
        "hold_age_days": null
      },
      {
        "state": "queued",
        "priority": null,
        "blocked_by_ids": [],
        "blocked_reason": null,
        "report_path": null,
        "id": "task-0377",
        "body_excerpt": null,
        "raw": "- [ ] task-0377 - Contribution café 377 https://github.com/example/repo/pull/378 (repo: sample) (kind: ship)",
        "pr_url": "https://github.com/example/repo/pull/378",
        "requires_child_metadata": false,
        "completion": {
          "verb": null,
          "date": null
        },
        "captain_actionable": false,
        "hold_set": null,
        "repo": "sample",
        "hold_reason": null,
        "done": null,
        "title": "Contribution café 377",
        "since": null,
        "hold_until": null,
        "hold_bucket": null,
        "hold_age_days": null,
        "links": [
          "https://github.com/example/repo/pull/378"
        ],
        "blocked_by": null,
        "unresolved_blocker_ids": [],
        "local_note": null,
        "reported": null,
        "order": 378,
        "structured": true,
        "hold_kind": null,
        "merged": null,
        "body_lines": [],
        "kind": "ship",
        "current_role": "queued",
        "checked": false
      },
      {
        "raw": "- [ ] task-0378 - Contribution café 378 https://github.com/example/repo/pull/379 (repo: sample) (kind: ship)",
        "body_excerpt": null,
        "priority": null,
        "state": "queued",
        "id": "task-0378",
        "blocked_reason": null,
        "blocked_by_ids": [],
        "report_path": null,
        "title": "Contribution café 378",
        "since": null,
        "done": null,
        "hold_reason": null,
        "requires_child_metadata": false,
        "pr_url": "https://github.com/example/repo/pull/379",
        "captain_actionable": false,
        "completion": {
          "verb": null,
          "date": null
        },
        "hold_set": null,
        "repo": "sample",
        "links": [
          "https://github.com/example/repo/pull/379"
        ],
        "hold_bucket": null,
        "hold_until": null,
        "hold_age_days": null,
        "order": 379,
        "structured": true,
        "hold_kind": null,
        "merged": null,
        "kind": "ship",
        "current_role": "queued",
        "checked": false,
        "body_lines": [],
        "reported": null,
        "local_note": null,
        "unresolved_blocker_ids": [],
        "blocked_by": null
      },
      {
        "checked": false,
        "kind": "ship",
        "current_role": "queued",
        "body_lines": [],
        "merged": null,
        "order": 380,
        "structured": true,
        "hold_kind": null,
        "reported": null,
        "local_note": null,
        "blocked_by": null,
        "unresolved_blocker_ids": [],
        "links": [
          "https://github.com/example/repo/pull/380"
        ],
        "hold_age_days": null,
        "hold_bucket": null,
        "hold_until": null,
        "since": null,
        "title": "Contribution café 379",
        "done": null,
        "hold_reason": null,
        "repo": "sample",
        "hold_set": null,
        "captain_actionable": false,
        "completion": {
          "date": null,
          "verb": null
        },
        "requires_child_metadata": false,
        "pr_url": "https://github.com/example/repo/pull/380",
        "raw": "- [ ] task-0379 - Contribution café 379 https://github.com/example/repo/pull/380 (repo: sample) (kind: ship)",
        "body_excerpt": null,
        "id": "task-0379",
        "report_path": null,
        "blocked_by_ids": [],
        "blocked_reason": null,
        "priority": null,
        "state": "queued"
      },
      {
        "links": [
          "https://github.com/example/repo/pull/381"
        ],
        "hold_age_days": null,
        "hold_bucket": null,
        "hold_until": null,
        "checked": false,
        "current_role": "queued",
        "kind": "ship",
        "body_lines": [],
        "merged": null,
        "hold_kind": null,
        "structured": true,
        "order": 381,
        "reported": null,
        "local_note": null,
        "blocked_by": null,
        "unresolved_blocker_ids": [],
        "raw": "- [ ] task-0380 - Contribution café 380 https://github.com/example/repo/pull/381 (repo: sample) (kind: ship)",
        "body_excerpt": null,
        "id": "task-0380",
        "report_path": null,
        "blocked_by_ids": [],
        "blocked_reason": null,
        "priority": null,
        "state": "queued",
        "since": null,
        "title": "Contribution café 380",
        "done": null,
        "hold_reason": null,
        "repo": "sample",
        "captain_actionable": false,
        "completion": {
          "verb": null,
          "date": null
        },
        "hold_set": null,
        "requires_child_metadata": false,
        "pr_url": "https://github.com/example/repo/pull/381"
      },
      {
        "title": "Contribution café 381",
        "since": null,
        "done": null,
        "hold_reason": null,
        "repo": "sample",
        "captain_actionable": false,
        "completion": {
          "date": null,
          "verb": null
        },
        "hold_set": null,
        "requires_child_metadata": false,
        "pr_url": "https://github.com/example/repo/pull/382",
        "raw": "- [ ] task-0381 - Contribution café 381 https://github.com/example/repo/pull/382 (repo: sample) (kind: ship)",
        "body_excerpt": null,
        "id": "task-0381",
        "report_path": null,
        "blocked_by_ids": [],
        "blocked_reason": null,
        "priority": null,
        "state": "queued",
        "checked": false,
        "current_role": "queued",
        "kind": "ship",
        "body_lines": [],
        "merged": null,
        "structured": true,
        "order": 382,
        "hold_kind": null,
        "local_note": null,
        "reported": null,
        "unresolved_blocker_ids": [],
        "blocked_by": null,
        "links": [
          "https://github.com/example/repo/pull/382"
        ],
        "hold_age_days": null,
        "hold_bucket": null,
        "hold_until": null
      },
      {
        "reported": null,
        "local_note": null,
        "unresolved_blocker_ids": [],
        "blocked_by": null,
        "hold_kind": null,
        "order": 383,
        "structured": true,
        "merged": null,
        "kind": "ship",
        "current_role": "queued",
        "checked": false,
        "body_lines": [],
        "hold_bucket": null,
        "hold_until": null,
        "hold_age_days": null,
        "links": [
          "https://github.com/example/repo/pull/383"
        ],
        "requires_child_metadata": false,
        "pr_url": "https://github.com/example/repo/pull/383",
        "captain_actionable": false,
        "hold_set": null,
        "completion": {
          "date": null,
          "verb": null
        },
        "repo": "sample",
        "since": null,
        "title": "Contribution café 382",
        "done": null,
        "hold_reason": null,
        "priority": null,
        "state": "queued",
        "id": "task-0382",
        "blocked_reason": null,
        "blocked_by_ids": [],
        "report_path": null,
        "raw": "- [ ] task-0382 - Contribution café 382 https://github.com/example/repo/pull/383 (repo: sample) (kind: ship)",
        "body_excerpt": null
      },
      {
        "done": null,
        "hold_reason": null,
        "since": null,
        "title": "Contribution café 383",
        "repo": "sample",
        "completion": {
          "verb": null,
          "date": null
        },
        "captain_actionable": false,
        "hold_set": null,
        "pr_url": "https://github.com/example/repo/pull/384",
        "requires_child_metadata": false,
        "body_excerpt": null,
        "raw": "- [ ] task-0383 - Contribution café 383 https://github.com/example/repo/pull/384 (repo: sample) (kind: ship)",
        "report_path": null,
        "blocked_by_ids": [],
        "blocked_reason": null,
        "id": "task-0383",
        "state": "queued",
        "priority": null,
        "body_lines": [],
        "checked": false,
        "current_role": "queued",
        "kind": "ship",
        "merged": null,
        "order": 384,
        "structured": true,
        "hold_kind": null,
        "blocked_by": null,
        "unresolved_blocker_ids": [],
        "reported": null,
        "local_note": null,
        "links": [
          "https://github.com/example/repo/pull/384"
        ],
        "hold_age_days": null,
        "hold_until": null,
        "hold_bucket": null
      },
      {
        "reported": null,
        "local_note": null,
        "unresolved_blocker_ids": [],
        "blocked_by": null,
        "merged": null,
        "order": 385,
        "structured": true,
        "hold_kind": null,
        "checked": false,
        "kind": "ship",
        "current_role": "queued",
        "body_lines": [],
        "hold_bucket": null,
        "hold_until": null,
        "hold_age_days": null,
        "links": [
          "https://github.com/example/repo/pull/385"
        ],
        "requires_child_metadata": false,
        "pr_url": "https://github.com/example/repo/pull/385",
        "repo": "sample",
        "captain_actionable": false,
        "hold_set": null,
        "completion": {
          "verb": null,
          "date": null
        },
        "title": "Contribution café 384",
        "since": null,
        "hold_reason": null,
        "done": null,
        "priority": null,
        "state": "queued",
        "id": "task-0384",
        "report_path": null,
        "blocked_by_ids": [],
        "blocked_reason": null,
        "raw": "- [ ] task-0384 - Contribution café 384 https://github.com/example/repo/pull/385 (repo: sample) (kind: ship)",
        "body_excerpt": null
      },
      {
        "hold_age_days": null,
        "hold_until": null,
        "hold_bucket": null,
        "links": [
          "https://github.com/example/repo/pull/386"
        ],
        "unresolved_blocker_ids": [],
        "blocked_by": null,
        "local_note": null,
        "reported": null,
        "body_lines": [],
        "checked": false,
        "kind": "ship",
        "current_role": "queued",
        "merged": null,
        "structured": true,
        "hold_kind": null,
        "order": 386,
        "report_path": null,
        "blocked_reason": null,
        "blocked_by_ids": [],
        "id": "task-0385",
        "state": "queued",
        "priority": null,
        "body_excerpt": null,
        "raw": "- [ ] task-0385 - Contribution café 385 https://github.com/example/repo/pull/386 (repo: sample) (kind: ship)",
        "repo": "sample",
        "captain_actionable": false,
        "hold_set": null,
        "completion": {
          "date": null,
          "verb": null
        },
        "pr_url": "https://github.com/example/repo/pull/386",
        "requires_child_metadata": false,
        "done": null,
        "hold_reason": null,
        "since": null,
        "title": "Contribution café 385"
      },
      {
        "captain_actionable": false,
        "hold_set": null,
        "completion": {
          "date": null,
          "verb": null
        },
        "repo": "sample",
        "requires_child_metadata": false,
        "pr_url": "https://github.com/example/repo/pull/387",
        "since": null,
        "title": "Contribution café 386",
        "hold_reason": null,
        "done": null,
        "id": "task-0386",
        "blocked_by_ids": [],
        "blocked_reason": null,
        "report_path": null,
        "priority": null,
        "state": "queued",
        "raw": "- [ ] task-0386 - Contribution café 386 https://github.com/example/repo/pull/387 (repo: sample) (kind: ship)",
        "body_excerpt": null,
        "local_note": null,
        "reported": null,
        "blocked_by": null,
        "unresolved_blocker_ids": [],
        "current_role": "queued",
        "kind": "ship",
        "checked": false,
        "body_lines": [],
        "order": 387,
        "structured": true,
        "hold_kind": null,
        "merged": null,
        "hold_age_days": null,
        "hold_bucket": null,
        "hold_until": null,
        "links": [
          "https://github.com/example/repo/pull/387"
        ]
      },
      {
        "since": null,
        "title": "Contribution café 387",
        "hold_reason": null,
        "done": null,
        "requires_child_metadata": false,
        "pr_url": "https://github.com/example/repo/pull/388",
        "completion": {
          "verb": null,
          "date": null
        },
        "captain_actionable": false,
        "hold_set": null,
        "repo": "sample",
        "raw": "- [ ] task-0387 - Contribution café 387 https://github.com/example/repo/pull/388 (repo: sample) (kind: ship)",
        "body_excerpt": null,
        "priority": null,
        "state": "queued",
        "id": "task-0387",
        "blocked_reason": null,
        "blocked_by_ids": [],
        "report_path": null,
        "structured": true,
        "order": 388,
        "hold_kind": null,
        "merged": null,
        "current_role": "queued",
        "kind": "ship",
        "checked": false,
        "body_lines": [],
        "local_note": null,
        "reported": null,
        "unresolved_blocker_ids": [],
        "blocked_by": null,
        "links": [
          "https://github.com/example/repo/pull/388"
        ],
        "hold_bucket": null,
        "hold_until": null,
        "hold_age_days": null
      },
      {
        "id": "task-0388",
        "blocked_by_ids": [],
        "blocked_reason": null,
        "report_path": null,
        "priority": null,
        "state": "queued",
        "raw": "- [ ] task-0388 - Contribution café 388 https://github.com/example/repo/pull/389 (repo: sample) (kind: ship)",
        "body_excerpt": null,
        "completion": {
          "verb": null,
          "date": null
        },
        "captain_actionable": false,
        "hold_set": null,
        "repo": "sample",
        "requires_child_metadata": false,
        "pr_url": "https://github.com/example/repo/pull/389",
        "title": "Contribution café 388",
        "since": null,
        "done": null,
        "hold_reason": null,
        "hold_age_days": null,
        "hold_bucket": null,
        "hold_until": null,
        "links": [
          "https://github.com/example/repo/pull/389"
        ],
        "reported": null,
        "local_note": null,
        "unresolved_blocker_ids": [],
        "blocked_by": null,
        "current_role": "queued",
        "kind": "ship",
        "checked": false,
        "body_lines": [],
        "order": 389,
        "structured": true,
        "hold_kind": null,
        "merged": null
      },
      {
        "captain_actionable": false,
        "completion": {
          "date": null,
          "verb": null
        },
        "hold_set": null,
        "repo": "sample",
        "pr_url": "https://github.com/example/repo/pull/390",
        "requires_child_metadata": false,
        "done": null,
        "hold_reason": null,
        "since": null,
        "title": "Contribution café 389",
        "blocked_reason": null,
        "blocked_by_ids": [],
        "report_path": null,
        "id": "task-0389",
        "state": "queued",
        "priority": null,
        "body_excerpt": null,
        "raw": "- [ ] task-0389 - Contribution café 389 https://github.com/example/repo/pull/390 (repo: sample) (kind: ship)",
        "blocked_by": null,
        "unresolved_blocker_ids": [],
        "reported": null,
        "local_note": null,
        "body_lines": [],
        "current_role": "queued",
        "kind": "ship",
        "checked": false,
        "order": 390,
        "hold_kind": null,
        "structured": true,
        "merged": null,
        "hold_age_days": null,
        "hold_until": null,
        "hold_bucket": null,
        "links": [
          "https://github.com/example/repo/pull/390"
        ]
      },
      {
        "merged": null,
        "structured": true,
        "order": 391,
        "hold_kind": null,
        "checked": false,
        "kind": "ship",
        "current_role": "queued",
        "body_lines": [],
        "local_note": null,
        "reported": null,
        "unresolved_blocker_ids": [],
        "blocked_by": null,
        "links": [
          "https://github.com/example/repo/pull/391"
        ],
        "hold_bucket": null,
        "hold_until": null,
        "hold_age_days": null,
        "since": null,
        "title": "Contribution café 390",
        "done": null,
        "hold_reason": null,
        "requires_child_metadata": false,
        "pr_url": "https://github.com/example/repo/pull/391",
        "repo": "sample",
        "hold_set": null,
        "captain_actionable": false,
        "completion": {
          "verb": null,
          "date": null
        },
        "raw": "- [ ] task-0390 - Contribution café 390 https://github.com/example/repo/pull/391 (repo: sample) (kind: ship)",
        "body_excerpt": null,
        "priority": null,
        "state": "queued",
        "id": "task-0390",
        "report_path": null,
        "blocked_by_ids": [],
        "blocked_reason": null
      },
      {
        "id": "task-0391",
        "blocked_reason": null,
        "blocked_by_ids": [],
        "report_path": null,
        "priority": null,
        "state": "queued",
        "raw": "- [ ] task-0391 - Contribution café 391 https://github.com/example/repo/pull/392 (repo: sample) (kind: ship)",
        "body_excerpt": null,
        "hold_set": null,
        "captain_actionable": false,
        "completion": {
          "verb": null,
          "date": null
        },
        "repo": "sample",
        "requires_child_metadata": false,
        "pr_url": "https://github.com/example/repo/pull/392",
        "title": "Contribution café 391",
        "since": null,
        "done": null,
        "hold_reason": null,
        "hold_age_days": null,
        "hold_bucket": null,
        "hold_until": null,
        "links": [
          "https://github.com/example/repo/pull/392"
        ],
        "reported": null,
        "local_note": null,
        "unresolved_blocker_ids": [],
        "blocked_by": null,
        "current_role": "queued",
        "kind": "ship",
        "checked": false,
        "body_lines": [],
        "structured": true,
        "order": 392,
        "hold_kind": null,
        "merged": null
      },
      {
        "links": [
          "https://github.com/example/repo/pull/393"
        ],
        "hold_bucket": null,
        "hold_until": null,
        "hold_age_days": null,
        "merged": null,
        "order": 393,
        "hold_kind": null,
        "structured": true,
        "checked": false,
        "current_role": "queued",
        "kind": "ship",
        "body_lines": [],
        "reported": null,
        "local_note": null,
        "unresolved_blocker_ids": [],
        "blocked_by": null,
        "raw": "- [ ] task-0392 - Contribution café 392 https://github.com/example/repo/pull/393 (repo: sample) (kind: ship)",
        "body_excerpt": null,
        "priority": null,
        "state": "queued",
        "id": "task-0392",
        "report_path": null,
        "blocked_by_ids": [],
        "blocked_reason": null,
        "title": "Contribution café 392",
        "since": null,
        "done": null,
        "hold_reason": null,
        "requires_child_metadata": false,
        "pr_url": "https://github.com/example/repo/pull/393",
        "repo": "sample",
        "hold_set": null,
        "captain_actionable": false,
        "completion": {
          "verb": null,
          "date": null
        }
      },
      {
        "raw": "- [ ] task-0393 - Contribution café 393 https://github.com/example/repo/pull/394 (repo: sample) (kind: ship)",
        "body_excerpt": null,
        "priority": null,
        "state": "queued",
        "id": "task-0393",
        "report_path": null,
        "blocked_by_ids": [],
        "blocked_reason": null,
        "title": "Contribution café 393",
        "since": null,
        "done": null,
        "hold_reason": null,
        "requires_child_metadata": false,
        "pr_url": "https://github.com/example/repo/pull/394",
        "repo": "sample",
        "captain_actionable": false,
        "completion": {
          "verb": null,
          "date": null
        },
        "hold_set": null,
        "links": [
          "https://github.com/example/repo/pull/394"
        ],
        "hold_bucket": null,
        "hold_until": null,
        "hold_age_days": null,
        "merged": null,
        "hold_kind": null,
        "structured": true,
        "order": 394,
        "checked": false,
        "kind": "ship",
        "current_role": "queued",
        "body_lines": [],
        "local_note": null,
        "reported": null,
        "unresolved_blocker_ids": [],
        "blocked_by": null
      },
      {
        "done": null,
        "hold_reason": null,
        "title": "Contribution café 394",
        "since": null,
        "pr_url": "https://github.com/example/repo/pull/395",
        "requires_child_metadata": false,
        "repo": "sample",
        "captain_actionable": false,
        "hold_set": null,
        "completion": {
          "verb": null,
          "date": null
        },
        "body_excerpt": null,
        "raw": "- [ ] task-0394 - Contribution café 394 https://github.com/example/repo/pull/395 (repo: sample) (kind: ship)",
        "state": "queued",
        "priority": null,
        "report_path": null,
        "blocked_by_ids": [],
        "blocked_reason": null,
        "id": "task-0394",
        "merged": null,
        "structured": true,
        "hold_kind": null,
        "order": 395,
        "body_lines": [],
        "checked": false,
        "kind": "ship",
        "current_role": "queued",
        "unresolved_blocker_ids": [],
        "blocked_by": null,
        "reported": null,
        "local_note": null,
        "links": [
          "https://github.com/example/repo/pull/395"
        ],
        "hold_until": null,
        "hold_bucket": null,
        "hold_age_days": null
      },
      {
        "hold_reason": null,
        "done": null,
        "title": "Contribution café 395",
        "since": null,
        "pr_url": "https://github.com/example/repo/pull/396",
        "requires_child_metadata": false,
        "completion": {
          "verb": null,
          "date": null
        },
        "captain_actionable": false,
        "hold_set": null,
        "repo": "sample",
        "body_excerpt": null,
        "raw": "- [ ] task-0395 - Contribution café 395 https://github.com/example/repo/pull/396 (repo: sample) (kind: ship)",
        "state": "queued",
        "priority": null,
        "blocked_by_ids": [],
        "blocked_reason": null,
        "report_path": null,
        "id": "task-0395",
        "order": 396,
        "structured": true,
        "hold_kind": null,
        "merged": null,
        "body_lines": [],
        "kind": "ship",
        "current_role": "queued",
        "checked": false,
        "blocked_by": null,
        "unresolved_blocker_ids": [],
        "local_note": null,
        "reported": null,
        "links": [
          "https://github.com/example/repo/pull/396"
        ],
        "hold_until": null,
        "hold_bucket": null,
        "hold_age_days": null
      },
      {
        "since": null,
        "title": "Contribution café 396",
        "done": null,
        "hold_reason": null,
        "hold_set": null,
        "captain_actionable": false,
        "completion": {
          "verb": null,
          "date": null
        },
        "repo": "sample",
        "requires_child_metadata": false,
        "pr_url": "https://github.com/example/repo/pull/397",
        "raw": "- [ ] task-0396 - Contribution café 396 https://github.com/example/repo/pull/397 (repo: sample) (kind: ship)",
        "body_excerpt": null,
        "id": "task-0396",
        "blocked_by_ids": [],
        "blocked_reason": null,
        "report_path": null,
        "priority": null,
        "state": "queued",
        "current_role": "queued",
        "kind": "ship",
        "checked": false,
        "body_lines": [],
        "hold_kind": null,
        "order": 397,
        "structured": true,
        "merged": null,
        "reported": null,
        "local_note": null,
        "blocked_by": null,
        "unresolved_blocker_ids": [],
        "links": [
          "https://github.com/example/repo/pull/397"
        ],
        "hold_age_days": null,
        "hold_bucket": null,
        "hold_until": null
      },
      {
        "links": [
          "https://github.com/example/repo/pull/398"
        ],
        "hold_age_days": null,
        "hold_until": null,
        "hold_bucket": null,
        "body_lines": [],
        "kind": "ship",
        "current_role": "queued",
        "checked": false,
        "order": 398,
        "structured": true,
        "hold_kind": null,
        "merged": null,
        "blocked_by": null,
        "unresolved_blocker_ids": [],
        "local_note": null,
        "reported": null,
        "body_excerpt": null,
        "raw": "- [ ] task-0397 - Contribution café 397 https://github.com/example/repo/pull/398 (repo: sample) (kind: ship)",
        "blocked_reason": null,
        "blocked_by_ids": [],
        "report_path": null,
        "id": "task-0397",
        "state": "queued",
        "priority": null,
        "done": null,
        "hold_reason": null,
        "title": "Contribution café 397",
        "since": null,
        "captain_actionable": false,
        "hold_set": null,
        "completion": {
          "date": null,
          "verb": null
        },
        "repo": "sample",
        "pr_url": "https://github.com/example/repo/pull/398",
        "requires_child_metadata": false
      },
      {
        "links": [
          "https://github.com/example/repo/pull/399"
        ],
        "hold_bucket": null,
        "hold_until": null,
        "hold_age_days": null,
        "merged": null,
        "structured": true,
        "order": 399,
        "hold_kind": null,
        "checked": false,
        "kind": "ship",
        "current_role": "queued",
        "body_lines": [],
        "reported": null,
        "local_note": null,
        "unresolved_blocker_ids": [],
        "blocked_by": null,
        "raw": "- [ ] task-0398 - Contribution café 398 https://github.com/example/repo/pull/399 (repo: sample) (kind: ship)",
        "body_excerpt": null,
        "priority": null,
        "state": "queued",
        "id": "task-0398",
        "report_path": null,
        "blocked_by_ids": [],
        "blocked_reason": null,
        "title": "Contribution café 398",
        "since": null,
        "done": null,
        "hold_reason": null,
        "requires_child_metadata": false,
        "pr_url": "https://github.com/example/repo/pull/399",
        "repo": "sample",
        "hold_set": null,
        "captain_actionable": false,
        "completion": {
          "date": null,
          "verb": null
        }
      },
      {
        "raw": "- [ ] task-0399 - Contribution café 399 https://github.com/example/repo/pull/400 (repo: sample) (kind: ship)",
        "body_excerpt": null,
        "priority": null,
        "state": "queued",
        "id": "task-0399",
        "blocked_reason": null,
        "blocked_by_ids": [],
        "report_path": null,
        "since": null,
        "title": "Contribution café 399",
        "done": null,
        "hold_reason": null,
        "requires_child_metadata": false,
        "pr_url": "https://github.com/example/repo/pull/400",
        "completion": {
          "date": null,
          "verb": null
        },
        "captain_actionable": false,
        "hold_set": null,
        "repo": "sample",
        "links": [
          "https://github.com/example/repo/pull/400"
        ],
        "hold_bucket": null,
        "hold_until": null,
        "hold_age_days": null,
        "order": 400,
        "structured": true,
        "hold_kind": null,
        "merged": null,
        "current_role": "queued",
        "kind": "ship",
        "checked": false,
        "body_lines": [],
        "reported": null,
        "local_note": null,
        "blocked_by": null,
        "unresolved_blocker_ids": []
      }
    ]
  },
  "tasks": [
    {
      "id": "sample",
      "kind": "ship",
      "pr": {
        "url": "https://github.com/example/repo/pull/1",
        "head": "abc123"
      },
      "merge_authority": "attended"
    }
  ]
}
